gps_ping_id,vehicle_id,timestamp,latitude,longitude,speed_kmph,heading_deg,ignition_status,fuel_level_pct
GPS0000488,VEH0009,2026-04-27 23:11:00,7.49354,-94.206206,67.8,68,ON,19.3
GPS0000813,VEH0004,2026-07-18 12:22:00,78.370649,-58.632385,76.0,181,ON,50.0
GPS0000587,VEH0041,2026-03-31 15:16:00,18.558623,-90.955409,21.5,329,ON,54.1
GPS0001780,VEH0047,2026-03-13 07:46:00,-66.026106,30.213522,64.9,176,ON,74.4
GPS0000750,VEH0027,2026-07-13 16:19:00,82.768127,148.403874,74.9,104,ON,39.5
GPS0001078,VEH0049,2026-03-31 18:18:00,84.394897,-88.970564,99.3,298,OFF,24.6
GPS0000298,VEH0041,2026-03-23 20:08:00,48.395325,29.771469,38.7,20,ON,34.5
GPS0000773,VEH0022,2026-02-13 15:57:00,36.513967,146.018285,74.5,50,OFF,29.5
GPS0001737,VEH0043,2026-05-11 12:02:00,-22.581204,-55.922454,63.3,251,OFF,56.8
GPS0001027,VEH0050,2026-03-07 11:06:00,72.044655,131.356602,88.4,284,OFF,32.9
GPS0000969,VEH0049,2026-06-21 10:05:00,85.5105,-11.057762,112.2,167,OFF,93.7
GPS0000007,VEH0031,2026-01-30 22:21:00,24.900271,-39.474348,58.1,272,ON,64.9
GPS0000108,VEH0027,2026-06-20 11:11:00,61.200306,-127.991521,46.2,72,ON,83.4
GPS0000867,VEH0039,2026-07-15 16:43:00,-2.369773,107.794191,76.1,255,ON,41.6
GPS0000481,VEH0008,2026-04-15 20:22:00,46.756056,-122.34497,111.7,212,OFF,47.6
GPS0001402,VEH0050,2026-07-13 17:19:00,59.324799,-32.307081,88.2,12,ON,95.4
GPS0001295,VEH0040,2026-03-31 12:43:00,-67.84845,0.127076,110.2,356,ON,7.6
GPS0001612,VEH0028,2026-01-12 03:04:00,25.091257,132.994418,95.7,286,OFF,7.4
GPS0000051,VEH0039,2026-01-17 08:47:00,36.543777,161.85245,6.1,329,ON,45.6
GPS0000561,VEH0046,2026-02-04 13:17:00,21.386476,-87.036376,24.1,312,ON,12.4
GPS0001113,VEH0006,2026-01-23 12:43:00,-21.985445,-73.518966,1.9,127,OFF,97.3
GPS0000928,VEH0038,2026-04-05 05:06:00,70.094951,102.401405,110.8,107,OFF,53.2
GPS0002402,VEH0010,2026-03-11 19:53:00,-74.223248,-107.225313,38.5,288,ON,35.6
GPS0002108,VEH0036,2026-06-03 19:22:00,69.242072,-95.874958,78.7,321,OFF,95.5
GPS0000229,VEH0010,2026-02-05 12:27:00,-14.882561,32.488101,3.8,146,ON,50.4
GPS0001381,VEH0015,2026-01-26 09:09:00,77.685553,176.19791,69.1,307,OFF,80.4
GPS0000322,VEH0024,2026-03-19 20:30:00,-71.305532,25.606197,54.8,120,OFF,31.1
GPS0000005,VEH0022,2026-06-05 21:03:00,106.191651,-45.776783,81.3,330,ON,52.2
GPS0001543,VEH0009,2026-03-07 21:22:00,-39.7652,-69.221634,74.8,26,OFF,59.1
GPS0000995,VEH0027,2026-01-21 22:36:00,32.143113,-40.883278,114.9,28,ON,68.7
GPS0000288,VEH0030,2026-07-04 00:26:00,25.780465,19.601011,94.7,314,OFF,73.2
GPS0000307,VEH0048,2026-01-18 15:53:00,-37.208124,-115.34225,89.9,190,ON,25.3
GPS0002106,VEH0007,2026-02-06 04:17:00,-73.335086,-64.823223,13.0,168,OFF,25.3
GPS0001931,VEH0016,2026-04-02 00:39:00,-19.320635,49.145755,63.7,102,ON,84.9
GPS0002454,VEH0003,2026-01-02 16:07:00,-60.396307,-63.56391,90.5,206,OFF,81.8
GPS0001729,VEH0031,2026-04-19 07:48:00,21.07321,-178.411703,79.8,342,ON,36.3
GPS0001232,VEH0020,2026-01-02 11:51:00,14.539679,42.605228,96.8,261,OFF,39.4
GPS0001560,VEH0054,2026-01-29 01:50:00,23.217513,-58.073599,106.0,20,OFF,92.5
GPS0000640,VEH0011,2026-04-18 06:16:00,50.49861,10.891711,60.1,188,ON,43.7
GPS0002116,VEH0052,2026-01-11 14:09:00,23.637029,-23.096318,102.9,153,ON,24.4
GPS0001085,VEH0003,2026-02-16 01:06:00,-17.060269,-164.982417,22.2,28,OFF,59.7
GPS0000082,VEH0027,2026-03-05 11:21:00,71.33162,-122.346063,84.6,333,OFF,24.5
GPS0001809,VEH0006,2026-01-27 15:42:00,-20.732671,-151.281957,76.8,133,ON,10.5
GPS0000661,VEH0043,2026-06-30 14:06:00,173.228854,-50.050723,93.1,224,ON,86.2
GPS0000860,VEH0054,2026-03-08 08:46:00,-15.978183,156.711267,70.0,311,ON,44.5
GPS0002342,VEH0055,2026-02-05 10:31:00,95.03296,137.433905,2.3,51,OFF,53.9
GPS0000178,VEH0053,2026-06-15 19:12:00,-7.225879,33.362816,7.1,105,ON,91.7
GPS0000768,VEH0044,2026-06-05 04:18:00,-57.099525,99.978168,54.3,15,OFF,72.3
GPS0000676,VEH0031,2026-06-24 03:58:00,-45.906524,-19.416706,23.0,338,ON,25.4
GPS0001833,VEH0017,2026-05-03 20:19:00,-57.101661,-127.678728,99.3,338,OFF,51.8
GPS0001961,VEH0048,2026-01-22 06:27:00,67.296881,46.111284,86.4,185,OFF,7.6
GPS0000726,VEH0004,2026-02-02 23:46:00,-59.459294,-31.530307,26.6,222,ON,90.2
GPS0001914,VEH0004,2026-05-15 02:34:00,27.14564,150.482428,20.3,229,OFF,78.3
GPS0002077,VEH0039,2026-07-14 02:57:00,24.012737,19.101165,46.0,35,ON,27.0
GPS0001449,VEH0040,2026-07-16 09:41:00,40.793091,112.48332,11.5,308,ON,55.9
GPS0000643,VEH0048,2026-06-02 23:05:00,-61.534465,24.392804,42.2,214,OFF,14.9
GPS0000439,VEH0055,2026-05-22 22:04:00,84.257338,-38.627268,20.9,146,OFF,35.1
GPS0001597,VEH0001,2026-02-11 16:49:00,79.558953,52.419439,30.7,278,OFF,94.3
GPS0001495,VEH0042,2026-06-15 16:32:00,-64.003654,-22.821898,104.2,255,OFF,50.9
GPS0002009,VEH0004,2026-04-10 19:28:00,22.412535,-85.672244,98.8,38,ON,99.7
GPS0001370,VEH0001,2026-07-15 14:36:00,-43.628982,154.158278,24.1,203,OFF,31.1
GPS0002419,VEH0025,2026-03-20 02:42:00,22.329288,73.819566,53.7,63,ON,88.1
GPS0001988,VEH0016,2026-04-19 03:12:00,-80.492006,-152.26267,77.5,289,ON,54.3
GPS0002159,VEH0054,2026-01-05 17:11:00,64.60765,27.13664,67.9,45,OFF,73.6
GPS0000749,VEH0056,2026-05-17 22:59:00,88.558927,-115.791944,100.3,22,ON,33.9
GPS0000103,VEH0003,2026-01-08 00:28:00,13.083522,58.991,95.0,119,ON,13.2
GPS0001604,VEH0045,2026-04-18 13:35:00,2.103613,-10.850795,18.1,226,OFF,91.4
GPS0000701,VEH0020,2026-02-12 05:23:00,-10.956893,52.479083,115.5,333,OFF,6.0
GPS0001766,VEH0051,2026-01-10 06:16:00,45.699229,137.990726,54.4,312,OFF,57.3
GPS0001615,VEH0021,2026-02-18 15:40:00,-17.884486,145.516253,13.0,190,OFF,49.4
GPS0000921,VEH0049,2026-04-07 03:38:00,-50.118244,-118.995949,66.4,334,OFF,80.8
GPS0000709,VEH0046,2026-05-07 01:15:00,53.563836,-105.646388,6.1,172,OFF,38.2
GPS0002341,VEH0012,2026-04-01 11:05:00,59.975249,65.048585,66.1,56,OFF,50.7
GPS0000286,VEH0023,2026-03-19 21:23:00,64.110284,-157.286671,106.0,45,ON,65.3
GPS0000837,VEH0023,2026-07-17 22:23:00,85.674074,-130.212865,15.9,225,ON,47.1
GPS0000714,VEH0031,2026-05-24 18:57:00,-15.008103,-178.272573,43.2,297,OFF,83.5
GPS0001894,VEH0026,2026-05-22 23:10:00,-5.443254,-50.774443,61.4,109,ON,17.0
GPS0001672,VEH0023,2026-06-08 08:39:00,0.690949,165.019346,104.6,298,ON,12.6
GPS0001946,VEH0058,2026-06-06 03:12:00,64.707035,-101.949308,94.1,275,ON,95.0
GPS0001691,VEH0049,2026-01-28 05:15:00,-18.700903,-71.941205,77.7,114,OFF,86.5
GPS0000303,VEH0035,2026-07-14 13:00:00,-66.873456,-55.634858,108.7,200,ON,45.8
GPS0001917,VEH0051,2026-04-08 11:45:00,-62.945562,-67.515759,46.6,81,ON,30.2
GPS0001490,VEH0012,2026-05-19 00:30:00,74.205012,122.376261,112.2,220,OFF,44.8
GPS0001920,VEH0005,2026-03-15 05:50:00,-86.671928,-168.376259,57.6,186,OFF,71.5
GPS0000606,VEH0023,2026-05-18 16:48:00,-7.447091,154.496615,19.8,75,ON,62.7
GPS0002334,VEH0055,2026-04-10 14:49:00,29.381889,-10.306869,64.6,226,OFF,0.9
GPS0000918,VEH0019,2026-05-20 21:06:00,35.760918,-87.42851,82.9,203,OFF,49.9
GPS0001168,VEH0011,2026-04-23 11:31:00,-23.7213,105.052382,68.5,106,OFF,26.8
GPS0001844,VEH0025,2026-05-02 08:41:00,30.134645,-48.092339,13.8,244,OFF,97.9
GPS0000570,VEH0006,2026-01-08 00:10:00,128.043219,-126.700171,26.9,91,OFF,8.2
GPS0001823,VEH0037,2026-04-16 23:50:00,-89.395886,91.363257,89.6,112,OFF,1.9
GPS0000935,VEH0028,2026-03-28 15:27:00,33.754958,136.988318,45.1,104,OFF,62.0
GPS0001451,VEH0058,2026-06-25 08:38:00,19.48085,-95.085012,117.5,22,OFF,52.7
GPS0001205,VEH0042,2026-07-12 12:28:00,54.699348,-11.90681,62.0,35,OFF,93.6
GPS0000204,VEH0020,2026-01-18 08:50:00,65.874226,-21.466034,56.4,289,ON,18.2
GPS0000196,VEH0030,2026-04-23 15:34:00,-30.426775,153.182459,116.5,285,OFF,40.8
GPS0001291,VEH0051,2026-01-23 19:53:00,-5.705184,-41.71766,77.6,310,OFF,88.8
GPS0000560,VEH0054,2026-04-16 18:40:00,15.007283,-33.463213,15.2,33,OFF,72.4
GPS0000206,VEH0038,2026-07-18 04:01:00,-64.081768,-110.059888,17.5,53,ON,19.3
GPS0001808,VEH0005,2026-02-03 16:34:00,73.617111,83.1296,44.4,133,ON,28.6
GPS0000293,VEH0049,2026-01-29 08:47:00,-87.392373,-126.472145,53.0,259,OFF,99.2
GPS0002152,VEH0002,2026-03-26 19:34:00,77.771636,-40.403374,41.2,94,OFF,46.5
GPS0002275,VEH0024,2026-02-23 09:57:00,26.557856,-66.691368,69.9,158,ON,32.4
GPS0000983,VEH0008,2026-07-10 18:26:00,-4.734163,33.321145,95.6,255,OFF,58.1
GPS0000878,VEH0018,2026-06-16 21:28:00,-26.280606,-11.834487,15.7,269,ON,93.4
GPS0000066,VEH0028,2026-06-19 17:23:00,2.614825,-20.047128,84.8,305,OFF,39.7
GPS0002176,VEH0016,2026-04-04 07:12:00,25.444861,-14.17676,100.2,267,ON,62.9
GPS0000651,VEH0011,2026-07-15 01:32:00,-25.163603,-167.81724,7.3,52,ON,55.7
GPS0001417,VEH0022,2026-07-09 09:30:00,50.718284,-127.914224,78.5,282,OFF,31.8
GPS0001681,VEH0036,2026-05-04 11:15:00,22.19995,0.182533,69.5,95,OFF,2.7
GPS0001467,VEH0038,2026-07-08 21:52:00,77.271291,177.932353,14.0,151,OFF,10.2
GPS0002263,VEH0011,2026-02-28 01:49:00,-49.217659,131.039163,85.9,186,ON,7.9
GPS0001587,VEH0010,2026-03-04 11:11:00,4.527466,-81.258961,112.7,182,ON,4.5
GPS0001308,VEH0018,2026-06-30 17:58:00,76.945684,41.585408,118.7,58,OFF,99.7
GPS0000779,VEH0037,2026-03-04 16:50:00,-85.163175,172.32144,118.8,178,ON,95.8
GPS0001202,VEH0037,2026-05-08 11:17:00,30.75692,7.982324,53.2,310,ON,77.6
GPS0000541,VEH0005,2026-05-31 20:03:00,41.158577,-40.719786,4.1,216,OFF,58.7
GPS0001557,VEH0010,2026-06-11 04:08:00,24.887599,176.840888,103.7,133,OFF,30.9
GPS0001249,VEH0050,2026-04-02 15:07:00,37.924548,82.632169,45.5,23,OFF,58.1
GPS0001364,VEH0047,2026-03-24 07:08:00,55.070504,108.517009,53.9,247,OFF,91.9
GPS0000976,VEH0034,2026-06-20 07:04:00,23.003169,-132.857933,66.0,341,OFF,22.6
GPS0001231,VEH0020,2026-03-13 11:12:00,-43.895211,67.287241,38.5,289,ON,19.2
GPS0001627,VEH0017,2026-06-08 17:06:00,70.526575,81.472547,109.0,299,OFF,51.6
GPS0000534,VEH0032,2026-05-30 11:39:00,-50.115137,-85.850462,19.9,290,ON,18.8
GPS0001428,VEH0005,2026-04-04 05:28:00,-37.055085,-148.784969,0.0,196,ON,68.5
GPS0001570,VEH0030,2026-04-17 00:28:00,-14.072628,170.558073,92.0,31,ON,61.4
GPS0001386,VEH0011,2026-05-09 23:55:00,-86.771616,90.878086,99.1,128,OFF,65.9
GPS0001981,VEH0042,2026-03-26 20:29:00,-59.520222,-138.446115,103.7,263,OFF,62.3
GPS0000894,VEH0049,2026-04-14 11:11:00,4.850087,-84.031448,26.6,57,OFF,24.0
GPS0000368,VEH0045,2026-05-05 00:03:00,17.634397,102.27771,114.5,151,ON,3.9
GPS0000919,VEH0009,2026-05-17 10:51:00,-61.649111,-146.097835,12.2,166,OFF,74.7
GPS0001579,VEH0012,2026-05-18 05:29:00,62.336087,81.162451,16.2,147,OFF,35.7
GPS0000846,VEH0038,2026-05-19 19:38:00,-15.532109,177.892842,85.5,128,ON,17.8
GPS0001642,VEH0058,2026-05-31 20:55:00,1.394468,94.116078,21.6,256,OFF,99.7
GPS0001477,VEH0054,2026-03-14 09:30:00,-59.729366,41.95149,69.2,105,OFF,52.4
GPS0001375,VEH0058,2026-04-06 03:15:00,50.75766,-8.355188,82.9,209,OFF,54.9
GPS0001995,VEH0060,2026-03-13 23:38:00,6.575524,114.281174,113.5,282,OFF,13.7
GPS0000675,VEH0040,2026-03-19 01:13:00,34.23298,-163.24313,103.1,220,ON,54.3
GPS0001133,VEH0051,2026-03-21 08:34:00,62.706348,-30.172844,10.9,119,ON,19.4
GPS0000599,VEH0024,2026-01-26 19:06:00,84.953481,32.872662,105.9,284,ON,11.6
GPS0002037,VEH0052,2026-01-14 08:17:00,39.741375,-118.208488,41.1,52,OFF,80.0
GPS0002218,VEH0024,2026-07-10 02:34:00,6.960465,21.064395,85.6,294,OFF,29.9
GPS0001238,VEH0036,2026-02-19 08:15:00,27.760499,-179.487347,59.2,30,ON,34.5
GPS0002045,VEH0040,2026-05-09 06:17:00,46.109718,-146.62416,31.6,311,OFF,80.5
GPS0001516,VEH0039,2026-02-18 09:17:00,60.593089,-164.176218,39.6,186,ON,40.3
GPS0001355,VEH0017,2026-01-24 16:40:00,82.53925,81.13764,58.4,148,OFF,54.1
GPS0001143,VEH0041,2026-03-26 20:59:00,-78.400688,-137.134522,60.1,338,ON,85.6
GPS0000315,VEH0030,2026-02-25 09:05:00,53.782184,5.482748,13.9,79,ON,82.7
GPS0001130,VEH0053,2026-04-09 12:36:00,-0.292249,149.038892,62.4,125,OFF,53.9
GPS0001866,VEH0033,2026-07-08 12:33:00,73.949609,-84.000258,112.8,255,ON,24.9
GPS0002440,VEH0009,2026-03-20 18:34:00,-57.137687,-48.271912,1.0,190,ON,25.1
GPS0002141,VEH0023,2026-04-19 02:41:00,79.532776,91.349394,110.2,113,ON,78.9
GPS0000276,VEH0010,2026-07-08 02:21:00,-57.453877,137.765309,34.4,317,OFF,95.6
GPS0000944,VEH0044,2026-03-30 10:14:00,53.100326,-178.913765,54.9,300,ON,56.7
GPS0001141,VEH0060,2026-07-10 10:26:00,49.16345,2.518326,80.4,303,ON,21.4
GPS0002123,VEH0034,2026-05-26 03:06:00,-34.829514,7.176088,50.5,176,OFF,17.9
GPS0002384,VEH0001,2026-01-12 04:36:00,-18.88987,68.840506,47.3,311,ON,93.5
GPS0001743,VEH0025,2026-05-29 10:07:00,-8.002481,-113.156889,,171,ON,63.3
GPS0002344,VEH0015,2026-03-08 02:06:00,-42.595254,-68.491235,30.1,95,OFF,22.9
GPS0000786,VEH0051,2026-05-24 00:53:00,-67.560857,69.978261,68.3,43,ON,3.9
GPS0000172,VEH0015,2026-03-11 19:09:00,21.757968,-135.383517,94.1,119,OFF,34.8
GPS0000404,VEH0021,2026-01-28 01:31:00,0.891875,-46.823383,99.3,101,ON,96.1
GPS0000109,VEH0047,2026-01-09 19:29:00,-16.918827,-137.39007,74.5,270,ON,82.9
GPS0000886,VEH0053,2026-01-20 00:33:00,163.558511,-110.337461,18.6,80,ON,26.7
GPS0002301,VEH0011,2026-03-28 22:24:00,-75.177262,-146.279687,73.9,329,OFF,96.4
GPS0000018,VEH0023,2026-07-06 19:54:00,-43.109655,29.809933,119.1,87,OFF,54.8
GPS0000821,VEH0027,2026-01-29 03:27:00,65.529753,-0.869443,59.2,192,OFF,96.5
GPS0002043,VEH0047,2026-06-28 23:19:00,33.770263,28.44287,19.2,32,ON,21.9
GPS0000138,VEH0045,2026-03-29 17:30:00,66.017746,151.671953,61.7,129,OFF,22.3
GPS0000556,VEH0051,2026-07-15 09:19:00,-74.507192,165.823068,43.6,341,OFF,53.0
GPS0001371,VEH0030,2026-07-03 04:59:00,81.596396,-97.28292,57.3,209,OFF,71.4
GPS0002377,VEH0060,2026-01-24 12:54:00,-47.235594,-149.905553,84.4,70,OFF,59.0
GPS0001272,VEH0053,2026-04-21 05:17:00,-38.17812,26.520353,10.2,358,ON,18.7
GPS0001397,VEH0027,2026-05-08 00:40:00,82.839939,-97.572285,70.8,180,ON,14.3
GPS0000305,VEH0058,2026-02-22 21:05:00,-0.259499,140.011394,95.1,55,ON,88.2
GPS0002184,VEH0035,2026-04-26 04:07:00,-36.216675,29.061841,0.1,39,ON,29.5
GPS0001991,VEH0040,2026-07-11 12:06:00,22.137959,-119.428942,38.2,144,ON,41.5
GPS0001683,VEH0051,2026-02-12 05:00:00,-41.164445,-105.725447,105.2,18,OFF,25.5
GPS0002352,VEH0024,2026-04-08 08:49:00,86.175148,-114.269238,118.4,5,OFF,69.1
GPS0000789,VEH0007,2026-05-03 12:26:00,-40.182287,-15.581996,64.1,166,OFF,8.0
GPS0000791,VEH0013,2026-01-04 17:55:00,54.227407,140.653773,104.3,245,ON,29.4
GPS0000746,VEH0043,2026-03-18 04:58:00,59.881413,-84.994428,49.7,143,OFF,79.8
GPS0001661,VEH0033,2026-06-21 13:16:00,-73.639416,-45.711534,34.7,221,OFF,78.4
GPS0001293,VEH0046,2026-03-26 15:07:00,-28.088373,-55.209209,116.3,62,OFF,86.3
GPS0001968,VEH0011,2026-06-16 19:59:00,-43.392222,-149.496595,98.5,41,OFF,30.7
GPS0000645,VEH0038,2026-06-14 10:11:00,65.679499,-21.403619,9.0,229,ON,63.7
GPS0001504,VEH0056,2026-01-25 20:41:00,50.506117,-20.39474,82.1,44,ON,19.1
GPS0000706,VEH0002,2026-02-04 16:30:00,-69.933393,151.287951,33.4,229,ON,14.2
GPS0002460,VEH0052,2026-05-17 13:57:00,-60.28597,-20.258396,87.7,314,ON,33.4
GPS0001074,VEH0033,2026-06-27 13:30:00,87.893841,110.150402,105.5,52,ON,35.1
GPS0001564,VEH0034,2026-02-06 21:55:00,80.190381,29.882834,24.0,233,OFF,88.9
GPS0002185,VEH0001,2026-07-09 19:58:00,9.251765,118.684581,52.0,41,ON,96.8
GPS0000121,VEH0008,2026-04-28 08:09:00,72.074189,151.943157,80.2,88,ON,29.5
GPS0000189,VEH0036,2026-01-04 12:37:00,40.637338,143.322745,74.8,172,ON,37.6
GPS0002161,VEH0034,2026-05-02 09:45:00,79.498177,-27.570685,82.9,89,ON,98.2
GPS0001510,VEH0015,2026-06-10 00:51:00,84.453259,128.167709,101.6,243,OFF,30.1
GPS0001010,VEH0058,2026-05-12 13:43:00,-1.096074,2.379724,82.3,109,ON,56.5
GPS0001437,VEH0012,2026-04-26 18:18:00,-49.16085,55.819792,45.5,69,ON,5.5
GPS0002039,VEH0058,2026-02-16 23:48:00,2.623827,-111.66145,52.8,301,OFF,87.5
GPS0000994,VEH0043,2026-02-06 06:15:00,-13.758811,-94.090673,111.4,216,OFF,90.8
GPS0002120,VEH0040,2026-02-25 12:27:00,29.823077,-115.87467,45.0,135,OFF,23.2
GPS0000281,VEH0004,2026-02-18 00:26:00,-49.222925,68.662294,4.9,193,ON,15.9
GPS0000487,VEH0039,2026-03-04 11:42:00,47.333676,101.033185,34.5,24,OFF,0.2
GPS0001404,VEH0023,2026-06-15 02:24:00,31.196426,170.709811,43.9,344,OFF,15.6
GPS0002040,VEH0031,2026-01-14 23:03:00,20.720564,23.882522,47.7,176,OFF,63.4
GPS0001699,VEH0036,2026-07-13 02:37:00,11.091623,-119.873192,59.0,108,OFF,38.4
GPS0001515,VEH0014,2026-04-26 17:16:00,34.484989,53.389522,106.7,110,OFF,96.6
GPS0001945,VEH0056,2026-03-01 08:54:00,82.712437,127.660925,102.5,229,OFF,41.7
GPS0001366,VEH0043,2026-01-05 03:18:00,-42.44972,-125.547183,7.1,9,ON,33.9
GPS0000440,VEH0047,2026-05-11 00:31:00,-59.399123,82.828938,60.4,149,ON,17.8
GPS0002335,VEH0051,2026-05-11 23:55:00,-40.638686,2.613953,19.7,278,ON,62.4
GPS0002479,VEH0002,2026-03-17 23:14:00,55.157993,112.87516,38.8,287,OFF,44.6
GPS0001673,VEH0009,2026-01-01 17:46:00,79.832447,63.823616,100.7,232,OFF,79.3
GPS0001609,VEH0035,2026-07-15 19:45:00,9.72244,-60.149075,102.2,58,OFF,41.5
GPS0000784,VEH0014,2026-07-01 23:29:00,-49.082451,-131.568714,47.4,121,ON,11.7
GPS0002323,VEH0034,2026-04-23 03:28:00,-32.847447,-79.608702,65.8,321,OFF,66.9
GPS0000814,VEH0034,2026-01-09 04:59:00,-50.368839,-157.626161,59.5,304,OFF,95.8
GPS0000694,VEH0060,2026-06-09 13:01:00,-44.469385,-167.217047,41.2,239,ON,12.4
GPS0000545,VEH0033,2026-03-26 14:03:00,-80.798086,47.017078,2.2,317,ON,8.4
GPS0000764,VEH0032,2026-05-03 10:11:00,-64.766103,-179.550887,75.0,238,OFF,24.1
GPS0000120,VEH0021,2026-03-22 16:37:00,-65.800397,114.936928,62.3,161,OFF,35.1
GPS0001110,VEH0032,2026-06-12 21:59:00,-53.227908,67.486332,79.6,81,OFF,71.9
GPS0000367,VEH0024,2026-05-12 00:32:00,71.12004,136.32032,4.8,20,ON,90.5
GPS0001229,VEH0027,2026-04-17 10:14:00,8.423605,118.979756,98.6,222,ON,30.3
GPS0000817,VEH0026,2026-02-18 16:56:00,-80.848699,-133.309419,49.3,87,OFF,47.5
GPS0000558,VEH0007,2026-06-19 13:46:00,-86.663859,-27.001156,22.6,250,OFF,21.7
GPS0002265,VEH0055,2026-06-27 20:30:00,30.937428,95.212899,119.2,261,OFF,19.2
GPS0000041,VEH0021,2026-06-01 21:47:00,-36.99127,-160.91926,104.5,325,ON,51.5
GPS0000805,VEH0048,2026-07-18 09:54:00,32.766762,-110.053713,88.2,104,OFF,4.7
GPS0000059,VEH0022,2026-03-13 05:48:00,70.372972,-95.76662,2.6,10,OFF,23.6
GPS0002087,VEH0003,2026-06-24 01:02:00,-35.223562,-49.107093,87.0,345,OFF,26.9
GPS0002097,VEH0053,2026-04-11 17:31:00,47.201409,35.291355,74.9,321,ON,63.6
GPS0001194,VEH0043,2026-06-20 02:37:00,21.616441,-171.79714,41.0,22,ON,44.8
GPS0002427,VEH0024,2026-06-25 16:23:00,73.440606,-165.636206,73.2,278,OFF,28.6
GPS0002250,VEH0006,2026-05-22 00:46:00,-26.588003,-111.436505,64.9,270,OFF,25.0
GPS0001660,VEH0002,2026-07-11 06:25:00,28.617412,27.262812,22.9,234,ON,2.2
GPS0001197,VEH0014,2026-04-29 18:49:00,-37.700534,-53.749593,45.7,351,ON,31.3
GPS0000564,VEH0012,2026-06-25 15:26:00,-51.707177,-65.049508,39.5,209,OFF,68.1
GPS0000772,VEH0038,2026-01-25 01:02:00,10.568218,170.160128,63.2,320,OFF,13.6
GPS0001810,VEH0027,2026-05-17 21:35:00,-47.143825,-145.026169,2.9,332,OFF,65.9
GPS0002007,VEH0051,2026-02-23 17:11:00,-28.309161,134.513801,74.5,258,ON,12.7
GPS0001767,VEH0056,2026-06-11 03:36:00,63.835988,49.319333,35.1,135,OFF,92.0
GPS0001973,VEH0050,2026-01-04 20:53:00,39.299637,-101.330282,60.6,162,OFF,77.0
GPS0001519,VEH0021,2026-02-21 09:33:00,-79.140524,117.773979,55.0,278,OFF,9.4
GPS0001035,VEH0058,2026-02-19 14:05:00,6.830409,-17.721282,80.0,43,ON,26.7
GPS0000912,VEH0058,2026-07-01 21:29:00,46.174116,-47.883619,89.3,63,ON,73.2
GPS0001963,VEH0039,2026-03-15 11:33:00,-50.150132,79.94912,118.7,177,ON,64.5
GPS0001148,VEH0010,2026-02-22 09:05:00,87.561897,-116.384737,10.8,31,ON,36.1
GPS0002181,VEH0025,2026-02-26 01:43:00,-82.621542,-167.926041,41.1,181,ON,45.3
GPS0001005,VEH0030,2026-05-02 14:13:00,16.96875,74.337009,2.9,274,ON,28.0
GPS0002403,VEH0047,2026-02-02 00:05:00,-59.496351,-36.109421,45.4,178,ON,26.5
GPS0002380,VEH0042,2026-07-02 12:16:00,-20.996299,102.316344,2.0,124,ON,55.4
GPS0001625,VEH0038,2026-01-06 06:24:00,-28.619199,-50.194784,72.9,180,OFF,96.1
GPS0000057,VEH0050,2026-03-29 00:41:00,-2.318258,7.48172,4.7,303,OFF,14.4
GPS0000465,VEH0029,2026-02-08 22:30:00,37.592002,-165.059561,29.8,89,OFF,97.4
GPS0001906,VEH0015,2026-05-12 16:17:00,38.336564,139.018259,23.3,91,ON,80.6
GPS0001116,VEH0042,2026-07-15 03:06:00,6.86299,-22.027787,35.7,15,ON,6.4
GPS0002125,VEH0049,2026-03-22 22:47:00,63.453969,148.262756,57.2,268,ON,56.7
GPS0000808,VEH0045,2026-04-23 17:13:00,37.633168,165.565244,30.7,322,OFF,56.7
GPS0001989,VEH0026,2026-01-31 10:14:00,80.759867,-161.466586,5.3,269,ON,40.2
GPS0001345,VEH0045,2026-05-23 04:24:00,61.768232,62.950512,78.4,248,OFF,48.3
GPS0002483,VEH0035,2026-07-18 10:05:00,-15.213671,-164.942315,40.7,202,ON,20.9
GPS0002121,VEH0057,2026-03-29 02:08:00,52.885293,-28.740449,72.1,175,ON,77.0
GPS0001125,VEH0018,2026-01-01 05:45:00,-64.964129,-28.921219,57.3,76,OFF,3.9
GPS0000283,VEH0014,2026-04-09 05:35:00,-78.928411,72.394091,49.0,147,OFF,82.2
GPS0001816,VEH0009,2026-01-24 06:14:00,-6.514662,109.098675,87.3,222,OFF,77.3
GPS0001887,VEH0036,2026-06-14 16:24:00,-76.820795,-98.260633,4.2,288,OFF,56.5
GPS0001478,VEH0044,2026-02-12 19:53:00,-9.084074,-144.359457,74.6,303,ON,31.2
GPS0000398,VEH0027,2026-01-31 14:05:00,-37.558999,-48.633836,110.0,299,ON,30.2
GPS0001985,VEH0025,2026-04-24 13:29:00,-36.478096,-29.609175,20.6,53,ON,54.6
GPS0001136,VEH0032,2026-06-24 20:54:00,-86.055435,-46.208426,18.6,107,OFF,82.9
GPS0000416,VEH0046,2026-01-14 22:11:00,-41.957809,136.141772,41.5,69,ON,2.6
GPS0000580,VEH0007,2026-05-07 23:08:00,58.663075,-124.739736,23.1,109,ON,43.9
GPS0001677,VEH0036,2026-03-08 22:51:00,75.23412,28.628708,31.3,130,ON,43.2
GPS0001611,VEH0021,2026-05-20 00:02:00,-10.107269,-66.954801,102.4,284,OFF,84.0
GPS0002371,VEH0052,2026-03-21 21:39:00,-81.721357,112.046748,78.4,10,OFF,89.9
GPS0001670,VEH0016,2026-06-24 00:52:00,-64.836971,-136.230712,42.3,258,ON,38.9
GPS0002470,VEH0049,2026-03-12 23:19:00,-42.463403,-44.348896,115.7,99,OFF,90.1
GPS0001146,VEH0008,2026-03-02 09:00:00,35.690483,-76.156098,101.8,4,ON,2.3
GPS0001172,VEH0034,2026-01-07 21:23:00,59.573321,-68.264488,90.0,219,OFF,33.0
GPS0002054,VEH0042,2026-07-19 06:40:00,35.499025,129.202113,101.7,131,ON,58.6
GPS0000048,VEH0009,2026-06-22 08:27:00,59.172209,-130.213266,12.5,253,ON,5.2
GPS0002213,VEH0036,2026-03-04 07:19:00,-30.363278,-56.075447,98.2,230,OFF,69.3
GPS0002012,VEH0046,2026-06-06 08:24:00,27.107196,155.35949,117.2,83,ON,44.7
GPS0001837,VEH0013,2026-07-05 07:39:00,-13.668632,-76.418767,96.0,210,OFF,88.3
GPS0001910,VEH0038,2026-04-28 16:14:00,74.604502,27.197789,85.4,247,OFF,71.6
GPS0001649,VEH0018,2026-02-06 04:11:00,-46.854115,-109.857099,92.8,48,ON,43.1
GPS0000112,VEH0028,2026-05-21 11:40:00,68.858999,144.195591,3.4,91,ON,13.1
GPS0000220,VEH0011,2026-06-14 14:02:00,64.57848,88.978019,61.9,357,ON,57.0
GPS0001717,VEH0048,2026-07-18 11:22:00,35.272204,-46.518768,,127,ON,88.1
GPS0000590,VEH0052,2026-01-26 09:54:00,-25.370458,-87.371813,45.9,322,ON,71.0
GPS0000822,VEH0042,2026-07-02 19:43:00,-49.533222,-170.384328,38.9,320,ON,14.5
GPS0000217,VEH0053,2026-02-09 09:46:00,-54.381771,13.143279,30.3,125,OFF,32.4
GPS0000426,VEH0040,2026-06-30 09:07:00,-44.65319,-113.795962,24.2,249,OFF,22.9
GPS0001324,VEH0041,2026-05-12 16:39:00,-71.728665,162.476997,9.4,147,ON,0.0
GPS0001955,VEH0001,2026-03-04 16:10:00,84.994115,4.223656,46.4,263,OFF,66.8
GPS0000896,VEH0039,2026-05-07 00:08:00,-64.696536,162.514866,14.3,252,OFF,38.6
GPS0001337,VEH0043,2026-06-14 10:11:00,-28.680968,-155.978321,74.3,1,ON,64.3
GPS0000624,VEH0023,2026-02-25 13:30:00,-84.003372,43.209505,33.7,38,OFF,8.7
GPS0002119,VEH0052,2026-01-17 13:28:00,78.868636,95.329226,69.4,136,OFF,26.1
GPS0000234,VEH0002,2026-04-01 19:25:00,-17.201011,-172.513857,74.0,300,ON,80.3
GPS0000704,VEH0046,2026-06-12 10:41:00,55.705071,162.696302,14.1,131,OFF,73.6
GPS0000785,VEH0050,2026-07-18 00:35:00,34.394689,-84.907522,85.6,39,ON,89.4
GPS0002026,VEH0006,2026-06-12 07:49:00,49.706158,-16.818633,77.8,317,ON,69.6
GPS0000127,VEH0015,2026-07-19 13:26:00,-62.771609,133.222067,81.4,318,ON,41.2
GPS0000985,VEH0032,2026-07-17 10:04:00,-42.688008,-1.08419,11.2,359,ON,89.9
GPS0000615,VEH0043,2026-01-28 07:29:00,-9.587522,-29.998298,89.8,180,ON,8.6
GPS0000195,VEH0016,2026-03-20 15:58:00,54.433574,129.155316,39.2,146,ON,25.1
GPS0001399,VEH0003,2026-06-14 11:17:00,-18.031479,-140.559594,66.0,329,ON,75.9
GPS0000548,VEH0036,2026-01-12 22:24:00,-31.02051,-120.347825,26.8,215,OFF,60.5
GPS0001224,VEH0017,2026-02-15 17:39:00,89.435198,-175.099598,95.4,122,ON,73.6
GPS0000515,VEH0024,2026-07-05 20:27:00,53.501071,-106.181728,7.1,156,OFF,95.3
GPS0001545,VEH0001,2026-03-17 03:10:00,-72.681315,-41.221,86.7,356,ON,64.2
GPS0001334,VEH0051,2026-03-27 17:25:00,-35.437838,171.049291,55.2,182,OFF,44.7
GPS0000792,VEH0058,2026-07-07 20:34:00,49.480628,176.777207,,37,ON,77.8
GPS0001546,VEH0015,2026-06-30 16:27:00,-68.108578,-176.796893,116.5,114,ON,89.5
GPS0000639,VEH0054,2026-06-18 06:14:00,83.634953,-140.810313,50.0,252,ON,56.4
GPS0001389,VEH0016,2026-07-01 06:08:00,82.049569,-173.610148,80.4,328,OFF,75.7
GPS0000988,VEH0013,2026-03-17 11:24:00,14.736246,92.3808,,338,OFF,43.1
GPS0000554,VEH0046,2026-03-11 20:46:00,-72.366796,-162.961103,30.7,207,OFF,43.0
GPS0000209,VEH0014,2026-07-03 08:57:00,-35.643271,89.515796,110.6,334,ON,12.7
GPS0002306,VEH0048,2026-07-08 11:03:00,-23.969348,-164.866924,54.5,253,OFF,25.0
GPS0002157,VEH0007,2026-06-15 20:35:00,-42.685464,0.401956,60.4,340,ON,72.2
GPS0001462,VEH0051,2026-01-18 22:30:00,-57.455626,-160.590856,43.7,16,OFF,79.0
GPS0001012,VEH0043,2026-01-10 00:53:00,-47.005557,48.093385,51.3,199,OFF,61.1
GPS0002449,VEH0053,2026-05-24 02:58:00,-18.361145,78.12606,26.0,90,OFF,65.4
GPS0002134,VEH0003,2026-01-20 22:43:00,55.733453,-24.199091,40.5,141,ON,38.8
GPS0001294,VEH0022,2026-06-27 17:46:00,-65.976169,-84.208505,4.9,206,OFF,76.1
GPS0001028,VEH0045,2026-01-11 02:18:00,46.224192,-22.480638,91.4,32,OFF,93.9
GPS0001993,VEH0031,2026-07-06 22:29:00,-78.139136,-134.301256,57.2,259,OFF,42.8
GPS0000926,VEH0058,2026-03-10 06:24:00,-49.637061,128.389995,17.8,94,OFF,93.6
GPS0001003,VEH0030,2026-02-04 01:04:00,-8.904293,-34.096145,60.0,118,OFF,46.5
GPS0002326,VEH0052,2026-02-04 11:50:00,-4.076341,105.278294,22.6,139,ON,0.4
GPS0001756,VEH0038,2026-05-04 08:14:00,38.331753,4.994028,54.9,315,OFF,70.8
GPS0002115,VEH0020,2026-02-10 14:08:00,-72.953416,-161.003457,76.9,13,ON,74.5
GPS0000528,VEH0017,2026-01-10 17:58:00,-17.724621,31.367057,5.0,240,ON,37.4
GPS0000536,VEH0040,2026-06-24 00:15:00,70.506315,79.713136,64.5,241,ON,19.7
GPS0001659,VEH0043,2026-06-04 12:17:00,-71.497587,113.218032,84.4,136,OFF,44.7
GPS0000761,VEH0039,2026-01-20 17:10:00,76.331685,64.382713,53.0,178,ON,33.9
GPS0001358,VEH0060,2026-05-07 00:43:00,71.892231,148.835201,73.6,11,ON,66.1
GPS0001001,VEH0036,2026-04-22 23:19:00,65.786921,-111.245259,97.0,90,ON,61.5
GPS0001423,VEH0038,2026-04-12 06:35:00,-49.839303,164.877306,78.6,311,ON,43.2
GPS0002473,VEH0045,2026-04-16 08:57:00,59.279537,144.539566,25.7,294,OFF,72.6
GPS0002411,VEH0015,2026-06-17 11:58:00,-78.62566,60.483948,86.4,166,ON,46.6
GPS0000454,VEH0004,2026-05-15 17:12:00,-61.164975,-36.310549,43.2,302,OFF,12.6
GPS0002276,VEH0003,2026-04-14 16:34:00,7.49495,-141.596467,19.0,290,OFF,91.5
GPS0001433,VEH0008,2026-06-03 06:09:00,88.621341,-145.024512,97.8,295,ON,87.3
GPS0002497,VEH0042,2026-03-05 15:38:00,7.390529,113.002221,28.4,43,OFF,43.5
GPS0001040,VEH0048,2026-06-11 17:30:00,-60.00969,-68.296189,117.0,205,ON,70.0
GPS0000125,VEH0019,2026-06-09 09:25:00,6.364583,-47.153904,116.0,46,ON,63.7
GPS0002264,VEH0003,2026-01-10 20:36:00,14.354972,-60.551549,77.1,76,ON,65.6
GPS0000502,VEH0017,2026-05-29 23:02:00,-72.42067,1.703914,105.8,224,ON,2.6
GPS0001506,VEH0048,2026-05-02 07:35:00,63.906146,-41.997619,82.4,76,ON,74.2
GPS0000522,VEH0042,2026-04-03 22:31:00,-2.069259,37.177031,62.9,316,OFF,48.3
GPS0002353,VEH0043,2026-07-14 00:12:00,-67.881897,-108.595847,74.4,203,ON,20.4
GPS0000655,VEH0030,2026-01-13 07:11:00,-82.413059,79.484058,36.1,313,ON,27.4
GPS0002317,VEH0002,2026-05-17 20:40:00,-31.086712,-169.054338,9.3,353,OFF,8.3
GPS0000871,VEH0014,2026-04-30 12:43:00,-48.149063,-80.297502,107.1,228,ON,98.6
GPS0000603,VEH0012,2026-01-22 08:46:00,-56.530994,-109.11248,88.2,179,ON,20.4
GPS0001158,VEH0016,2026-02-24 22:20:00,-63.525825,153.816012,14.6,295,OFF,69.8
GPS0002287,VEH0020,2026-04-23 04:30:00,12.02819,-88.066501,37.4,251,OFF,54.5
GPS0000611,VEH0046,2026-03-19 05:01:00,-12.001257,81.203228,99.6,351,OFF,15.3
GPS0000330,VEH0014,2026-03-22 14:09:00,35.75926,-168.029038,68.0,96,ON,96.1
GPS0002461,VEH0028,2026-04-30 10:40:00,29.720679,-4.759116,102.4,270,ON,45.6
GPS0002293,VEH0027,2026-03-10 10:28:00,2.221373,167.856164,109.2,339,ON,58.2
GPS0001593,VEH0007,2026-06-09 19:05:00,-80.941932,107.842046,40.0,319,OFF,56.8
GPS0000892,VEH0031,2026-02-14 09:13:00,-59.451702,-119.951758,96.2,122,ON,44.6
GPS0001123,VEH0028,2026-06-22 12:47:00,-13.142058,-73.250204,76.4,209,OFF,2.7
GPS0001801,VEH0049,2026-05-03 20:25:00,-74.594029,-34.269426,83.7,348,ON,86.7
GPS0001820,VEH0034,2026-03-28 18:32:00,72.9568,-152.270373,69.6,285,OFF,75.6
GPS0001420,VEH0011,2026-05-31 10:35:00,55.788381,-94.845982,48.5,252,OFF,66.9
GPS0000369,VEH0041,2026-06-10 16:37:00,41.518354,-86.461068,43.8,55,ON,63.3
GPS0001824,VEH0045,2026-01-28 21:44:00,168.116598,137.859376,75.1,308,OFF,42.4
GPS0000925,VEH0044,2026-04-29 15:17:00,-67.5418,169.87309,81.2,41,OFF,37.3
GPS0002373,VEH0033,2026-02-05 09:00:00,5.022495,140.73029,4.4,50,ON,74.8
GPS0001926,VEH0037,2026-04-28 06:01:00,63.092579,-144.117524,64.0,65,OFF,89.1
GPS0001124,VEH0009,2026-05-30 17:57:00,64.791757,165.373262,33.6,299,OFF,7.1
GPS0000765,VEH0009,2026-05-03 05:21:00,3.509907,-31.403822,29.9,334,OFF,6.4
GPS0001021,VEH0006,2026-05-18 22:39:00,-32.345522,165.073095,13.6,295,OFF,13.8
GPS0002226,VEH0009,2026-05-31 05:22:00,74.984846,-47.702674,29.1,176,ON,48.4
GPS0001288,VEH0005,2026-03-16 19:18:00,30.476478,135.462092,79.6,140,ON,80.2
GPS0002051,VEH0023,2026-07-02 16:08:00,-71.542414,99.017716,52.8,350,OFF,99.4
GPS0001987,VEH0026,2026-03-18 04:58:00,47.350176,-167.373299,107.4,345,OFF,51.8
GPS0001458,VEH0013,2026-03-21 19:13:00,-75.456982,45.738579,10.8,183,OFF,58.9
GPS0002204,VEH0039,2026-01-27 06:29:00,-51.267836,-87.202651,92.6,2,OFF,66.5
GPS0001761,VEH0037,2026-07-08 01:00:00,60.041546,74.724684,104.6,96,OFF,84.8
GPS0001781,VEH0053,2026-05-15 09:17:00,54.541477,24.792455,98.2,31,OFF,43.7
GPS0001663,VEH0046,2026-02-11 14:19:00,57.36568,120.523642,88.9,348,ON,60.3
GPS0001752,VEH0025,2026-04-06 20:08:00,18.088396,96.817197,8.6,0,ON,71.5
GPS0001905,VEH0032,2026-01-26 04:29:00,-31.015288,165.752375,5.6,136,ON,67.9
GPS0000500,VEH0012,2026-05-20 16:18:00,-75.471071,46.584551,115.4,231,ON,70.0
GPS0000684,VEH0047,2026-03-19 07:22:00,-11.969017,81.156367,54.7,345,OFF,67.1
GPS0001211,VEH0030,2026-01-27 09:14:00,-1.225563,-112.189969,100.8,331,OFF,50.9
GPS0000242,VEH0014,2026-01-19 06:43:00,-9.684161,22.905875,68.7,197,OFF,27.7
GPS0001374,VEH0038,2026-01-04 19:42:00,65.810658,178.035306,31.6,17,ON,86.3
GPS0000526,VEH0033,2026-01-11 17:03:00,-59.423263,85.740584,64.3,19,ON,68.6
GPS0001363,VEH0012,2026-02-04 14:33:00,-56.196375,-166.232061,25.4,269,OFF,12.7
GPS0001287,VEH0056,2026-03-24 22:03:00,-52.663618,-158.00462,78.3,214,OFF,10.0
GPS0002298,VEH0026,2026-02-27 13:13:00,21.24602,-51.085005,30.6,28,ON,55.9
GPS0000633,VEH0005,2026-07-18 06:20:00,73.662752,-85.674362,22.6,91,OFF,1.5
GPS0002206,VEH0053,2026-02-25 01:00:00,6.018002,-57.996938,14.5,75,ON,49.1
GPS0000608,VEH0038,2026-05-01 11:15:00,-78.687594,-70.584472,96.3,23,OFF,82.1
GPS0001562,VEH0015,2026-05-31 16:20:00,-9.235652,-152.229918,72.8,203,OFF,23.9
GPS0000249,VEH0038,2026-03-04 06:41:00,-62.56972,-69.935784,36.8,351,ON,14.2
GPS0001139,VEH0043,2026-04-18 15:02:00,64.507548,-21.030374,41.3,108,OFF,7.5
GPS0000993,VEH0056,2026-06-01 03:14:00,13.319555,92.211934,31.9,265,ON,85.9
GPS0000621,VEH0016,2026-06-04 23:05:00,37.191615,-68.000684,56.9,171,ON,7.0
GPS0001256,VEH0046,2026-04-15 06:48:00,85.061519,-43.248067,106.9,230,OFF,63.9
GPS0000271,VEH0003,2026-05-27 10:48:00,77.663678,108.496067,110.9,213,OFF,15.8
GPS0001679,VEH0013,2026-05-29 15:03:00,62.256663,2.545048,14.6,216,ON,57.4
GPS0000775,VEH0024,2026-05-29 05:52:00,-44.074039,164.035925,43.6,273,ON,97.5
GPS0000665,VEH0052,2026-06-03 00:01:00,-77.208614,4.166558,96.0,336,ON,21.2
GPS0000443,VEH0013,2026-03-19 14:10:00,-38.095382,-123.074474,30.5,296,OFF,58.9
GPS0000063,VEH0008,2026-04-29 23:07:00,37.11161,-20.826916,1.2,183,OFF,76.7
GPS0001481,VEH0052,2026-05-16 00:14:00,44.818841,-93.730439,37.7,153,ON,69.7
GPS0000637,VEH0006,2026-03-09 12:59:00,72.079593,145.470263,62.8,69,OFF,88.7
GPS0001353,VEH0016,2026-04-17 05:57:00,-36.847448,134.628918,31.5,90,OFF,55.2
GPS0001482,VEH0057,2026-01-11 09:17:00,49.71675,-40.228348,102.1,166,ON,65.7
GPS0000397,VEH0014,2026-04-21 13:55:00,-24.063053,167.794853,22.3,71,ON,53.8
GPS0002042,VEH0003,2026-05-08 18:08:00,115.185423,30.412057,27.4,212,ON,62.2
GPS0001509,VEH0037,2026-03-09 22:52:00,-69.417815,103.116798,34.1,249,ON,19.9
GPS0001962,VEH0004,2026-05-19 05:58:00,-47.785788,132.732666,98.2,38,OFF,62.2
GPS0000973,VEH0021,2026-05-12 06:00:00,-48.285409,-11.532252,57.3,222,OFF,75.2
GPS0001454,VEH0037,2026-03-31 09:19:00,-84.146385,-73.086305,47.3,231,ON,9.0
GPS0000469,VEH0035,2026-05-21 22:12:00,7.495874,86.697428,6.0,358,ON,37.4
GPS0000496,VEH0033,2026-02-15 17:47:00,-28.146484,10.693444,40.8,303,OFF,95.6
GPS0000482,VEH0058,2026-06-21 07:36:00,73.178335,137.088959,7.6,285,OFF,91.5
GPS0000713,VEH0003,2026-03-17 03:36:00,-71.157915,-64.133792,91.3,125,ON,70.3
GPS0001859,VEH0017,2026-05-21 16:43:00,20.911093,139.081988,109.0,293,OFF,46.2
GPS0000859,VEH0037,2026-02-06 20:22:00,123.128099,123.670934,93.0,317,OFF,40.7
GPS0001126,VEH0032,2026-06-08 03:12:00,50.769195,-107.610828,94.2,199,OFF,39.4
GPS0002307,VEH0013,2026-04-08 16:40:00,79.178735,138.619511,92.7,78,ON,13.7
GPS0000055,VEH0031,2026-03-03 08:13:00,-62.128484,-169.802211,88.2,42,OFF,18.6
GPS0001284,VEH0060,2026-03-13 17:45:00,35.934466,-29.913057,79.8,204,OFF,78.4
GPS0001290,VEH0047,2026-02-20 01:03:00,-87.519773,-172.501572,31.2,128,ON,36.6
GPS0002249,VEH0013,2026-05-12 16:41:00,-65.226028,-94.581002,10.2,168,ON,46.2
GPS0001180,VEH0050,2026-02-12 12:00:00,55.542089,-24.236071,24.6,193,OFF,49.4
GPS0000762,VEH0034,2026-05-15 06:58:00,40.489841,22.215945,103.4,107,ON,27.9
GPS0000193,VEH0037,2026-06-16 23:55:00,28.035942,95.635505,106.4,29,ON,6.7
GPS0002243,VEH0053,2026-06-22 07:27:00,7.510299,4.080091,41.9,213,OFF,53.5
GPS0000341,VEH0055,2026-05-22 22:33:00,56.523982,91.672134,13.0,279,ON,42.2
GPS0002064,VEH0013,2026-04-10 02:53:00,-88.202592,-82.15724,39.5,287,OFF,18.4
GPS0000547,VEH0040,2026-01-31 20:03:00,44.338354,129.705137,102.8,98,ON,38.0
GPS0000900,VEH0054,2026-05-09 17:12:00,-34.762682,-16.299328,9.0,350,OFF,28.0
GPS0000166,VEH0003,2026-04-29 20:39:00,17.918742,127.435709,55.9,346,OFF,95.8
GPS0001455,VEH0051,2026-02-06 11:55:00,24.022647,100.710094,48.7,66,OFF,49.2
GPS0000903,VEH0008,2026-04-12 16:01:00,0.58475,176.552539,,186,ON,46.2
GPS0002003,VEH0042,2026-01-30 16:35:00,-31.941013,-167.913465,99.9,52,OFF,38.6
GPS0000593,VEH0039,2026-04-02 21:04:00,-43.115901,96.468618,77.8,109,OFF,9.9
GPS0000076,VEH0024,2026-01-27 16:08:00,65.27462,-2.670839,69.5,42,ON,57.3
GPS0001219,VEH0005,2026-02-25 02:12:00,-13.658804,49.788369,47.7,255,OFF,29.4
GPS0000131,VEH0041,2026-05-26 01:49:00,-69.534435,86.047817,18.9,209,ON,91.8
GPS0001311,VEH0029,2026-01-20 14:12:00,87.604143,-14.004256,31.7,55,ON,62.8
GPS0000656,VEH0043,2026-02-17 09:50:00,-81.410092,141.895965,37.2,154,ON,92.0
GPS0001840,VEH0007,2026-06-19 02:47:00,-81.386915,-34.704141,29.5,45,OFF,70.1
GPS0000478,VEH0021,2026-01-08 15:46:00,48.708647,104.815564,92.3,331,ON,27.3
GPS0001216,VEH0023,2026-03-24 12:49:00,122.516,154.533649,17.2,66,OFF,34.7
GPS0000445,VEH0030,2026-03-06 05:21:00,-77.81623,131.682814,108.3,288,ON,20.5
GPS0000429,VEH0042,2026-07-11 18:13:00,27.800118,-58.87679,16.9,121,OFF,42.3
GPS0000809,VEH0021,2026-01-15 16:01:00,-25.223904,75.348169,53.6,2,OFF,3.5
GPS0000094,VEH0027,2026-03-20 06:09:00,35.201963,-61.876812,98.7,357,ON,90.2
GPS0001246,VEH0021,2026-03-12 18:37:00,17.393282,-105.946442,79.3,330,ON,76.1
GPS0000256,VEH0038,2026-07-08 23:46:00,-66.001735,-116.957498,37.8,34,ON,72.2
GPS0002434,VEH0054,2026-05-11 17:42:00,-20.151451,92.800099,70.3,6,OFF,22.1
GPS0001165,VEH0059,2026-04-06 01:52:00,85.589175,-82.252107,87.3,299,ON,61.4
GPS0000984,VEH0012,2026-06-08 10:25:00,1.187795,-38.216514,43.9,320,ON,46.1
GPS0002481,VEH0007,2026-07-06 21:16:00,-23.023538,149.144375,104.2,309,ON,83.4
GPS0002294,VEH0027,2026-03-02 20:02:00,-74.910427,85.964475,69.3,48,ON,14.9
GPS0001814,VEH0010,2026-01-31 13:04:00,0.429517,-157.190528,17.8,147,OFF,71.2
GPS0001184,VEH0022,2026-04-11 17:18:00,72.781077,68.409403,32.6,233,OFF,35.2
GPS0001734,VEH0004,2026-01-19 00:54:00,-6.733472,-28.564924,23.2,6,OFF,5.2
GPS0000347,VEH0043,2026-03-06 14:31:00,-81.918778,-138.770259,91.7,53,OFF,62.9
GPS0001105,VEH0060,2026-05-11 01:28:00,-10.374664,177.278589,27.1,66,ON,24.8
GPS0002422,VEH0001,2026-05-14 04:06:00,-87.709868,133.146149,117.9,163,ON,83.7
GPS0000686,VEH0024,2026-07-13 16:05:00,-45.268298,-105.977747,37.1,69,OFF,95.4
GPS0000518,VEH0032,2026-05-09 15:35:00,6.884468,86.098939,24.3,348,ON,69.6
GPS0001939,VEH0029,2026-05-10 07:02:00,-54.510576,4.322592,87.4,260,OFF,65.8
GPS0000349,VEH0032,2026-07-10 19:15:00,-33.472633,-73.817995,9.1,216,OFF,56.1
GPS0001206,VEH0015,2026-04-03 09:05:00,74.613162,-35.998324,75.7,147,ON,88.2
GPS0000680,VEH0058,2026-06-26 23:02:00,-47.450017,56.05177,,90,OFF,15.0
GPS0000433,VEH0016,2026-07-05 08:31:00,-10.342005,-76.71701,39.3,188,ON,16.0
GPS0002350,VEH0039,2026-02-25 06:03:00,-43.361499,134.51925,88.0,113,ON,19.2
GPS0000336,VEH0055,2026-04-07 20:59:00,45.993986,84.187547,104.2,249,ON,9.1
GPS0002171,VEH0057,2026-07-10 00:48:00,-19.753643,-165.680116,31.1,31,OFF,31.1
GPS0001217,VEH0038,2026-01-16 10:06:00,67.210912,-137.296956,43.2,237,OFF,51.3
GPS0002281,VEH0032,2026-05-29 15:29:00,23.441484,-77.412336,88.8,29,ON,45.1
GPS0002442,VEH0013,2026-04-13 09:05:00,-85.368408,24.524465,69.6,231,OFF,16.1
GPS0000955,VEH0038,2026-04-23 20:55:00,17.957432,106.350364,97.9,206,ON,96.8
GPS0000232,VEH0046,2026-02-12 16:47:00,-31.024347,-41.990691,3.2,23,ON,77.1
GPS0001630,VEH0058,2026-07-09 12:23:00,-21.812644,-169.291155,2.1,206,OFF,13.5
GPS0002292,VEH0046,2026-01-07 23:52:00,-11.638039,-88.161335,112.6,78,OFF,35.5
GPS0002166,VEH0001,2026-04-01 02:33:00,29.664001,-32.417827,113.6,10,ON,53.6
GPS0001242,VEH0001,2026-03-12 18:48:00,53.469325,10.330149,8.4,210,OFF,67.9
GPS0000243,VEH0049,2026-01-13 00:42:00,15.608349,-76.368104,30.8,202,ON,93.1
GPS0002239,VEH0016,2026-01-23 08:24:00,30.374815,-77.138082,96.8,35,ON,36.0
GPS0000371,VEH0007,2026-07-03 15:43:00,-39.432599,-15.380175,33.5,309,OFF,9.2
GPS0000601,VEH0007,2026-05-11 00:56:00,-82.967859,145.950243,25.5,21,ON,93.4
GPS0001998,VEH0051,2026-05-12 10:50:00,-9.668487,48.614103,49.8,341,OFF,74.0
GPS0000573,VEH0042,2026-05-13 01:53:00,166.61311,-156.498877,39.3,272,OFF,60.7
GPS0001400,VEH0012,2026-05-09 11:05:00,26.327221,-30.343524,90.2,147,ON,9.2
GPS0000956,VEH0054,2026-02-21 22:30:00,-12.903078,-155.354666,81.4,210,ON,87.2
GPS0002333,VEH0058,2026-02-23 19:48:00,73.992468,-70.76065,110.0,314,OFF,47.9
GPS0001902,VEH0009,2026-06-25 18:50:00,-43.113218,-102.261544,61.1,27,ON,35.6
GPS0001540,VEH0009,2026-04-22 05:24:00,27.567835,60.402402,38.9,90,ON,33.5
GPS0001472,VEH0010,2026-05-05 01:47:00,44.355966,147.66397,119.7,89,ON,45.5
GPS0002338,VEH0003,2026-04-29 08:25:00,-37.301866,-7.938984,74.4,122,OFF,54.1
GPS0001552,VEH0044,2026-04-07 04:10:00,-33.416949,-24.024898,63.7,76,ON,90.3
GPS0001398,VEH0017,2026-03-31 17:07:00,18.158612,-96.431371,23.7,322,ON,69.5
GPS0000509,VEH0055,2026-01-22 13:51:00,-74.348257,-112.033273,86.9,174,ON,73.6
GPS0002086,VEH0035,2026-05-15 10:28:00,-16.963298,47.376049,82.9,72,OFF,36.5
GPS0001090,VEH0007,2026-05-16 17:23:00,-45.940425,155.583071,35.2,329,ON,25.1
GPS0001857,VEH0003,2026-06-21 00:16:00,32.768995,25.643434,42.2,329,OFF,22.9
GPS0001847,VEH0056,2026-07-05 05:53:00,24.066787,-132.712072,24.6,122,ON,83.1
GPS0001954,VEH0003,2026-05-16 01:32:00,2.075165,118.06057,75.8,103,OFF,29.0
GPS0001869,VEH0036,2026-06-25 00:02:00,38.407893,-114.957551,56.5,47,ON,29.3
GPS0001167,VEH0026,2026-05-13 02:45:00,-29.835948,-110.598355,26.6,132,ON,60.4
GPS0001798,VEH0060,2026-06-06 04:12:00,-62.292782,-178.088243,39.9,115,OFF,39.2
GPS0001584,VEH0021,2026-07-15 02:55:00,-81.127068,157.59328,57.0,5,ON,72.1
GPS0002392,VEH0007,2026-07-05 00:18:00,1.501616,79.651384,64.3,181,OFF,24.3
GPS0000693,VEH0051,2026-03-21 05:20:00,-34.725481,-175.276872,79.9,260,OFF,79.7
GPS0000613,VEH0050,2026-06-15 10:13:00,40.328604,87.962275,47.0,183,ON,13.7
GPS0000486,VEH0050,2026-03-07 23:20:00,-50.683095,-157.946005,43.0,169,ON,18.6
GPS0000237,VEH0032,2026-06-21 02:33:00,-63.926804,106.023664,14.0,209,OFF,37.9
GPS0000588,VEH0048,2026-04-27 17:05:00,50.070765,-82.047742,3.5,122,ON,99.1
GPS0001187,VEH0055,2026-04-09 19:11:00,-33.102074,93.672318,113.4,143,ON,65.5
GPS0001103,VEH0041,2026-02-28 22:25:00,-24.246345,108.741299,105.6,14,ON,31.3
GPS0001489,VEH0015,2026-06-21 14:52:00,91.00017,-88.080214,90.7,185,ON,11.3
GPS0001046,VEH0013,2026-06-09 20:53:00,-61.730346,-82.927169,91.2,145,ON,62.1
GPS0000758,VEH0022,2026-01-09 16:23:00,20.692181,-84.502166,10.3,130,OFF,43.6
GPS0001521,VEH0034,2026-04-25 03:17:00,126.423526,-99.147319,76.6,204,OFF,21.6
GPS0002401,VEH0052,2026-05-07 00:24:00,-7.425802,91.182663,113.3,32,OFF,64.1
GPS0001323,VEH0058,2026-01-16 19:01:00,-69.778297,-68.699371,7.1,69,ON,38.8
GPS0000441,VEH0041,2026-04-17 06:13:00,45.264201,-51.333617,83.1,240,OFF,29.6
GPS0002068,VEH0016,2026-01-17 23:10:00,-76.186615,166.970395,77.3,34,ON,48.9
GPS0000207,VEH0030,2026-07-04 15:32:00,23.034662,-95.961943,96.4,255,OFF,10.4
GPS0001283,VEH0023,2026-02-28 14:44:00,-13.337656,74.899343,80.7,129,ON,36.6
GPS0000031,VEH0052,2026-05-13 01:57:00,-55.021286,-45.887106,25.2,295,OFF,74.3
GPS0000259,VEH0056,2026-05-10 13:24:00,-2.829864,22.008622,102.5,27,OFF,57.6
GPS0000135,VEH0053,2026-02-15 11:45:00,-52.071927,-79.732608,86.1,99,ON,94.5
GPS0001554,VEH0012,2026-04-24 08:06:00,-59.660065,-3.098142,39.7,355,OFF,55.2
GPS0001638,VEH0022,2026-05-09 03:05:00,-9.742252,27.513657,21.7,267,ON,69.7
GPS0002199,VEH0045,2026-03-01 22:17:00,10.896746,-90.065642,4.8,243,ON,6.4
GPS0000174,VEH0007,2026-07-14 19:41:00,-48.369762,144.300489,112.6,107,ON,39.1
GPS0001127,VEH0035,2026-01-04 04:52:00,-69.120874,-57.951568,94.4,146,OFF,0.3
GPS0000170,VEH0022,2026-06-07 05:54:00,68.698706,-149.586439,68.3,86,OFF,81.7
GPS0000882,VEH0032,2026-04-22 03:04:00,0.147068,72.306777,103.5,325,OFF,52.6
GPS0002135,VEH0055,2026-05-03 01:39:00,76.280668,126.594304,87.3,2,OFF,49.1
GPS0000444,VEH0035,2026-05-30 13:24:00,-58.147328,-28.144217,117.3,83,OFF,6.3
GPS0002011,VEH0049,2026-04-07 09:18:00,73.354649,-101.580076,119.3,314,OFF,95.8
GPS0000829,VEH0060,2026-04-01 17:47:00,68.530496,-125.396984,60.3,2,ON,79.5
GPS0002144,VEH0053,2026-05-15 13:13:00,-14.391012,111.650875,29.4,252,OFF,67.2
GPS0000918,VEH0019,2026-05-20 21:06:00,35.760918,-87.42851,82.9,203,OFF,49.9
GPS0000858,VEH0037,2026-03-15 01:49:00,43.906868,-96.185349,30.6,129,ON,78.0
GPS0000124,VEH0026,2026-07-06 20:10:00,-62.881975,-117.672199,9.0,267,OFF,75.7
GPS0001376,VEH0013,2026-05-31 21:12:00,88.81034,-39.379956,98.6,213,OFF,96.1
GPS0000958,VEH0055,2026-01-23 19:42:00,-8.038029,104.780387,15.0,202,OFF,57.4
GPS0002024,VEH0026,2026-05-15 14:07:00,-39.267266,22.705397,83.3,352,OFF,89.0
GPS0000881,VEH0050,2026-04-02 12:10:00,-5.436942,-18.240709,10.8,321,OFF,63.2
GPS0001247,VEH0009,2026-07-10 13:41:00,-72.019201,-44.90789,103.0,24,OFF,16.9
GPS0001253,VEH0011,2026-01-21 08:15:00,59.183466,-82.379734,33.1,237,ON,28.1
GPS0000202,VEH0023,2026-05-19 07:55:00,47.70189,32.090659,12.5,16,OFF,43.7
GPS0000187,VEH0010,2026-01-09 08:13:00,4.265692,96.915075,10.1,45,ON,2.0
GPS0000442,VEH0029,2026-04-26 23:07:00,-13.092267,-58.677185,35.3,160,ON,71.5
GPS0000933,VEH0047,2026-02-26 06:38:00,-31.326354,-146.817668,67.7,233,ON,48.7
GPS0002299,VEH0039,2026-02-05 04:39:00,5.416594,100.260427,75.3,340,ON,10.1
GPS0002067,VEH0025,2026-01-14 16:36:00,5.380808,-30.996482,118.2,23,OFF,88.2
GPS0001556,VEH0051,2026-04-04 11:07:00,9.323044,-175.216574,72.8,17,OFF,3.7
GPS0000274,VEH0060,2026-06-24 09:22:00,28.195581,114.191153,78.2,329,ON,70.3
GPS0000017,VEH0035,2026-06-14 00:34:00,87.054755,-91.516384,106.8,57,ON,91.6
GPS0000803,VEH0014,2026-04-07 19:08:00,-30.553873,87.488556,77.0,102,ON,93.1
GPS0001720,VEH0029,2026-06-06 05:42:00,-80.13312,-45.58794,95.9,329,OFF,11.2
GPS0000917,VEH0021,2026-01-02 10:33:00,-41.058363,112.095281,59.1,207,ON,59.9
GPS0001442,VEH0028,2026-05-18 06:15:00,8.501869,129.104112,113.5,272,ON,31.2
GPS0001356,VEH0021,2026-01-03 02:49:00,-57.027337,168.301079,28.5,73,OFF,63.9
GPS0001696,VEH0026,2026-03-01 10:44:00,36.651102,8.986608,43.3,11,OFF,48.8
GPS0001411,VEH0010,2026-02-06 07:24:00,58.764257,112.106075,18.2,238,OFF,38.3
GPS0001436,VEH0046,2026-06-26 00:46:00,21.059764,-123.157597,103.4,87,ON,43.3
GPS0000614,VEH0027,2026-04-16 18:30:00,80.374503,-0.743474,42.4,122,ON,9.6
GPS0001685,VEH0044,2026-01-07 01:37:00,-30.710451,38.788855,5.9,328,OFF,81.1
GPS0001209,VEH0003,2026-05-23 16:27:00,-65.70512,-22.949825,16.2,130,ON,5.5
GPS0000899,VEH0030,2026-05-23 18:00:00,-83.615381,63.561524,95.2,236,OFF,9.6
GPS0002309,VEH0032,2026-07-17 15:33:00,148.466597,41.839787,48.1,47,OFF,73.7
GPS0000422,VEH0038,2026-02-18 08:09:00,-21.964684,-12.233485,72.9,328,ON,20.8
GPS0001037,VEH0044,2026-02-28 21:28:00,-68.584535,-3.599963,22.5,212,ON,53.1
GPS0001444,VEH0035,2026-02-05 12:52:00,31.527113,-126.875546,102.9,14,OFF,22.0
GPS0000562,VEH0013,2026-04-14 00:20:00,6.839845,-59.297472,35.9,254,OFF,24.6
GPS0002253,VEH0025,2026-06-03 15:56:00,53.341564,-154.865744,79.1,230,ON,44.7
GPS0000826,VEH0055,2026-05-09 15:05:00,-61.472401,165.027145,72.4,140,OFF,33.7
GPS0000077,VEH0010,2026-04-29 10:10:00,-86.96688,179.705821,25.2,54,OFF,68.2
GPS0000191,VEH0019,2026-02-27 07:30:00,53.646976,-91.331331,92.7,150,ON,22.2
GPS0002075,VEH0011,2026-05-02 22:10:00,4.304463,1.977965,34.6,127,ON,89.0
GPS0002101,VEH0035,2026-04-05 08:17:00,-78.066443,71.295717,69.7,150,ON,22.6
GPS0001418,VEH0047,2026-04-17 03:22:00,43.333558,-165.047258,11.8,102,OFF,15.2
GPS0000002,VEH0022,2026-05-28 05:51:00,16.839236,53.773897,107.0,282,OFF,24.9
GPS0000332,VEH0055,2026-04-16 05:55:00,19.968826,87.45345,94.4,49,ON,84.5
GPS0001457,VEH0029,2026-01-27 18:44:00,-25.043298,-143.567642,67.4,137,OFF,62.3
GPS0000376,VEH0008,2026-05-21 05:25:00,48.963136,148.518964,89.0,50,ON,90.6
GPS0001129,VEH0018,2026-02-19 22:19:00,-61.929566,142.975878,94.0,175,ON,62.1
GPS0002283,VEH0021,2026-06-18 17:30:00,-28.683956,-74.239188,3.4,200,OFF,5.2
GPS0001518,VEH0060,2026-05-06 13:13:00,-51.894083,-162.803427,42.9,353,ON,37.6
GPS0002031,VEH0040,2026-07-01 00:48:00,27.695594,-149.528681,12.6,352,ON,56.2
GPS0000304,VEH0011,2026-02-06 18:15:00,-25.605283,-14.733749,25.8,312,OFF,56.3
GPS0000978,VEH0007,2026-06-05 10:16:00,69.908275,-44.696054,9.5,13,OFF,57.7
GPS0001329,VEH0032,2026-05-04 03:14:00,2.593118,50.43962,97.5,29,OFF,29.7
GPS0001930,VEH0050,2026-01-19 20:48:00,87.495412,13.450356,26.9,37,OFF,37.1
GPS0002316,VEH0036,2026-06-19 21:55:00,46.780681,61.752235,50.9,126,ON,35.3
GPS0002286,VEH0046,2026-03-09 03:45:00,56.460489,94.41249,94.3,318,OFF,57.2
GPS0000088,VEH0056,2026-03-04 16:47:00,-52.936576,-112.198678,18.6,152,ON,3.1
GPS0000725,VEH0054,2026-01-09 12:11:00,-68.550829,-63.825261,44.3,332,ON,6.3
GPS0001996,VEH0026,2026-05-06 02:21:00,-46.981203,-136.234923,,347,ON,11.1
GPS0001319,VEH0016,2026-04-17 05:56:00,47.704534,6.299561,7.2,145,ON,69.2
GPS0000354,VEH0055,2026-06-14 05:36:00,17.522593,41.996265,116.8,342,OFF,40.7
GPS0001385,VEH0019,2026-02-12 10:50:00,36.44922,-87.729413,40.3,216,ON,44.1
GPS0001427,VEH0001,2026-05-31 17:40:00,-88.481643,121.363694,103.2,40,OFF,82.3
GPS0000201,VEH0051,2026-05-07 15:07:00,84.428958,-91.97328,90.0,135,OFF,97.9
GPS0000698,VEH0011,2026-02-10 00:15:00,-3.179473,86.590729,116.5,220,OFF,30.5
GPS0001379,VEH0042,2026-03-23 21:23:00,26.498824,164.638192,12.1,229,ON,47.3
GPS0001142,VEH0050,2026-05-23 09:56:00,-86.205212,-178.155517,76.5,316,ON,25.6
GPS0001626,VEH0005,2026-04-09 02:15:00,-4.133563,-155.707416,38.3,194,OFF,39.2
GPS0001195,VEH0046,2026-05-02 17:04:00,-62.33644,37.921703,39.3,248,OFF,65.1
GPS0002242,VEH0044,2026-03-03 09:13:00,-7.183648,-175.997314,45.5,344,OFF,62.8
GPS0001378,VEH0024,2026-01-26 10:05:00,-87.704288,-135.846028,56.2,36,OFF,58.0
GPS0001416,VEH0028,2026-02-04 17:39:00,62.701861,-138.145663,64.9,356,OFF,63.9
GPS0001311,VEH0029,2026-01-20 14:12:00,87.604143,-14.004256,31.7,55,ON,62.8
GPS0000708,VEH0006,2026-06-09 09:18:00,43.316091,-44.798516,67.0,82,ON,40.1
GPS0002017,VEH0039,2026-05-28 02:27:00,-26.061949,64.520538,59.5,146,OFF,11.6
GPS0000447,VEH0046,2026-03-23 07:05:00,8.680833,-148.200935,52.0,317,ON,42.2
GPS0002059,VEH0025,2026-03-04 10:39:00,68.862789,-122.57837,80.3,198,OFF,74.9
GPS0001250,VEH0049,2026-04-26 17:24:00,54.760481,150.992347,110.1,88,ON,5.1
GPS0000227,VEH0021,2026-03-27 13:42:00,10.138449,55.436899,112.1,100,ON,3.1
GPS0002399,VEH0020,2026-07-03 14:11:00,39.961345,-131.372555,83.9,226,ON,1.1
GPS0001853,VEH0007,2026-05-15 00:18:00,27.200214,119.481023,20.9,256,OFF,8.2
GPS0000116,VEH0003,2026-01-24 04:34:00,67.949483,-46.557339,19.6,197,OFF,37.6
GPS0001448,VEH0001,2026-03-22 04:30:00,8.023909,-48.472286,56.6,182,OFF,13.2
GPS0001664,VEH0046,2026-02-20 08:46:00,-88.590112,-95.228608,72.6,353,ON,13.2
GPS0000980,VEH0045,2026-02-02 00:42:00,-55.410525,18.274644,84.6,60,OFF,57.9
GPS0002476,VEH0032,2026-07-04 12:01:00,-8.00602,41.698789,41.0,124,OFF,7.9
GPS0002147,VEH0019,2026-06-21 23:58:00,65.055076,-124.713554,65.4,72,OFF,19.4
GPS0000646,VEH0051,2026-01-27 14:16:00,-73.752894,175.292885,97.3,323,OFF,98.7
GPS0000182,VEH0013,2026-03-07 11:45:00,-10.192142,-15.535332,96.7,114,OFF,48.8
GPS0000407,VEH0015,2026-07-01 23:34:00,-42.56086,-75.532153,94.5,297,OFF,85.9
GPS0000415,VEH0060,2026-07-11 13:48:00,-0.166557,-115.942278,26.9,352,ON,82.6
GPS0000004,VEH0011,2026-01-20 08:50:00,-21.230951,106.577836,37.4,94,ON,37.7
GPS0000847,VEH0060,2026-05-19 19:28:00,-9.766967,-49.85727,8.6,327,ON,71.8
GPS0001072,VEH0055,2026-01-28 15:37:00,69.853681,-124.024746,3.1,354,ON,50.7
GPS0001786,VEH0056,2026-04-01 01:31:00,81.604998,-110.93,6.9,139,OFF,97.9
GPS0001675,VEH0042,2026-01-16 09:05:00,-29.940523,99.445182,3.5,242,OFF,24.8
GPS0002085,VEH0005,2026-03-19 03:08:00,11.324553,168.062753,12.7,34,OFF,30.0
GPS0002174,VEH0008,2026-03-22 13:14:00,-55.238884,38.585707,109.3,32,ON,46.5
GPS0002471,VEH0028,2026-07-10 00:24:00,-70.95073,83.588608,68.7,33,OFF,7.3
GPS0000326,VEH0040,2026-03-07 22:37:00,-83.744576,-132.026951,116.5,142,OFF,22.2
GPS0001497,VEH0058,2026-04-09 06:12:00,-43.96015,83.47755,35.8,204,OFF,17.6
GPS0002237,VEH0055,2026-03-31 18:11:00,-76.535642,135.790752,23.1,41,ON,93.3
GPS0002267,VEH0005,2026-01-26 10:11:00,-39.391383,24.583379,3.9,233,OFF,39.2
GPS0002475,VEH0045,2026-06-18 05:08:00,85.624775,80.959348,8.8,222,ON,98.7
GPS0001431,VEH0055,2026-07-05 18:02:00,-27.996413,-120.447587,70.9,135,ON,57.5
GPS0000269,VEH0057,2026-06-25 19:12:00,-1.866677,11.198115,72.6,273,ON,10.2
GPS0001118,VEH0021,2026-02-14 04:49:00,7.584793,-92.241259,103.3,182,OFF,34.9
GPS0001429,VEH0021,2026-04-08 00:47:00,38.126546,156.825677,88.3,23,OFF,2.7
GPS0001033,VEH0021,2026-04-16 19:43:00,60.033581,-120.133713,82.0,351,OFF,98.9
GPS0000922,VEH0043,2026-04-21 00:19:00,-73.291084,-145.16616,78.5,32,ON,83.6
GPS0000342,VEH0005,2026-05-13 12:49:00,57.769796,-90.61153,78.0,3,ON,42.7
GPS0001629,VEH0015,2026-05-23 15:28:00,-59.282937,-94.052617,59.3,255,OFF,28.1
GPS0002304,VEH0033,2026-02-02 09:47:00,-47.182495,-158.424702,29.8,113,OFF,28.7
GPS0000737,VEH0033,2026-01-14 05:34:00,65.791077,-64.327886,72.6,335,OFF,56.2
GPS0002000,VEH0036,2026-03-22 08:32:00,-67.193015,58.080896,3.1,232,ON,44.3
GPS0000609,VEH0011,2026-04-20 00:25:00,28.689052,-70.11444,36.4,100,ON,11.2
GPS0001571,VEH0001,2026-04-02 20:26:00,-45.756427,-111.709512,65.7,227,ON,48.6
GPS0001140,VEH0018,2026-07-02 03:13:00,85.185404,26.2904,7.0,48,OFF,51.5
GPS0000511,VEH0023,2026-04-10 17:28:00,-60.81801,142.561923,10.2,194,ON,17.5
GPS0000141,VEH0028,2026-01-07 13:46:00,70.137684,-159.610033,105.0,177,ON,12.0
GPS0001874,VEH0053,2026-02-27 04:27:00,-51.193134,179.369103,3.6,283,ON,80.9
GPS0002173,VEH0004,2026-01-18 21:00:00,106.384689,41.404064,35.0,341,OFF,77.2
GPS0001066,VEH0010,2026-06-01 18:05:00,-68.071268,-83.02555,30.7,338,OFF,48.5
GPS0001447,VEH0011,2026-02-24 08:29:00,56.548803,-0.192472,93.7,269,OFF,97.2
GPS0000162,VEH0013,2026-01-06 14:10:00,73.881902,-104.65642,10.0,2,OFF,68.7
GPS0000390,VEH0025,2026-05-17 23:32:00,41.891963,116.504257,74.8,204,OFF,53.9
GPS0000731,VEH0029,2026-06-24 04:53:00,-71.361876,-19.061508,81.1,340,ON,73.4
GPS0000289,VEH0050,2026-04-20 00:57:00,-79.830442,-116.89512,93.8,123,ON,70.1
GPS0002425,VEH0053,2026-05-25 14:27:00,64.651336,-8.214127,105.0,52,OFF,72.5
GPS0002280,VEH0034,2026-04-03 18:24:00,-23.234066,-77.213885,12.2,344,OFF,17.1
GPS0001783,VEH0039,2026-06-06 14:22:00,56.398926,170.366627,54.2,145,ON,97.0
GPS0000577,VEH0039,2026-01-23 04:16:00,-29.858191,-59.519681,36.2,13,OFF,55.8
GPS0000485,VEH0054,2026-01-13 08:54:00,-78.937839,116.235659,65.2,143,OFF,40.0
GPS0001221,VEH0018,2026-02-20 18:11:00,-75.93171,-14.727121,16.7,88,ON,41.5
GPS0000769,VEH0002,2026-07-11 16:56:00,86.147539,-130.88219,88.5,309,ON,5.9
GPS0002061,VEH0060,2026-05-26 15:16:00,70.231113,-30.548772,74.9,58,ON,39.3
GPS0000535,VEH0036,2026-04-22 04:28:00,-7.908883,0.985194,37.4,71,OFF,57.1
GPS0002071,VEH0010,2026-03-26 20:45:00,89.686722,-118.865996,4.9,273,ON,97.7
GPS0001164,VEH0058,2026-07-10 03:21:00,67.824287,105.875749,22.5,67,ON,65.8
GPS0001719,VEH0024,2026-01-28 03:35:00,29.210113,149.073753,91.1,334,OFF,19.8
GPS0001144,VEH0038,2026-06-15 00:59:00,-70.776044,82.175771,69.7,22,OFF,60.7
GPS0000025,VEH0017,2026-03-15 08:41:00,-27.885406,60.976378,48.0,157,ON,0.4
GPS0001327,VEH0048,2026-02-18 23:31:00,45.129829,-141.343962,20.6,46,OFF,51.1
GPS0000102,VEH0018,2026-04-30 17:52:00,-32.502551,148.875821,77.8,245,OFF,67.3
GPS0001383,VEH0060,2026-05-16 19:35:00,-77.39538,64.285933,51.5,342,OFF,52.2
GPS0000448,VEH0021,2026-07-11 15:49:00,85.319813,116.0419,80.9,260,ON,23.6
GPS0000966,VEH0001,2026-05-19 13:39:00,5.387829,-53.043944,57.1,285,ON,40.7
GPS0001992,VEH0056,2026-06-01 02:40:00,145.371029,35.995961,45.5,147,OFF,93.8
GPS0001826,VEH0032,2026-07-16 12:36:00,-62.397665,-112.679859,37.5,157,OFF,69.8
GPS0002300,VEH0019,2026-03-15 01:12:00,-68.253522,-106.867004,108.5,74,ON,65.5
GPS0001789,VEH0052,2026-03-29 12:34:00,-0.079486,-171.067881,68.1,257,ON,36.4
GPS0001484,VEH0049,2026-05-26 13:42:00,57.864857,-128.393088,61.6,174,ON,46.7
GPS0000841,VEH0013,2026-01-07 04:08:00,27.630355,-133.587635,27.8,340,OFF,21.5
GPS0000672,VEH0036,2026-07-06 14:19:00,78.838848,67.451431,95.3,314,ON,69.8
GPS0000009,VEH0018,2026-01-08 17:04:00,-40.23832,80.339087,58.3,279,OFF,17.5
GPS0001298,VEH0046,2026-07-05 19:22:00,11.584317,-172.202804,118.2,178,OFF,10.4
GPS0001976,VEH0004,2026-06-11 15:43:00,6.200036,-8.766498,61.2,188,ON,8.7
GPS0000364,VEH0019,2026-01-04 01:05:00,-54.998921,-39.389955,41.4,333,ON,34.7
GPS0001785,VEH0037,2026-06-10 12:31:00,-80.183569,-63.654273,21.4,221,ON,97.8
GPS0000401,VEH0059,2026-01-06 22:59:00,-10.89466,-142.819873,6.3,13,ON,65.2
GPS0001698,VEH0006,2026-04-27 06:06:00,21.506238,118.533696,36.9,245,ON,84.5
GPS0002340,VEH0008,2026-05-13 15:49:00,54.312934,-35.700551,44.1,351,OFF,16.4
GPS0001750,VEH0032,2026-07-09 02:39:00,57.841729,62.945591,21.8,26,ON,30.4
GPS0000231,VEH0047,2026-06-01 11:47:00,-85.485978,-70.855429,13.0,231,OFF,6.0
GPS0002395,VEH0035,2026-05-28 17:42:00,23.671693,97.537383,118.9,228,OFF,63.0
GPS0000158,VEH0048,2026-06-20 11:53:00,34.399341,-144.74251,80.7,77,ON,78.6
GPS0002032,VEH0019,2026-01-07 11:28:00,-13.741976,-137.3872,10.1,166,ON,77.1
GPS0001460,VEH0010,2026-07-02 12:01:00,-42.45833,23.898342,3.6,189,OFF,20.8
GPS0001896,VEH0044,2026-01-19 22:27:00,38.43812,175.130864,99.3,234,OFF,93.4
GPS0001711,VEH0038,2026-02-13 13:18:00,-29.113932,-14.871315,87.8,25,ON,97.8
GPS0001722,VEH0012,2026-07-14 18:25:00,87.290605,-108.492204,81.1,157,OFF,94.5
GPS0000583,VEH0006,2026-03-28 01:18:00,-39.292388,-119.618799,11.7,321,ON,40.2
GPS0001925,VEH0043,2026-04-13 03:15:00,-3.630184,-140.047572,1.4,201,ON,5.5
GPS0001732,VEH0001,2026-06-02 22:49:00,116.795407,33.927081,58.0,294,ON,28.3
GPS0002272,VEH0049,2026-03-27 12:15:00,55.273922,-2.205851,38.2,292,ON,22.0
GPS0001559,VEH0049,2026-04-06 16:18:00,59.286472,-135.69674,113.9,357,ON,44.0
GPS0000386,VEH0040,2026-03-03 11:04:00,-17.782424,11.390903,0.8,266,OFF,16.2
GPS0002428,VEH0018,2026-06-08 23:01:00,-15.794535,-99.756497,7.5,209,OFF,20.0
GPS0001793,VEH0033,2026-07-06 22:31:00,80.859816,-134.407042,87.7,289,OFF,26.3
GPS0001652,VEH0058,2026-04-27 13:58:00,-33.67954,31.436138,33.5,170,OFF,96.0
GPS0001488,VEH0044,2026-03-14 00:44:00,-33.806231,-43.692529,73.7,153,OFF,20.5
GPS0001380,VEH0040,2026-01-23 07:06:00,67.37367,6.3094,8.9,297,OFF,60.6
GPS0001551,VEH0007,2026-06-08 08:21:00,85.494958,73.638733,61.3,123,ON,6.5
GPS0002058,VEH0034,2026-03-25 02:20:00,-61.354381,-147.300342,118.9,352,OFF,87.6
GPS0000046,VEH0018,2026-03-25 03:28:00,32.64172,64.508412,80.6,197,OFF,16.9
GPS0001029,VEH0045,2026-03-13 20:53:00,60.112292,-109.854082,4.0,208,ON,21.8
GPS0000049,VEH0035,2026-07-01 09:09:00,148.132994,-157.746956,74.6,209,OFF,21.2
GPS0000670,VEH0044,2026-03-05 15:23:00,50.028294,30.150786,85.3,221,OFF,48.1
GPS0000631,VEH0058,2026-05-25 04:20:00,18.764571,28.730705,4.0,152,ON,56.6
GPS0002288,VEH0001,2026-01-13 20:20:00,-73.659636,127.88775,117.4,222,ON,66.4
GPS0002370,VEH0045,2026-04-07 21:50:00,-62.847129,-20.505303,72.5,89,OFF,29.4
GPS0001182,VEH0049,2026-03-03 01:36:00,33.116355,146.924188,98.6,353,OFF,88.5
GPS0000294,VEH0054,2026-01-23 17:52:00,-0.387764,29.088743,118.1,292,ON,66.2
GPS0002290,VEH0027,2026-03-10 21:22:00,57.385645,47.658421,,41,OFF,14.5
GPS0002343,VEH0037,2026-04-01 10:01:00,52.540483,-132.443265,78.0,108,ON,74.3
GPS0000302,VEH0001,2026-07-10 10:39:00,-52.469059,-93.181264,30.5,283,ON,72.2
GPS0001538,VEH0023,2026-05-02 17:27:00,85.160176,-102.501724,38.2,143,OFF,37.6
GPS0002109,VEH0054,2026-05-12 04:22:00,-44.158992,-97.55913,73.9,193,OFF,35.7
GPS0001061,VEH0024,2026-04-20 15:06:00,78.791878,-55.103073,27.7,158,ON,18.7
GPS0000632,VEH0008,2026-06-09 13:02:00,22.120909,-31.860156,23.1,154,ON,8.4
GPS0000213,VEH0010,2026-03-11 23:58:00,49.377875,4.109891,55.0,353,ON,93.2
GPS0000586,VEH0019,2026-01-02 16:39:00,0.374309,-132.736022,96.2,212,OFF,23.0
GPS0002048,VEH0031,2026-03-08 20:36:00,-62.611085,95.205256,26.2,182,OFF,19.1
GPS0000960,VEH0055,2026-02-07 15:35:00,-59.921932,49.797016,21.3,45,ON,0.8
GPS0001721,VEH0002,2026-04-04 13:17:00,1.417853,-81.857656,67.8,17,ON,19.1
GPS0001684,VEH0004,2026-02-18 03:19:00,31.82497,119.959924,31.0,132,ON,58.3
GPS0001655,VEH0003,2026-03-24 10:23:00,52.661431,-55.156788,65.7,4,OFF,15.1
GPS0001261,VEH0048,2026-03-29 18:40:00,1.248761,23.854448,38.0,221,OFF,46.9
GPS0001234,VEH0041,2026-02-22 11:17:00,31.613503,-54.950366,45.2,212,OFF,36.5
GPS0001658,VEH0037,2026-03-04 03:00:00,72.815379,26.366834,11.6,2,OFF,96.3
GPS0001632,VEH0015,2026-02-21 09:24:00,13.315431,10.954987,72.1,10,OFF,64.7
GPS0000419,VEH0009,2026-02-04 16:02:00,36.93217,-33.014355,23.3,176,ON,94.8
GPS0001730,VEH0026,2026-05-12 22:46:00,46.151427,-162.900974,,35,OFF,33.4
GPS0000111,VEH0052,2026-01-30 09:01:00,-2.291926,4.003175,32.4,316,ON,55.8
GPS0000224,VEH0058,2026-02-22 12:12:00,-52.410188,170.497527,7.4,317,OFF,1.3
GPS0001606,VEH0040,2026-04-04 17:12:00,62.06509,67.123536,57.1,227,ON,91.0
GPS0002330,VEH0059,2026-02-10 17:45:00,46.272444,39.421754,59.0,322,OFF,54.0
GPS0000230,VEH0047,2026-01-24 15:55:00,-21.379169,178.530359,1.7,266,OFF,33.7
GPS0001773,VEH0030,2026-02-21 03:49:00,163.277503,-60.598013,65.5,48,ON,68.4
GPS0001885,VEH0037,2026-01-18 13:10:00,26.845741,62.893877,26.8,54,OFF,13.9
GPS0000628,VEH0018,2026-04-19 04:18:00,9.383178,-81.939262,53.5,221,ON,1.9
GPS0002459,VEH0018,2026-02-25 17:20:00,-11.503051,19.214372,28.1,270,ON,52.1
GPS0002322,VEH0013,2026-06-29 14:02:00,-41.381059,-119.653861,35.6,351,ON,62.8
GPS0001576,VEH0050,2026-07-05 00:51:00,27.511413,-102.439029,,358,OFF,35.1
GPS0001469,VEH0039,2026-04-01 15:34:00,18.289301,160.033314,109.3,134,OFF,75.1
GPS0001952,VEH0002,2026-04-13 23:19:00,-22.899931,-82.51717,56.6,314,ON,18.5
GPS0002052,VEH0015,2026-04-29 20:25:00,-89.717248,112.551187,113.3,25,OFF,18.0
GPS0000584,VEH0060,2026-02-23 07:21:00,-58.738355,108.087448,39.8,346,ON,41.3
GPS0001013,VEH0037,2026-01-26 12:36:00,82.570617,-21.40948,42.1,157,ON,98.9
GPS0000352,VEH0009,2026-04-16 22:41:00,-28.490234,139.944874,31.8,206,OFF,15.0
GPS0001505,VEH0015,2026-02-02 17:29:00,-43.168453,-165.461425,84.9,112,OFF,4.9
GPS0001166,VEH0026,2026-04-24 06:59:00,-85.473652,110.796057,69.2,288,ON,41.4
GPS0001563,VEH0008,2026-05-19 23:35:00,58.039691,124.689001,10.5,274,ON,12.3
GPS0000997,VEH0032,2026-03-08 11:52:00,23.794775,54.379303,18.2,290,ON,87.0
GPS0001712,VEH0060,2026-01-30 17:31:00,36.988565,47.970137,107.8,18,ON,46.7
GPS0000853,VEH0013,2026-03-29 19:50:00,-75.027381,-111.399787,53.0,58,ON,36.4
GPS0002238,VEH0033,2026-07-03 07:38:00,-70.434747,-81.52025,88.9,258,OFF,13.5
GPS0001297,VEH0034,2026-03-23 07:32:00,-14.583463,56.142792,96.6,213,ON,12.8
GPS0001553,VEH0057,2026-03-04 10:05:00,-63.163266,163.969755,33.9,341,OFF,30.7
GPS0001227,VEH0025,2026-05-12 15:12:00,-45.407018,136.687031,72.6,220,ON,90.6
GPS0000901,VEH0019,2026-06-09 21:34:00,29.023404,-121.012088,118.7,38,ON,2.4
GPS0001179,VEH0026,2026-04-18 01:21:00,-87.973304,-12.331018,18.7,241,ON,23.2
GPS0002466,VEH0053,2026-06-10 20:56:00,-47.567371,-5.463581,22.9,308,OFF,26.7
GPS0001959,VEH0025,2026-04-05 09:42:00,17.93176,59.516054,20.1,29,OFF,27.3
GPS0000748,VEH0037,2026-06-04 20:14:00,-14.538285,174.70143,101.4,3,ON,85.1
GPS0002062,VEH0007,2026-07-10 22:11:00,34.461362,171.813526,41.2,88,ON,22.1
GPS0001350,VEH0021,2026-03-06 16:46:00,-18.523816,5.764471,31.1,281,OFF,77.4
GPS0000038,VEH0024,2026-01-10 16:34:00,41.902444,15.178854,23.5,11,OFF,79.0
GPS0002465,VEH0034,2026-01-15 16:40:00,-0.591289,-2.967716,16.4,316,OFF,33.8
GPS0001871,VEH0025,2026-02-25 01:44:00,-36.792014,-72.839286,65.3,358,ON,10.5
GPS0001453,VEH0024,2026-05-10 03:02:00,-9.994251,-88.161923,28.6,29,OFF,7.3
GPS0000757,VEH0028,2026-02-13 09:05:00,66.104055,-150.736378,36.2,108,OFF,11.7
GPS0000830,VEH0046,2026-04-26 03:54:00,-38.428902,-67.538855,52.4,340,OFF,29.3
GPS0001292,VEH0058,2026-02-21 09:56:00,46.26991,8.689938,5.1,358,ON,75.2
GPS0002492,VEH0040,2026-05-15 00:08:00,-44.296998,-13.491816,0.9,254,OFF,57.1
GPS0002375,VEH0012,2026-06-20 18:30:00,-76.257763,115.843711,51.5,84,OFF,96.5
GPS0001273,VEH0016,2026-05-22 01:09:00,11.035772,172.283203,23.8,183,ON,40.6
GPS0000744,VEH0021,2026-06-07 04:22:00,28.620642,-43.919256,41.9,179,ON,86.6
GPS0001648,VEH0001,2026-04-27 17:08:00,65.613038,-169.074469,67.6,179,OFF,77.5
GPS0001266,VEH0037,2026-04-22 04:17:00,-68.327152,-138.755624,64.7,222,OFF,56.8
GPS0000373,VEH0042,2026-03-12 15:44:00,-57.462568,141.216271,31.0,112,OFF,79.9
GPS0000138,VEH0045,2026-03-29 17:30:00,66.017746,151.671953,61.7,129,OFF,22.3
GPS0001861,VEH0037,2026-06-14 14:50:00,-35.780174,42.611197,74.4,110,ON,21.6
GPS0001233,VEH0014,2026-01-27 23:50:00,-36.588263,-109.893653,13.0,281,OFF,9.4
GPS0001483,VEH0016,2026-03-07 19:11:00,71.381945,-95.950605,11.0,110,OFF,80.9
GPS0002137,VEH0027,2026-05-13 08:46:00,-52.577309,24.599548,8.2,210,OFF,45.2
GPS0001265,VEH0011,2026-06-23 02:39:00,-10.483765,-145.077205,57.8,230,OFF,19.9
GPS0000840,VEH0052,2026-03-13 04:41:00,26.711467,-176.735403,1.1,323,ON,3.3
GPS0002098,VEH0009,2026-03-21 18:19:00,61.690898,121.046488,73.5,347,OFF,99.8
GPS0002010,VEH0035,2026-07-09 23:56:00,-72.04495,140.381892,69.2,156,OFF,38.6
GPS0001237,VEH0022,2026-02-28 10:58:00,-1.17435,136.518772,98.9,99,ON,25.3
GPS0000260,VEH0001,2026-01-31 08:08:00,8.431562,82.229277,85.4,216,ON,18.3
GPS0001704,VEH0013,2026-06-01 08:19:00,83.480701,154.515299,106.1,271,ON,23.8
GPS0001196,VEH0022,2026-04-17 05:20:00,-11.942963,84.359694,29.1,263,OFF,26.8
GPS0000738,VEH0048,2026-07-01 16:32:00,-38.457479,104.764328,84.4,139,ON,99.7
GPS0002367,VEH0005,2026-05-07 21:45:00,32.38948,39.783835,58.7,148,OFF,90.1
GPS0001990,VEH0050,2026-04-30 16:28:00,16.79555,-42.12181,9.7,164,ON,89.0
GPS0001724,VEH0019,2026-01-17 13:58:00,-74.073605,122.445205,58.3,297,ON,52.5
GPS0001189,VEH0049,2026-07-04 12:12:00,55.186205,-28.956558,80.3,168,OFF,16.3
GPS0001798,VEH0060,2026-06-06 04:12:00,-62.292782,-178.088243,39.9,115,OFF,39.2
GPS0001622,VEH0029,2026-01-06 11:15:00,86.947801,-157.122924,99.4,129,OFF,62.3
GPS0002387,VEH0007,2026-03-24 02:28:00,-35.605662,-99.058159,23.2,246,ON,47.5
GPS0001939,VEH0029,2026-05-10 07:02:00,-54.510576,4.322592,87.4,260,OFF,65.8
GPS0002089,VEH0029,2026-01-16 02:07:00,79.499171,106.037682,105.7,282,OFF,75.8
GPS0001656,VEH0025,2026-02-01 04:50:00,7.608021,170.341306,115.4,336,ON,26.4
GPS0002136,VEH0032,2026-02-22 13:09:00,-44.056273,4.398407,111.9,261,ON,33.4
GPS0001635,VEH0033,2026-01-24 04:16:00,15.808121,168.40176,36.7,171,OFF,26.8
GPS0000514,VEH0008,2026-02-11 10:12:00,-49.866681,-64.945735,86.9,291,OFF,29.9
GPS0000068,VEH0025,2026-03-25 05:21:00,78.792449,166.912662,102.6,242,ON,50.4
GPS0000538,VEH0026,2026-04-23 09:59:00,80.74967,-121.945339,91.9,157,OFF,83.7
GPS0001813,VEH0025,2026-04-30 12:17:00,22.897491,-163.76869,69.2,35,OFF,9.6
GPS0001317,VEH0011,2026-04-25 22:32:00,-73.817817,-31.842088,107.8,97,OFF,71.6
GPS0002050,VEH0023,2026-07-12 19:09:00,-40.117237,59.47422,92.2,271,ON,20.8
GPS0002351,VEH0049,2026-06-01 03:45:00,0.524922,-5.666853,17.4,299,OFF,99.5
GPS0000907,VEH0003,2026-05-27 18:41:00,-23.814806,-87.252146,90.7,322,OFF,30.3
GPS0001277,VEH0057,2026-07-04 13:48:00,57.198992,-153.814826,119.2,247,ON,43.2
GPS0000703,VEH0022,2026-03-19 06:22:00,15.548977,-136.526254,72.0,100,ON,98.3
GPS0000310,VEH0003,2026-05-30 04:36:00,-69.727677,-179.766848,92.6,31,OFF,40.5
GPS0001147,VEH0042,2026-07-05 20:28:00,65.582048,92.180579,90.6,116,ON,89.1
GPS0001967,VEH0010,2026-07-16 10:41:00,49.341192,-49.41899,43.1,212,OFF,69.8
GPS0000574,VEH0053,2026-03-31 22:18:00,9.549013,-138.264422,111.6,77,OFF,54.3
GPS0001044,VEH0045,2026-06-13 16:36:00,20.254668,-146.778101,113.7,226,ON,23.5
GPS0002211,VEH0007,2026-01-20 01:08:00,-12.373686,-84.679811,58.4,217,OFF,55.8
GPS0000849,VEH0015,2026-05-05 14:45:00,53.697521,169.103932,80.7,184,ON,65.6
GPS0002400,VEH0037,2026-01-31 14:19:00,62.053667,-152.232473,50.6,309,OFF,21.2
GPS0001280,VEH0007,2026-07-11 17:42:00,48.405627,145.365473,18.5,39,ON,41.6
GPS0001045,VEH0042,2026-01-03 04:44:00,-20.948313,6.376737,67.5,258,ON,76.5
GPS0002221,VEH0044,2026-02-01 01:46:00,-3.149917,166.935594,107.3,237,ON,54.8
GPS0000126,VEH0033,2026-05-04 03:05:00,-79.940818,-16.544972,26.7,34,OFF,83.8
GPS0001979,VEH0009,2026-07-17 00:48:00,-84.874231,85.437824,111.7,329,ON,23.7
GPS0002019,VEH0040,2026-01-24 05:53:00,-59.878465,-67.51429,56.2,147,ON,66.9
GPS0002183,VEH0002,2026-02-12 16:00:00,156.409966,-103.698639,52.7,173,OFF,16.3
GPS0000221,VEH0015,2026-03-17 23:49:00,3.375581,92.880174,116.3,88,OFF,51.7
GPS0000453,VEH0045,2026-01-14 19:11:00,25.599015,140.180729,111.8,28,OFF,90.3
GPS0001248,VEH0037,2026-07-11 21:40:00,-69.571517,69.647238,115.1,117,ON,58.8
GPS0000150,VEH0029,2026-06-01 08:08:00,74.042689,128.083278,75.7,131,OFF,34.2
GPS0001300,VEH0051,2026-05-18 16:23:00,11.804736,154.288186,76.0,114,ON,86.8
GPS0002170,VEH0056,2026-07-15 00:27:00,14.859563,52.597,100.3,129,ON,85.0
GPS0002282,VEH0054,2026-01-16 22:46:00,23.734743,98.612342,31.4,65,OFF,68.7
GPS0001725,VEH0026,2026-03-04 02:28:00,-48.39142,-175.057404,37.2,148,OFF,19.2
GPS0000679,VEH0035,2026-04-09 11:51:00,-74.050654,168.457799,17.1,175,OFF,96.5
GPS0002361,VEH0017,2026-03-14 21:04:00,31.133187,-42.066894,107.1,51,OFF,86.4
GPS0001728,VEH0006,2026-04-09 20:21:00,-22.325984,-55.185031,8.7,160,ON,40.6
GPS0000550,VEH0022,2026-02-06 21:23:00,-5.445896,156.080005,64.0,182,ON,31.4
GPS0002230,VEH0040,2026-03-27 23:04:00,-63.415396,14.748803,36.0,356,OFF,62.1
GPS0002451,VEH0021,2026-06-15 02:12:00,-77.419276,-88.428797,104.8,187,ON,83.2
GPS0002082,VEH0055,2026-06-03 10:57:00,34.246558,161.798213,91.0,198,ON,16.2
GPS0001081,VEH0023,2026-01-01 17:33:00,-73.543764,-163.480576,90.6,332,ON,79.3
GPS0002297,VEH0020,2026-04-17 19:56:00,49.426197,139.780267,71.5,88,OFF,31.1
GPS0002227,VEH0047,2026-04-20 21:06:00,-89.995317,-4.3702,39.8,159,ON,90.1
GPS0002368,VEH0042,2026-01-14 20:12:00,19.048576,-59.743345,68.9,331,OFF,21.8
GPS0001512,VEH0036,2026-04-16 14:55:00,-18.054037,154.979994,38.3,75,ON,27.3
GPS0001731,VEH0008,2026-03-30 13:16:00,80.599509,-16.6262,34.1,40,OFF,58.6
GPS0000937,VEH0012,2026-05-03 07:49:00,-34.655679,157.509317,100.5,203,ON,29.8
GPS0000852,VEH0034,2026-01-21 22:07:00,-49.988722,45.295804,40.7,249,OFF,37.2
GPS0001735,VEH0034,2026-03-12 18:03:00,7.729539,174.656671,8.6,316,OFF,72.5
GPS0000673,VEH0034,2026-06-08 23:47:00,-39.575626,15.84132,29.1,324,OFF,83.8
GPS0002388,VEH0045,2026-04-22 07:54:00,-29.971423,142.987617,107.5,198,OFF,32.8
GPS0000914,VEH0010,2026-04-01 22:04:00,-62.26636,135.599492,92.3,11,ON,37.5
GPS0001153,VEH0054,2026-03-22 11:48:00,27.172519,-95.2231,10.1,51,OFF,10.9
GPS0002496,VEH0013,2026-03-31 02:02:00,-72.735025,77.180206,20.6,329,ON,25.5
GPS0002416,VEH0059,2026-05-07 16:37:00,25.283911,-47.991632,62.8,107,ON,98.8
GPS0000265,VEH0054,2026-04-01 15:33:00,85.017415,-124.530705,49.0,148,OFF,39.0
GPS0000228,VEH0036,2026-03-15 08:08:00,13.380367,23.775194,8.0,154,ON,41.9
GPS0000300,VEH0022,2026-07-02 01:52:00,175.342182,82.717004,18.9,160,ON,14.3
GPS0000457,VEH0054,2026-01-31 12:40:00,-14.104189,-178.160605,20.9,285,OFF,15.1
GPS0000597,VEH0014,2026-05-01 21:15:00,6.24941,87.307498,22.7,160,OFF,53.2
GPS0001348,VEH0022,2026-02-02 15:18:00,-66.238141,-118.390984,62.4,327,ON,31.4
GPS0002102,VEH0054,2026-03-01 22:50:00,-37.153413,128.187025,34.8,82,ON,23.4
GPS0000399,VEH0035,2026-03-27 05:43:00,-29.647621,-158.305377,116.5,317,OFF,49.0
GPS0001706,VEH0021,2026-05-17 17:43:00,-43.518587,-57.885408,11.9,8,OFF,54.4
GPS0001838,VEH0055,2026-05-15 05:45:00,137.615342,-81.881216,,219,ON,60.3
GPS0002175,VEH0058,2026-01-09 01:55:00,-33.279393,32.449498,101.8,128,OFF,12.4
GPS0001647,VEH0008,2026-01-20 01:33:00,67.059036,-78.775309,11.9,152,ON,8.1
GPS0002081,VEH0002,2026-07-05 04:40:00,88.319825,66.837806,15.0,147,ON,17.2
GPS0002480,VEH0042,2026-01-31 05:38:00,-54.946045,114.053197,43.2,107,OFF,59.5
GPS0000203,VEH0049,2026-06-05 15:38:00,-24.02613,83.654548,56.6,136,OFF,65.5
GPS0000348,VEH0053,2026-03-31 03:03:00,-37.882128,111.855823,74.5,328,ON,64.4
GPS0001263,VEH0050,2026-04-03 16:51:00,-47.40688,-49.806685,87.9,231,ON,28.9
GPS0002360,VEH0025,2026-04-25 00:59:00,24.968927,-91.383463,52.6,275,OFF,11.4
GPS0001503,VEH0027,2026-03-30 07:48:00,2.618879,-20.161706,65.5,5,OFF,71.7
GPS0002346,VEH0030,2026-02-07 16:34:00,68.042345,52.37752,38.5,81,ON,44.0
GPS0000061,VEH0035,2026-05-09 05:54:00,54.302113,40.678208,64.1,338,OFF,69.8
GPS0002396,VEH0024,2026-03-24 18:55:00,-63.693431,-112.826437,4.4,346,ON,4.6
GPS0001565,VEH0051,2026-04-18 09:10:00,-25.02379,138.246494,42.2,196,OFF,76.6
GPS0002359,VEH0003,2026-03-02 04:57:00,-24.696359,102.759455,22.1,215,OFF,25.1
GPS0000702,VEH0017,2026-03-24 02:42:00,-68.381062,79.578503,,352,ON,23.5
GPS0000383,VEH0042,2026-01-12 18:34:00,-65.658206,13.594513,80.8,220,OFF,70.9
GPS0000095,VEH0004,2026-04-23 17:40:00,-8.42842,111.832521,28.1,106,ON,7.8
GPS0000635,VEH0046,2026-05-30 22:18:00,-30.488221,-125.458273,93.9,218,ON,67.8
GPS0001309,VEH0028,2026-07-07 23:36:00,-73.008718,166.966699,13.3,238,OFF,14.2
GPS0001038,VEH0006,2026-07-02 11:17:00,59.30712,64.779243,59.3,87,ON,90.0
GPS0000835,VEH0047,2026-04-24 15:43:00,77.460286,-167.332037,118.5,343,ON,37.6
GPS0002365,VEH0024,2026-05-06 23:30:00,77.673323,126.218437,31.6,109,OFF,74.5
GPS0000268,VEH0011,2026-01-26 22:46:00,-69.57629,-108.813245,44.8,21,ON,78.5
GPS0000251,VEH0036,2026-02-21 05:45:00,-44.524434,160.890313,30.4,164,OFF,99.1
GPS0000654,VEH0007,2026-07-16 17:43:00,-51.298619,112.39319,23.2,79,ON,61.6
GPS0000895,VEH0033,2026-05-20 06:35:00,-19.014011,-10.882865,43.2,105,OFF,8.5
GPS0001895,VEH0013,2026-04-21 07:47:00,7.16408,-34.502259,83.9,77,OFF,60.0
GPS0001608,VEH0042,2026-05-11 06:53:00,-6.381057,59.580538,78.9,157,ON,50.5
GPS0001434,VEH0055,2026-02-10 14:12:00,-1.732247,-45.584472,77.6,325,OFF,19.5
GPS0001934,VEH0005,2026-05-20 16:04:00,49.442184,-107.297778,96.4,231,ON,16.1
GPS0000099,VEH0047,2026-05-02 15:29:00,11.76691,-22.898894,85.7,254,OFF,90.1
GPS0001578,VEH0001,2026-02-06 12:51:00,162.079767,-60.166864,48.7,153,OFF,95.5
GPS0000183,VEH0036,2026-03-04 17:38:00,-35.667853,163.429689,97.9,212,ON,87.6
GPS0001868,VEH0056,2026-05-31 11:51:00,52.402421,112.012969,25.9,211,ON,41.5
GPS0000261,VEH0006,2026-06-11 01:44:00,71.800436,176.802859,35.6,358,OFF,25.8
GPS0001951,VEH0033,2026-03-31 19:13:00,1.189038,20.473519,101.3,165,OFF,76.5
GPS0000159,VEH0051,2026-02-16 22:04:00,-0.898908,34.758994,88.1,263,ON,45.8
GPS0001163,VEH0011,2026-05-04 06:51:00,71.892237,128.896667,48.4,201,OFF,39.7
GPS0000052,VEH0025,2026-01-10 00:17:00,-6.783242,68.365342,32.4,19,OFF,37.4
GPS0000306,VEH0007,2026-03-03 04:50:00,-15.524336,-2.001745,95.0,356,ON,54.3
GPS0002356,VEH0038,2026-06-17 17:53:00,-22.53746,-125.253605,106.6,169,OFF,69.1
GPS0002252,VEH0042,2026-02-15 17:58:00,-73.704832,23.229559,42.4,355,OFF,6.1
GPS0000986,VEH0035,2026-04-27 11:21:00,-35.335147,171.395864,48.8,220,ON,98.0
GPS0001645,VEH0023,2026-02-28 00:38:00,18.197831,-47.316508,110.4,106,OFF,74.1
GPS0002069,VEH0046,2026-04-26 11:24:00,62.50272,176.972184,100.5,289,ON,52.1
GPS0002080,VEH0044,2026-03-13 14:22:00,46.289979,91.190796,68.3,324,OFF,81.7
GPS0001689,VEH0020,2026-07-15 00:05:00,70.512148,-13.201508,60.8,241,ON,7.0
GPS0000559,VEH0059,2026-05-21 07:33:00,71.790104,-131.682242,49.2,23,OFF,59.2
GPS0000727,VEH0021,2026-04-09 12:45:00,-78.038422,5.741917,92.2,150,ON,78.9
GPS0000370,VEH0036,2026-04-22 17:12:00,38.743927,68.230518,14.7,280,ON,37.9
GPS0000083,VEH0008,2026-01-29 07:39:00,-73.728036,77.864242,114.7,197,OFF,56.9
GPS0001938,VEH0002,2026-05-25 05:31:00,-7.984116,159.266453,45.0,236,ON,63.1
GPS0000197,VEH0023,2026-07-15 14:15:00,0.134977,-101.491492,61.0,47,OFF,29.5
GPS0002029,VEH0038,2026-06-04 11:38:00,-27.889154,-172.747447,53.2,318,OFF,82.6
GPS0000681,VEH0048,2026-03-04 19:36:00,54.365673,-135.292447,55.6,33,ON,18.3
GPS0001878,VEH0015,2026-01-07 04:41:00,61.874124,8.595301,2.5,73,OFF,77.1
GPS0000339,VEH0006,2026-02-02 11:38:00,15.601933,38.983506,46.4,334,ON,57.5
GPS0000491,VEH0022,2026-04-16 15:47:00,13.3414,-112.705031,91.1,137,OFF,40.9
GPS0000105,VEH0035,2026-01-24 06:31:00,-88.598636,72.793671,112.7,12,ON,93.6
GPS0001678,VEH0009,2026-05-07 04:01:00,-9.975496,-69.721043,35.5,108,OFF,82.5
GPS0000477,VEH0031,2026-04-02 17:27:00,85.370866,168.871622,16.5,359,OFF,8.2
GPS0002240,VEH0007,2026-07-04 21:18:00,-25.512252,139.361342,64.0,332,ON,4.2
GPS0001228,VEH0020,2026-06-08 00:12:00,-35.619999,168.889695,71.6,22,OFF,43.3
GPS0002074,VEH0051,2026-01-16 18:08:00,-74.035031,82.314884,74.7,327,ON,75.9
GPS0001339,VEH0053,2026-02-17 17:06:00,-66.158196,152.049154,25.2,240,ON,62.9
GPS0001157,VEH0006,2026-05-16 21:08:00,35.358004,-154.206054,79.4,166,ON,26.5
GPS0000971,VEH0011,2026-06-21 11:34:00,76.965662,136.236364,47.3,190,OFF,52.1
GPS0000576,VEH0028,2026-05-12 22:46:00,23.732713,116.764284,57.7,199,OFF,38.9
GPS0001069,VEH0043,2026-01-07 16:50:00,38.293391,139.202714,10.8,0,OFF,51.5
GPS0001747,VEH0050,2026-03-01 15:44:00,-39.149975,7.501767,110.6,148,OFF,9.1
GPS0001422,VEH0057,2026-03-12 09:57:00,-40.952473,-162.919123,94.5,7,ON,64.9
GPS0001665,VEH0028,2026-07-11 05:16:00,-38.632169,145.907602,58.1,265,ON,53.3
GPS0000423,VEH0003,2026-04-29 07:31:00,-65.648723,-56.786677,99.6,176,ON,71.1
GPS0001282,VEH0056,2026-05-03 02:52:00,-25.284052,38.392113,27.7,295,OFF,97.3
GPS0000222,VEH0004,2026-01-19 02:13:00,-31.30567,-15.575919,102.8,99,ON,91.5
GPS0000331,VEH0007,2026-07-06 11:35:00,-16.768841,130.016149,119.5,219,OFF,3.7
GPS0001778,VEH0047,2026-02-14 04:46:00,71.655373,-145.19446,18.2,188,OFF,30.9
GPS0001575,VEH0041,2026-04-02 10:10:00,33.780333,24.147787,109.7,153,ON,76.0
GPS0001904,VEH0037,2026-01-16 01:15:00,68.634275,-155.326941,55.9,46,ON,52.3
GPS0001330,VEH0010,2026-07-08 13:05:00,14.194,58.893897,104.6,221,OFF,45.2
GPS0000134,VEH0060,2026-04-07 23:42:00,35.691105,-34.181549,104.0,96,ON,91.4
GPS0002154,VEH0056,2026-03-31 17:34:00,-59.52371,59.818236,12.3,201,ON,14.3
GPS0002331,VEH0032,2026-03-24 21:02:00,66.093623,-22.027664,53.5,130,OFF,65.8
GPS0002216,VEH0046,2026-03-31 13:32:00,-15.81226,97.227234,113.1,209,OFF,17.3
GPS0002132,VEH0004,2026-04-19 08:09:00,22.879129,113.859447,104.3,100,OFF,38.9
GPS0000471,VEH0024,2026-05-21 10:27:00,176.299403,31.063167,79.4,328,OFF,58.1
GPS0001614,VEH0020,2026-02-07 20:57:00,4.747434,-23.1711,64.9,176,ON,43.9
GPS0002468,VEH0002,2026-04-12 02:44:00,1.983859,-131.989663,54.4,143,OFF,10.6
GPS0001226,VEH0034,2026-01-27 19:08:00,-2.919083,-84.070207,26.8,123,OFF,38.7
GPS0000092,VEH0019,2026-07-06 07:11:00,-75.257331,-158.252794,0.3,329,ON,14.7
GPS0000436,VEH0020,2026-06-13 01:49:00,46.981837,116.826548,30.9,191,OFF,99.4
GPS0001054,VEH0028,2026-05-29 08:11:00,45.250918,-103.64051,25.0,167,ON,17.4
GPS0000734,VEH0047,2026-02-27 08:15:00,-51.757174,82.091417,21.1,225,OFF,63.1
GPS0001071,VEH0022,2026-07-01 06:23:00,-64.826061,61.978732,15.4,348,OFF,46.2
GPS0001935,VEH0053,2026-06-21 04:09:00,-62.885921,134.357496,,7,OFF,51.2
GPS0001692,VEH0049,2026-04-04 14:52:00,-74.301915,151.234589,112.6,92,ON,20.8
GPS0002111,VEH0045,2026-03-10 07:35:00,64.605876,-81.099791,,91,OFF,37.6
GPS0001326,VEH0039,2026-06-03 15:37:00,59.880379,173.935715,32.5,1,ON,69.6
GPS0000012,VEH0047,2026-06-10 07:20:00,-55.835525,-137.61284,82.1,169,ON,62.0
GPS0000211,VEH0049,2026-04-21 09:39:00,44.135905,129.257109,67.5,122,OFF,58.4
GPS0001405,VEH0036,2026-02-11 00:07:00,-21.67607,-35.535927,26.5,193,OFF,51.0
GPS0000054,VEH0053,2026-01-17 17:45:00,58.264281,-91.333919,119.3,168,ON,77.4
GPS0001095,VEH0004,2026-04-17 05:52:00,23.570838,-149.621445,28.2,235,OFF,68.5
GPS0000780,VEH0015,2026-03-04 14:26:00,-71.764637,151.561488,56.7,133,ON,53.9
GPS0002462,VEH0059,2026-05-06 11:06:00,53.173865,177.764555,,166,OFF,28.7
GPS0002193,VEH0040,2026-02-04 09:44:00,65.969056,108.565791,44.9,339,OFF,69.5
GPS0000387,VEH0004,2026-04-01 02:41:00,-13.78907,98.81023,110.0,218,ON,72.5
GPS0002047,VEH0017,2026-04-23 07:09:00,68.73461,-3.44097,60.1,328,OFF,45.8
GPS0000233,VEH0021,2026-04-15 14:53:00,47.48188,60.460975,22.9,122,OFF,86.3
GPS0000855,VEH0032,2026-03-27 03:11:00,66.014056,17.520677,54.2,278,OFF,4.4
GPS0000147,VEH0042,2026-01-09 15:49:00,2.506912,14.02465,93.5,313,ON,62.0
GPS0002105,VEH0033,2026-01-17 20:21:00,74.789871,-115.401564,94.8,295,ON,1.7
GPS0000616,VEH0051,2026-05-04 16:10:00,6.960059,-54.9131,34.7,194,ON,40.1
GPS0001929,VEH0048,2026-02-10 01:20:00,54.316938,-139.93753,35.2,110,OFF,70.3
GPS0000620,VEH0059,2026-03-29 20:09:00,-11.241206,127.102956,65.9,83,OFF,86.9
GPS0000629,VEH0046,2026-03-14 21:03:00,-82.720056,103.364877,118.1,176,OFF,24.9
GPS0000996,VEH0019,2026-02-21 07:14:00,-63.963926,28.850365,66.5,291,ON,88.7
GPS0001178,VEH0057,2026-03-18 08:27:00,42.631113,155.837232,2.2,96,OFF,81.7
GPS0001986,VEH0049,2026-06-19 10:08:00,-42.930943,147.531942,47.4,259,OFF,56.7
GPS0000578,VEH0004,2026-03-27 18:52:00,54.979231,-123.942383,57.9,254,OFF,12.4
GPS0000794,VEH0044,2026-04-17 20:08:00,-53.66129,59.771602,27.5,25,ON,84.1
GPS0002296,VEH0050,2026-07-04 03:32:00,56.281926,-98.130952,54.6,50,OFF,2.8
GPS0001382,VEH0037,2026-03-18 12:20:00,10.845117,-50.206353,56.1,47,ON,18.0
GPS0000168,VEH0007,2026-04-07 06:44:00,-89.520968,35.169323,63.5,241,ON,0.8
GPS0001145,VEH0036,2026-05-03 03:32:00,57.164545,-174.021668,18.4,266,OFF,42.1
GPS0002433,VEH0037,2026-05-29 03:51:00,-28.835408,123.713187,23.1,73,ON,26.8
GPS0001207,VEH0031,2026-01-21 09:55:00,-87.711137,-105.377309,85.8,222,ON,21.1
GPS0002438,VEH0036,2026-01-25 17:42:00,51.781723,68.492304,9.7,33,ON,91.6
GPS0000759,VEH0016,2026-03-10 18:27:00,45.72535,-57.827038,45.2,190,ON,68.7
GPS0001738,VEH0008,2026-01-16 14:37:00,-39.148424,149.588124,9.1,273,OFF,99.0
GPS0002002,VEH0011,2026-01-25 21:31:00,42.169572,59.229907,4.8,78,ON,10.9
GPS0001471,VEH0059,2026-02-04 09:51:00,80.564468,-179.961986,108.0,149,ON,94.1
GPS0002008,VEH0046,2026-05-31 07:06:00,65.948512,-20.40892,81.1,104,ON,5.9
GPS0002114,VEH0052,2026-01-07 16:36:00,7.252531,-7.3095,55.6,186,OFF,56.0
GPS0000662,VEH0023,2026-04-17 14:30:00,-53.035593,74.599569,54.9,245,ON,75.3
GPS0002169,VEH0045,2026-06-25 01:04:00,-11.676072,68.282937,109.2,332,OFF,78.0
GPS0002208,VEH0025,2026-04-24 00:10:00,-9.516917,-66.689278,25.4,97,ON,64.0
GPS0001787,VEH0005,2026-01-26 16:01:00,81.840686,-156.86994,75.6,193,ON,24.9
GPS0000663,VEH0051,2026-01-22 23:24:00,-40.731163,87.421412,110.3,92,OFF,95.5
GPS0000530,VEH0041,2026-03-31 14:00:00,-11.624842,112.41336,68.0,215,OFF,46.2
GPS0001463,VEH0059,2026-06-04 06:15:00,56.579648,-10.283765,7.2,84,OFF,21.2
GPS0000060,VEH0047,2026-07-08 19:13:00,6.384714,156.013621,88.2,65,OFF,92.9
GPS0000949,VEH0044,2026-03-16 19:03:00,-88.208877,106.832744,25.3,48,ON,12.4
GPS0000282,VEH0013,2026-01-16 07:54:00,-88.730537,126.350324,56.6,255,OFF,59.4
GPS0002209,VEH0060,2026-04-11 22:07:00,40.582496,-105.382073,76.5,135,ON,80.1
GPS0001762,VEH0029,2026-01-25 02:00:00,-57.775213,77.042737,43.0,130,ON,4.4
GPS0001094,VEH0019,2026-02-17 00:11:00,84.029935,179.343426,5.4,156,OFF,38.6
GPS0001335,VEH0016,2026-02-16 19:12:00,-73.137809,-86.300087,7.6,187,OFF,65.1
GPS0002389,VEH0030,2026-07-11 19:34:00,-54.960638,51.188709,101.0,7,OFF,84.5
GPS0002364,VEH0060,2026-06-03 11:41:00,-54.221656,-11.390334,74.2,339,OFF,2.4
GPS0001862,VEH0049,2026-01-21 10:09:00,151.987288,31.02815,,109,ON,42.0
GPS0000519,VEH0044,2026-01-12 12:59:00,-12.559222,-178.742317,53.9,107,OFF,85.6
GPS0001088,VEH0018,2026-02-27 14:40:00,-62.3269,82.7592,106.5,54,OFF,93.0
GPS0000806,VEH0043,2026-06-09 11:10:00,-43.369285,-138.05448,19.2,87,ON,17.4
GPS0002266,VEH0051,2026-07-09 16:24:00,79.365298,-136.841596,48.9,5,ON,15.1
GPS0002168,VEH0011,2026-06-30 23:26:00,-3.734054,-153.25796,33.3,325,OFF,35.3
GPS0001903,VEH0044,2026-06-08 10:38:00,-49.803876,-25.353249,46.9,254,ON,52.4
GPS0001222,VEH0017,2026-02-27 23:14:00,63.247664,179.135348,85.5,296,OFF,16.2
GPS0000050,VEH0044,2026-07-12 09:01:00,52.641336,-130.759106,76.2,107,OFF,43.3
GPS0000644,VEH0012,2026-02-14 09:59:00,58.944638,-99.215667,94.6,342,ON,98.3
GPS0001007,VEH0036,2026-02-03 14:50:00,77.558369,102.484016,17.4,20,OFF,38.5
GPS0000802,VEH0015,2026-01-28 08:23:00,21.60341,58.515714,97.9,290,OFF,63.7
GPS0001586,VEH0026,2026-02-22 01:24:00,-20.151314,-44.422785,91.9,46,OFF,54.3
GPS0001958,VEH0022,2026-03-08 19:41:00,-13.563238,-95.771601,16.9,275,OFF,31.2
GPS0000850,VEH0056,2026-03-24 06:40:00,-47.96436,144.615722,15.6,83,ON,16.8
GPS0000425,VEH0025,2026-04-06 00:26:00,-52.54656,171.21922,11.5,14,OFF,69.9
GPS0000417,VEH0011,2026-06-14 13:22:00,-54.282797,-67.337648,62.8,215,ON,42.7
GPS0000001,VEH0006,2026-02-24 11:17:00,-43.765853,-72.210661,56.4,273,OFF,6.0
GPS0001815,VEH0040,2026-06-13 02:58:00,-68.422036,72.293878,18.8,76,OFF,19.7
GPS0001302,VEH0002,2026-04-09 06:52:00,57.91575,94.249499,17.3,25,OFF,7.2
GPS0000177,VEH0058,2026-06-07 02:44:00,43.26242,-73.813166,3.3,3,OFF,12.7
GPS0002015,VEH0045,2026-01-21 10:23:00,38.049217,-99.473547,112.1,298,ON,87.7
GPS0001115,VEH0004,2026-01-29 18:39:00,41.977399,-149.860166,115.8,154,OFF,88.8
GPS0000513,VEH0034,2026-06-15 01:03:00,11.34812,-121.208152,103.2,277,ON,42.0
GPS0000537,VEH0049,2026-04-24 13:29:00,20.926834,-35.234744,44.7,276,OFF,84.8
GPS0000920,VEH0057,2026-01-11 10:19:00,30.169731,-74.825864,18.8,149,OFF,37.0
GPS0000362,VEH0030,2026-02-21 13:54:00,-2.865655,81.56261,119.0,319,ON,53.2
GPS0002269,VEH0041,2026-03-06 13:36:00,-1.641732,-45.213693,96.3,347,OFF,23.7
GPS0001177,VEH0008,2026-03-21 03:11:00,85.674719,-176.579057,107.9,177,OFF,3.6
GPS0000337,VEH0058,2026-06-19 19:20:00,-38.931662,-105.461675,40.4,68,ON,75.4
GPS0000767,VEH0028,2026-04-14 20:31:00,-64.783244,-89.61216,61.4,315,ON,49.5
GPS0000435,VEH0011,2026-02-13 01:25:00,-23.519231,-148.002166,90.9,74,OFF,42.4
GPS0001055,VEH0003,2026-06-11 01:37:00,-36.940264,-10.676141,53.1,135,OFF,3.1
GPS0001788,VEH0048,2026-07-07 19:27:00,6.397035,46.489464,7.3,68,OFF,91.9
GPS0001513,VEH0044,2026-06-22 12:17:00,71.905663,104.215904,85.1,42,ON,34.2
GPS0001779,VEH0017,2026-06-13 03:05:00,67.848736,-95.176553,71.8,291,ON,62.9
GPS0000408,VEH0013,2026-06-20 10:08:00,-11.498602,-5.187403,86.2,116,ON,20.8
GPS0001240,VEH0017,2026-05-18 01:32:00,8.214235,26.814403,27.7,49,OFF,97.5
GPS0002150,VEH0029,2026-05-17 07:45:00,-27.400369,44.274737,13.0,345,ON,20.1
GPS0002452,VEH0031,2026-02-22 23:16:00,16.185964,104.801389,77.1,321,OFF,46.5
GPS0001577,VEH0025,2026-04-10 04:25:00,-28.41009,42.615297,71.3,222,OFF,63.7
GPS0001344,VEH0042,2026-01-18 19:28:00,-74.502087,93.630023,1.6,291,OFF,28.8
GPS0001396,VEH0014,2026-03-02 08:54:00,-3.59083,38.585781,2.3,352,OFF,8.5
GPS0002036,VEH0038,2026-05-10 21:51:00,-52.751452,38.221555,38.6,52,ON,48.0
GPS0001892,VEH0049,2026-06-02 05:45:00,28.421706,-99.216731,4.9,334,OFF,77.3
GPS0000479,VEH0029,2026-06-24 13:46:00,26.175812,-74.90553,18.9,298,OFF,19.6
GPS0001360,VEH0009,2026-03-14 06:49:00,9.221092,43.346796,23.2,9,ON,99.7
GPS0001269,VEH0045,2026-03-14 12:51:00,33.159934,45.219327,16.0,189,ON,31.9
GPS0002484,VEH0025,2026-02-04 15:16:00,-24.313415,-95.484547,54.2,270,ON,98.0
GPS0002358,VEH0045,2026-06-16 22:10:00,165.111929,-106.289178,43.5,185,ON,90.8
GPS0000626,VEH0050,2026-01-11 17:38:00,-84.480177,-123.802957,67.7,230,OFF,79.7
GPS0000040,VEH0009,2026-02-07 18:39:00,-62.64829,-15.340308,27.5,329,ON,52.3
GPS0001060,VEH0020,2026-05-03 10:43:00,-28.500448,-71.08246,33.1,307,ON,87.5
GPS0000081,VEH0053,2026-06-02 21:11:00,-64.764764,-12.035761,48.8,303,ON,53.1
GPS0000947,VEH0042,2026-05-29 22:14:00,-27.700328,-163.098991,22.5,338,OFF,35.4
GPS0000074,VEH0003,2026-06-27 12:35:00,-85.322387,86.169129,102.8,217,ON,8.9
GPS0000557,VEH0005,2026-05-23 14:09:00,75.380729,87.331392,14.1,72,ON,96.4
GPS0001927,VEH0026,2026-02-03 00:56:00,-26.574688,21.72768,,146,ON,62.1
GPS0002415,VEH0026,2026-01-18 08:53:00,-19.394516,-131.521578,7.1,134,OFF,73.4
GPS0001536,VEH0055,2026-04-02 05:46:00,66.370354,111.871215,14.9,346,ON,51.8
GPS0001160,VEH0058,2026-03-06 13:39:00,-44.009512,-34.626474,76.0,130,OFF,39.7
GPS0001132,VEH0021,2026-02-21 20:55:00,-53.819457,74.60001,103.5,27,OFF,29.0
GPS0002363,VEH0010,2026-01-01 03:00:00,12.862971,118.357927,119.6,176,OFF,58.2
GPS0001977,VEH0059,2026-01-07 18:39:00,-19.149496,-174.648772,14.6,147,OFF,71.7
GPS0000542,VEH0020,2026-01-09 01:31:00,-25.010712,46.366298,2.1,173,OFF,22.7
GPS0000508,VEH0052,2026-06-05 16:23:00,-33.332165,113.362415,14.4,96,OFF,55.6
GPS0002418,VEH0048,2026-05-27 23:00:00,-39.169897,31.329936,14.7,155,OFF,46.0
GPS0000489,VEH0026,2026-03-01 12:46:00,28.353897,177.307251,4.1,205,ON,3.5
GPS0001682,VEH0047,2026-01-14 14:06:00,47.059325,154.620268,118.3,158,OFF,59.7
GPS0001828,VEH0047,2026-07-19 01:07:00,-72.730318,58.935441,87.8,132,ON,46.3
GPS0001018,VEH0044,2026-03-05 17:53:00,-2.570945,-162.775738,103.5,307,ON,14.3
GPS0001218,VEH0007,2026-01-19 04:21:00,167.521708,-109.110877,72.4,66,ON,52.1
GPS0001598,VEH0043,2026-05-14 19:35:00,-53.513064,-69.985444,95.1,50,ON,39.7
GPS0000463,VEH0005,2026-07-05 19:47:00,-36.196987,75.021218,104.2,114,OFF,87.5
GPS0002130,VEH0029,2026-05-09 09:06:00,44.751101,-18.464225,25.7,103,ON,29.4
GPS0002362,VEH0041,2026-01-03 04:11:00,-16.775568,128.694817,18.1,163,ON,3.0
GPS0000862,VEH0042,2026-03-28 16:18:00,23.254041,-89.53831,114.9,104,OFF,50.1
GPS0000527,VEH0016,2026-02-27 04:34:00,-39.547224,-91.217937,30.3,69,ON,90.0
GPS0001932,VEH0026,2026-03-26 14:18:00,-86.549672,148.047718,45.5,121,ON,51.3
GPS0001401,VEH0022,2026-04-10 19:29:00,-1.897883,132.25566,50.2,147,ON,69.4
GPS0000284,VEH0050,2026-04-04 09:25:00,-69.546167,19.045322,4.9,88,ON,36.8
GPS0001893,VEH0059,2026-07-05 07:00:00,-87.008786,-127.284189,45.9,50,ON,34.1
GPS0001087,VEH0003,2026-01-27 20:50:00,-24.793327,-77.135312,119.7,37,ON,69.5
GPS0000873,VEH0058,2026-03-17 06:17:00,-89.893819,-157.626416,69.0,177,OFF,63.8
GPS0000591,VEH0045,2026-03-04 12:56:00,26.701373,164.08137,114.1,68,OFF,33.5
GPS0000065,VEH0007,2026-04-02 13:24:00,84.011737,-175.072297,58.5,248,OFF,1.9
GPS0001083,VEH0043,2026-04-12 11:17:00,16.964459,40.503475,112.6,28,OFF,28.2
GPS0002160,VEH0055,2026-05-16 10:55:00,13.305508,136.780718,48.7,145,ON,25.0
GPS0001754,VEH0028,2026-02-16 00:47:00,-46.421939,16.588449,84.9,57,OFF,10.6
GPS0000730,VEH0021,2026-01-03 07:05:00,32.554634,111.748816,99.8,155,ON,96.1
GPS0001430,VEH0047,2026-04-25 14:12:00,-22.656556,-131.752984,104.9,121,ON,12.1
GPS0000353,VEH0026,2026-07-06 06:45:00,49.709359,130.989715,109.1,71,OFF,40.8
GPS0000954,VEH0019,2026-01-11 23:09:00,-34.838699,137.962708,119.9,222,ON,0.0
GPS0001439,VEH0009,2026-06-01 16:03:00,-80.06948,-15.655499,105.3,276,ON,75.5
GPS0002295,VEH0032,2026-05-14 04:55:00,-28.884715,26.762955,105.6,279,ON,17.1
GPS0000035,VEH0025,2026-05-01 18:26:00,-32.855365,-164.967656,37.5,208,ON,47.9
GPS0002094,VEH0001,2026-01-20 15:42:00,-0.656156,123.115282,107.8,42,ON,67.1
GPS0001702,VEH0060,2026-05-16 14:44:00,-18.689752,64.058906,23.3,65,ON,96.4
GPS0000020,VEH0037,2026-02-07 13:38:00,-78.862984,126.316824,39.0,118,OFF,49.6
GPS0000623,VEH0060,2026-03-02 03:47:00,-14.638645,-53.04404,119.4,122,OFF,99.1
GPS0002197,VEH0046,2026-06-08 04:51:00,29.737725,160.938442,54.1,81,OFF,57.7
GPS0001534,VEH0011,2026-06-01 03:44:00,13.208722,9.387852,47.1,248,OFF,35.9
GPS0001873,VEH0010,2026-01-07 09:20:00,-15.838618,-100.988292,6.9,156,ON,63.2
GPS0001270,VEH0059,2026-07-15 11:04:00,-81.644773,-175.650608,104.2,231,ON,54.9
GPS0001082,VEH0053,2026-05-26 12:37:00,43.862596,-174.579352,0.3,312,OFF,45.5
GPS0000164,VEH0008,2026-06-11 20:06:00,-73.899196,102.83833,67.9,24,OFF,0.6
GPS0002138,VEH0057,2026-01-11 00:35:00,-32.708695,50.110565,78.6,278,ON,58.3
GPS0000199,VEH0039,2026-05-14 07:49:00,34.22937,-62.732316,45.0,299,ON,69.3
GPS0000409,VEH0049,2026-06-18 20:25:00,-71.572077,140.707589,110.5,94,OFF,92.5
GPS0000143,VEH0027,2026-02-03 20:59:00,79.330348,0.4171,29.7,84,OFF,59.5
GPS0000023,VEH0006,2026-05-07 14:49:00,-47.549331,135.136862,90.3,243,OFF,24.5
GPS0000205,VEH0029,2026-03-29 11:08:00,178.768421,-38.960106,114.1,321,ON,15.8
GPS0001006,VEH0029,2026-02-22 19:31:00,-3.944121,99.04824,69.3,88,OFF,34.5
GPS0000642,VEH0012,2026-05-29 02:52:00,-83.581967,-122.026689,20.1,337,ON,89.5
GPS0002041,VEH0013,2026-03-03 10:08:00,-70.277751,-46.06673,24.9,180,ON,86.1
GPS0002273,VEH0005,2026-05-23 23:46:00,38.587748,-86.169947,62.3,64,OFF,37.0
GPS0001728,VEH0006,2026-04-09 20:21:00,-22.325984,-55.185031,8.7,160,ON,40.6
GPS0000889,VEH0010,2026-03-22 11:22:00,17.137956,-153.672211,26.3,10,OFF,10.1
GPS0001863,VEH0022,2026-06-30 12:56:00,16.620239,46.712809,99.6,345,ON,95.8
GPS0001777,VEH0040,2026-03-26 01:13:00,-29.008123,119.647685,45.4,177,OFF,78.4
GPS0000532,VEH0033,2026-06-28 05:25:00,-82.731,-149.264002,31.8,119,OFF,45.8
GPS0001978,VEH0014,2026-02-07 08:43:00,11.910556,39.521655,73.2,65,ON,49.2
GPS0001106,VEH0045,2026-03-27 23:38:00,47.24233,3.785825,30.9,256,OFF,54.3
GPS0000400,VEH0035,2026-05-14 10:26:00,48.430438,-125.274581,64.9,158,ON,87.9
GPS0002313,VEH0031,2026-04-05 21:40:00,12.967978,172.310364,85.2,270,OFF,29.5
GPS0000641,VEH0050,2026-05-25 19:50:00,-33.157422,161.296821,113.5,293,OFF,74.1
GPS0001618,VEH0033,2026-06-26 15:28:00,34.27955,95.215514,56.7,288,OFF,5.5
GPS0000720,VEH0036,2026-05-07 20:47:00,-46.888089,78.108364,107.7,206,OFF,68.3
GPS0000391,VEH0023,2026-07-13 13:27:00,27.33256,116.300902,59.1,286,ON,86.7
GPS0000936,VEH0017,2026-01-15 19:31:00,-35.373664,22.126959,53.0,358,OFF,46.4
GPS0001949,VEH0038,2026-04-27 12:35:00,-79.223397,108.588307,82.3,137,OFF,76.0
GPS0000139,VEH0041,2026-01-03 03:10:00,60.228904,-10.804446,93.1,327,OFF,7.0
GPS0001922,VEH0030,2026-03-04 13:24:00,41.999576,4.082258,119.9,337,ON,30.9
GPS0001782,VEH0037,2026-01-20 18:05:00,81.188791,-151.693678,60.7,77,OFF,4.8
GPS0001119,VEH0025,2026-07-04 20:11:00,21.44283,64.520584,40.6,324,ON,72.4
GPS0002431,VEH0023,2026-03-19 12:29:00,-33.864601,128.090097,75.6,282,OFF,23.5
GPS0002315,VEH0058,2026-05-09 22:30:00,-39.295945,170.575287,95.0,54,OFF,43.1
GPS0001966,VEH0041,2026-07-10 21:00:00,-70.984533,99.589663,92.6,68,OFF,97.1
GPS0000953,VEH0052,2026-02-14 19:19:00,59.625809,103.012616,116.1,30,OFF,91.3
GPS0002234,VEH0015,2026-07-06 02:09:00,101.499853,103.441359,70.3,10,ON,84.0
GPS0002060,VEH0032,2026-07-02 13:05:00,-19.713557,69.919549,96.7,278,ON,33.9
GPS0002158,VEH0015,2026-05-20 21:44:00,87.587332,-131.703886,27.2,231,OFF,10.0
GPS0000129,VEH0014,2026-06-13 18:25:00,44.781668,-27.238145,6.7,150,ON,42.4
GPS0002421,VEH0040,2026-03-26 17:20:00,12.370912,-165.242942,19.3,55,OFF,4.9
GPS0000161,VEH0009,2026-01-30 16:11:00,23.649961,117.589726,118.7,243,OFF,12.4
GPS0000932,VEH0012,2026-06-02 06:02:00,-31.370683,85.775507,102.8,6,OFF,93.8
GPS0002028,VEH0032,2026-01-17 06:37:00,48.075581,-147.048631,119.5,17,ON,47.9
GPS0001468,VEH0055,2026-05-05 18:07:00,23.817308,-124.647737,63.2,332,OFF,75.8
GPS0000421,VEH0021,2026-03-05 03:55:00,-28.997377,64.24492,28.2,138,ON,56.7
GPS0002018,VEH0047,2026-06-21 10:39:00,-9.573014,-55.451848,66.2,328,ON,66.2
GPS0002099,VEH0048,2026-03-03 17:10:00,23.121724,139.244174,113.1,286,ON,31.9
GPS0000287,VEH0001,2026-05-12 20:58:00,177.936183,-115.615305,59.3,283,ON,84.3
GPS0002201,VEH0029,2026-06-08 01:25:00,-22.520048,-152.299991,71.0,118,ON,42.0
GPS0002164,VEH0030,2026-05-06 21:44:00,155.487899,-11.316964,95.4,230,ON,5.0
GPS0001924,VEH0053,2026-06-21 19:49:00,83.126913,-124.305641,117.0,115,ON,53.8
GPS0001541,VEH0005,2026-06-25 04:19:00,62.172295,-124.432029,12.1,92,ON,79.1
GPS0002310,VEH0054,2026-06-09 19:52:00,2.194787,-26.324559,43.6,339,OFF,14.2
GPS0001080,VEH0023,2026-05-09 08:45:00,22.601929,-94.391887,89.0,150,ON,80.9
GPS0000740,VEH0053,2026-01-30 15:04:00,-47.417364,-129.306913,23.4,347,OFF,55.0
GPS0002329,VEH0030,2026-06-19 13:46:00,25.966311,-168.536504,50.9,268,ON,33.2
GPS0000136,VEH0032,2026-04-28 14:19:00,56.442654,32.70936,101.8,315,OFF,81.1
GPS0002189,VEH0058,2026-02-09 04:30:00,-29.697229,104.827062,73.9,133,ON,28.3
GPS0002302,VEH0036,2026-07-01 05:51:00,-10.629944,-119.586194,103.3,51,ON,6.9
GPS0000212,VEH0016,2026-01-28 02:41:00,-57.511975,-4.834209,108.9,139,OFF,81.7
GPS0002088,VEH0051,2026-07-10 16:25:00,-88.712908,8.390215,80.2,210,ON,58.7
GPS0001520,VEH0025,2026-03-19 02:14:00,-54.495729,34.780946,107.4,325,OFF,73.1
GPS0000275,VEH0027,2026-04-01 11:23:00,-14.700704,-93.888936,47.3,34,OFF,2.3
GPS0001784,VEH0012,2026-03-22 21:54:00,-43.226601,72.047597,101.5,205,ON,77.0
GPS0000089,VEH0019,2026-06-10 05:49:00,58.147717,-151.041253,65.9,5,ON,96.5
GPS0000751,VEH0041,2026-07-11 02:56:00,41.206311,-110.613601,39.9,54,ON,45.2
GPS0001832,VEH0002,2026-05-12 11:31:00,34.801559,154.543409,35.9,36,OFF,7.5
GPS0000299,VEH0008,2026-05-21 01:19:00,86.342637,167.979203,59.9,117,ON,3.4
GPS0002499,VEH0005,2026-05-09 10:17:00,82.861064,134.145899,34.8,92,OFF,61.5
GPS0001843,VEH0022,2026-05-28 13:32:00,86.753749,-25.967094,63.0,280,ON,62.3
GPS0000262,VEH0008,2026-06-09 21:44:00,127.992531,-40.712617,28.3,46,ON,78.9
GPS0002262,VEH0029,2026-07-17 09:40:00,109.926291,151.344456,76.7,112,OFF,51.1
GPS0001407,VEH0030,2026-02-17 16:36:00,63.750817,6.571771,54.5,247,ON,31.9
GPS0000104,VEH0010,2026-02-10 07:09:00,-46.951976,160.29224,115.9,262,ON,9.2
GPS0001974,VEH0051,2026-05-01 04:57:00,159.668171,-177.755522,108.5,205,ON,74.1
GPS0002409,VEH0039,2026-02-08 15:25:00,-70.950824,121.564892,17.9,106,ON,94.3
GPS0000927,VEH0032,2026-02-03 20:02:00,75.757423,126.240779,8.6,289,OFF,82.6
GPS0002076,VEH0059,2026-02-01 13:30:00,-80.202644,-76.379836,17.3,125,ON,26.5
GPS0000366,VEH0036,2026-06-29 20:26:00,45.587594,121.282207,22.2,140,OFF,25.5
GPS0002194,VEH0021,2026-04-16 23:32:00,-87.470067,113.279628,3.7,109,ON,13.5
GPS0000529,VEH0020,2026-01-30 04:30:00,-42.828661,33.793249,65.2,353,ON,44.3
GPS0000045,VEH0052,2026-04-19 03:56:00,-86.967786,2.158605,24.8,53,ON,51.1
GPS0000309,VEH0059,2026-07-13 09:28:00,-25.720112,-3.507044,94.0,289,ON,29.6
GPS0000449,VEH0004,2026-05-01 21:59:00,-16.508862,7.676843,106.9,335,OFF,16.9
GPS0000572,VEH0049,2026-07-12 02:46:00,-55.502822,112.044304,90.5,6,OFF,29.7
GPS0002443,VEH0006,2026-04-25 23:01:00,-0.445973,-73.788995,37.9,308,OFF,50.5
GPS0002004,VEH0060,2026-07-15 23:45:00,40.29359,32.635258,17.7,336,OFF,46.1
GPS0001173,VEH0011,2026-06-11 23:35:00,28.248001,138.857485,30.2,48,ON,4.1
GPS0000600,VEH0017,2026-02-16 13:14:00,69.229947,-60.364613,114.1,197,ON,99.7
GPS0001736,VEH0007,2026-05-08 22:54:00,35.557532,-85.141694,104.0,274,ON,21.8
GPS0000834,VEH0027,2026-05-05 13:15:00,56.273995,-101.845548,42.9,305,OFF,26.9
GPS0000942,VEH0046,2026-06-29 04:00:00,-34.614141,-20.140527,75.4,235,ON,10.9
GPS0000063,VEH0008,2026-04-29 23:07:00,37.11161,-20.826916,1.2,183,OFF,76.7
GPS0000987,VEH0013,2026-02-20 21:52:00,75.848261,10.330461,57.2,39,OFF,90.4
GPS0001393,VEH0046,2026-04-05 02:25:00,-72.77556,174.543078,66.1,106,OFF,15.8
GPS0000333,VEH0013,2026-02-07 04:18:00,-37.497411,85.15382,10.2,113,ON,8.1
GPS0002232,VEH0044,2026-01-13 16:42:00,-68.047385,-175.346537,48.1,80,OFF,31.5
GPS0001791,VEH0059,2026-06-05 22:04:00,-41.605048,168.302015,6.9,141,OFF,39.8
GPS0001349,VEH0039,2026-05-19 22:39:00,24.862033,-109.834585,118.4,289,OFF,67.2
GPS0001755,VEH0027,2026-04-02 16:03:00,-34.800231,-9.381284,38.8,155,ON,34.7
GPS0001167,VEH0026,2026-05-13 02:45:00,-29.835948,-110.598355,26.6,132,ON,60.4
GPS0000630,VEH0050,2026-04-06 04:44:00,-59.625074,-176.908321,44.5,134,ON,89.9
GPS0001637,VEH0017,2026-04-27 16:29:00,14.629159,-60.044946,49.3,34,ON,16.7
GPS0001594,VEH0043,2026-06-21 11:36:00,29.706842,166.755131,,287,ON,95.5
GPS0002291,VEH0035,2026-05-12 04:55:00,-48.695257,-76.337861,105.7,35,OFF,52.3
GPS0001805,VEH0031,2026-03-06 18:16:00,34.354062,170.034401,41.5,11,OFF,8.5
GPS0002033,VEH0026,2026-03-11 03:12:00,-12.081806,-36.686174,14.6,320,OFF,0.2
GPS0000824,VEH0043,2026-03-13 00:57:00,58.169193,-122.442814,54.8,77,OFF,51.5
GPS0001223,VEH0034,2026-07-17 05:53:00,-89.035623,146.224584,23.0,28,OFF,92.7
GPS0001669,VEH0009,2026-02-07 23:47:00,-58.148976,50.277083,17.8,98,ON,61.4
GPS0000461,VEH0051,2026-03-23 12:21:00,54.327253,-96.19894,106.9,288,ON,100.0
GPS0001708,VEH0013,2026-04-24 00:28:00,-44.049597,-125.788572,12.6,180,OFF,24.3
GPS0000160,VEH0037,2026-01-21 14:06:00,9.515472,-98.692573,97.6,300,ON,99.4
GPS0000740,VEH0053,2026-01-30 15:04:00,-47.417364,-129.306913,23.4,347,OFF,55.0
GPS0001673,VEH0009,2026-01-01 17:46:00,79.832447,63.823616,100.7,232,OFF,79.3
GPS0001790,VEH0030,2026-01-23 07:44:00,-76.822405,71.384156,67.2,175,ON,18.4
GPS0001971,VEH0010,2026-07-17 06:23:00,56.16435,-99.775935,91.1,177,OFF,18.0
GPS0001507,VEH0045,2026-07-18 07:21:00,-70.109166,53.348465,89.3,97,OFF,65.1
GPS0000084,VEH0006,2026-04-30 04:19:00,-17.64038,12.639076,80.7,311,OFF,42.5
GPS0002385,VEH0014,2026-05-06 02:21:00,-63.097296,-104.281162,83.1,53,ON,74.4
GPS0000428,VEH0023,2026-05-03 09:45:00,73.736978,30.746682,95.8,341,OFF,60.6
GPS0000290,VEH0016,2026-01-21 12:19:00,79.730997,-13.250082,95.9,134,ON,41.8
GPS0002279,VEH0056,2026-01-29 18:24:00,25.863873,25.995707,69.3,64,ON,60.2
GPS0000240,VEH0040,2026-03-09 12:24:00,73.080976,-99.60642,87.9,325,ON,22.0
GPS0001198,VEH0043,2026-02-03 09:37:00,-89.236282,-43.625894,99.2,289,OFF,24.6
GPS0000770,VEH0051,2026-03-11 03:53:00,165.390504,135.426407,54.8,37,OFF,71.4
GPS0000402,VEH0045,2026-02-15 05:51:00,-88.804145,-78.630089,26.7,333,ON,19.6
GPS0000155,VEH0020,2026-04-06 18:30:00,66.138439,53.992328,20.7,131,ON,56.1
GPS0000619,VEH0029,2026-05-22 22:41:00,-12.63683,71.519705,115.4,284,ON,31.1
GPS0002178,VEH0059,2026-03-27 15:11:00,41.578423,-141.711127,1.1,2,ON,70.2
GPS0001091,VEH0040,2026-01-12 01:51:00,0.221787,64.204838,88.1,185,OFF,2.3
GPS0000296,VEH0041,2026-04-06 03:42:00,-41.522147,104.253925,43.3,270,ON,76.9
GPS0001646,VEH0023,2026-02-06 12:02:00,63.334876,161.732394,77.1,269,ON,91.3
GPS0000280,VEH0007,2026-05-08 11:16:00,-15.274026,-124.677471,116.1,139,ON,21.5
GPS0000582,VEH0058,2026-06-15 06:19:00,-83.599022,177.288393,67.5,18,ON,80.6
GPS0002383,VEH0057,2026-04-18 19:34:00,-3.36186,0.197441,89.6,77,OFF,45.9
GPS0001491,VEH0029,2026-03-23 15:03:00,35.004803,-146.005166,8.4,211,ON,13.0
GPS0002023,VEH0019,2026-02-17 00:15:00,12.020851,54.889424,31.8,19,ON,49.0
GPS0002205,VEH0014,2026-06-18 10:17:00,-33.29137,-151.65842,87.8,7,ON,61.8
GPS0000719,VEH0034,2026-03-11 18:37:00,2.059219,-115.45127,84.6,163,OFF,91.7
GPS0000723,VEH0008,2026-04-12 17:35:00,3.251369,-178.802331,43.6,190,OFF,17.4
GPS0000596,VEH0021,2026-05-24 16:30:00,-54.389239,141.093161,48.5,124,OFF,46.2
GPS0000970,VEH0031,2026-06-30 06:11:00,31.525516,106.438818,91.9,6,ON,1.1
GPS0000699,VEH0042,2026-05-19 01:31:00,83.060537,102.433511,86.9,176,OFF,7.9
GPS0000977,VEH0003,2026-01-08 19:36:00,-77.058928,1.930532,74.8,335,OFF,47.9
GPS0001104,VEH0004,2026-02-25 16:18:00,-3.642715,4.020054,93.7,175,ON,57.7
GPS0000951,VEH0053,2026-02-02 16:45:00,42.071732,104.606211,108.0,13,OFF,78.5
GPS0001676,VEH0043,2026-03-06 03:38:00,19.576638,-52.770716,26.6,171,OFF,38.0
GPS0000427,VEH0018,2026-04-07 01:35:00,-25.086562,-85.073797,41.4,66,OFF,97.8
GPS0000176,VEH0024,2026-03-05 21:25:00,-75.082044,-1.811314,116.6,332,ON,23.9
GPS0000080,VEH0048,2026-02-20 07:28:00,89.954714,160.763128,64.6,106,ON,72.0
GPS0000594,VEH0022,2026-05-30 06:52:00,-67.4047,-80.806553,73.1,51,ON,4.5
GPS0001726,VEH0040,2026-02-24 01:41:00,-26.946429,133.784424,11.3,137,ON,23.0
GPS0001336,VEH0001,2026-02-08 08:40:00,-61.865444,-36.455244,15.8,234,ON,43.7
GPS0000492,VEH0030,2026-07-08 07:31:00,77.264319,89.614022,104.8,84,ON,2.1
GPS0000989,VEH0018,2026-01-10 01:08:00,30.678015,-112.476198,74.1,147,OFF,86.1
GPS0001408,VEH0043,2026-02-11 17:16:00,-60.557181,-85.371108,85.0,125,OFF,90.4
GPS0001643,VEH0034,2026-05-18 02:33:00,-26.465819,166.703371,113.0,346,OFF,48.9
GPS0000825,VEH0034,2026-01-17 19:52:00,-33.647169,118.501606,52.7,211,ON,6.5
GPS0000495,VEH0003,2026-05-11 04:08:00,-35.722648,-105.735531,56.7,123,ON,52.1
GPS0000800,VEH0030,2026-03-03 22:22:00,-36.419532,-95.673365,74.1,10,ON,1.7
GPS0001002,VEH0001,2026-04-12 15:01:00,15.677883,158.203792,50.5,339,OFF,87.1
GPS0000848,VEH0025,2026-07-14 17:47:00,-18.46488,166.525809,110.1,270,ON,75.3
GPS0001476,VEH0023,2026-01-22 05:58:00,-61.54546,-159.502273,49.9,170,ON,65.0
GPS0001502,VEH0051,2026-01-07 11:27:00,17.803777,-172.241541,89.8,187,OFF,10.2
GPS0001403,VEH0045,2026-05-18 20:35:00,39.644634,144.144827,51.2,125,ON,56.7
GPS0000888,VEH0044,2026-04-30 08:06:00,-53.037567,132.66819,104.5,299,ON,0.0
GPS0002146,VEH0060,2026-06-22 18:00:00,56.747903,-9.902995,32.5,62,OFF,54.7
GPS0002417,VEH0004,2026-07-16 09:09:00,29.525116,123.022944,79.2,4,OFF,58.5
GPS0001759,VEH0003,2026-03-06 14:21:00,-62.333332,90.212485,98.7,343,OFF,63.0
GPS0002477,VEH0023,2026-04-18 20:18:00,-19.913097,-132.733779,101.2,43,ON,39.0
GPS0001340,VEH0013,2026-01-23 14:16:00,-60.032599,82.28324,102.9,23,ON,42.5
GPS0001624,VEH0001,2026-03-27 00:32:00,-39.898062,-143.711972,6.6,192,OFF,48.5
GPS0002113,VEH0023,2026-05-22 23:21:00,-36.628787,1.041834,84.6,119,ON,89.7
GPS0001822,VEH0014,2026-05-08 23:28:00,-12.109795,26.599277,36.6,342,OFF,6.2
GPS0000410,VEH0009,2026-03-12 07:48:00,20.330292,-144.233522,55.8,4,ON,13.6
GPS0000013,VEH0052,2026-03-31 11:25:00,28.197978,-115.094534,21.6,237,ON,94.9
GPS0001671,VEH0045,2026-04-05 01:25:00,-5.164638,-60.90576,119.5,275,ON,20.2
GPS0000405,VEH0011,2026-06-15 06:19:00,-87.612977,-103.623094,30.2,214,ON,29.6
GPS0001901,VEH0045,2026-03-24 18:00:00,-73.177331,27.254842,85.1,199,OFF,25.9
GPS0001098,VEH0027,2026-03-29 20:32:00,-50.253038,146.54766,95.0,7,ON,16.9
GPS0001220,VEH0011,2026-02-20 20:22:00,-87.977039,177.581015,12.3,255,OFF,61.5
GPS0000793,VEH0054,2026-05-22 14:58:00,49.743328,13.548446,50.0,9,OFF,45.5
GPS0002444,VEH0050,2026-07-08 01:20:00,-27.112709,7.446166,47.0,299,OFF,99.2
GPS0000952,VEH0043,2026-03-17 03:07:00,10.740386,-95.153708,55.3,314,ON,31.2
GPS0001526,VEH0057,2026-03-16 04:36:00,44.513066,-159.91884,101.5,79,ON,22.7
GPS0001210,VEH0057,2026-06-27 10:38:00,22.433259,-35.366879,93.5,134,ON,60.2
GPS0002424,VEH0053,2026-04-14 22:26:00,59.576675,23.815638,50.1,151,ON,90.6
GPS0000975,VEH0014,2026-04-02 12:09:00,42.275703,-91.077161,35.0,0,OFF,19.9
GPS0001662,VEH0017,2026-03-02 05:43:00,37.564557,-176.331255,115.9,72,ON,35.8
GPS0002118,VEH0038,2026-07-10 13:02:00,-78.428033,55.523467,60.9,143,ON,15.1
GPS0000216,VEH0025,2026-02-16 10:07:00,47.002154,90.696804,95.8,314,ON,82.6
GPS0002391,VEH0018,2026-01-25 13:24:00,84.517995,31.077145,30.5,191,ON,69.6
GPS0000501,VEH0038,2026-07-18 13:52:00,69.177754,-138.576067,65.2,284,OFF,39.4
GPS0002332,VEH0047,2026-06-04 08:01:00,71.53389,-50.950958,5.7,253,ON,32.7
GPS0000472,VEH0050,2026-04-20 14:19:00,-48.108503,161.185579,93.5,130,ON,51.6
GPS0001653,VEH0041,2026-04-23 11:34:00,-73.274789,-173.097464,79.7,325,ON,66.6
GPS0000539,VEH0042,2026-04-14 06:29:00,-85.954555,116.535231,76.1,258,OFF,82.9
GPS0001409,VEH0032,2026-01-21 15:39:00,41.619228,114.732597,7.7,225,ON,41.7
GPS0001131,VEH0007,2026-02-10 13:02:00,52.447847,-124.113327,89.2,204,ON,51.6
GPS0000991,VEH0018,2026-05-19 17:36:00,-33.602793,34.260423,84.2,271,OFF,89.1
GPS0001305,VEH0025,2026-06-01 21:10:00,-2.784848,-48.260301,12.4,157,ON,76.2
GPS0002493,VEH0060,2026-05-17 01:03:00,-36.886449,-90.694051,102.9,172,OFF,36.1
GPS0001009,VEH0029,2026-01-19 19:05:00,1.070824,-49.04283,58.0,107,ON,31.8
GPS0001550,VEH0041,2026-05-27 23:28:00,54.493836,-134.365713,111.4,232,ON,22.4
GPS0000875,VEH0015,2026-03-31 14:17:00,-77.035148,7.772614,104.6,81,OFF,39.8
GPS0000497,VEH0045,2026-06-29 00:23:00,34.605316,130.705873,56.8,351,ON,52.2
GPS0000312,VEH0017,2026-03-13 18:53:00,-29.619589,-122.856505,68.9,188,ON,41.6
GPS0000132,VEH0015,2026-06-28 02:33:00,-31.976912,168.299387,1.1,357,ON,67.4
GPS0000252,VEH0054,2026-04-10 02:27:00,-66.296079,92.697263,91.2,347,OFF,29.2
GPS0001315,VEH0045,2026-02-21 05:44:00,-40.866364,-146.734943,101.4,172,ON,90.6
GPS0001048,VEH0018,2026-01-31 09:29:00,3.2666,0.940155,28.9,91,OFF,77.1
GPS0002487,VEH0031,2026-03-20 14:32:00,80.916423,-98.15316,1.1,3,ON,7.9
GPS0000137,VEH0029,2026-06-24 07:30:00,-22.692474,160.457903,38.1,80,ON,11.2
GPS0000648,VEH0053,2026-02-18 23:10:00,87.055799,-136.651781,10.8,82,OFF,43.1
GPS0000595,VEH0031,2026-02-16 06:31:00,-4.101147,53.192984,100.1,204,ON,39.2
GPS0001818,VEH0008,2026-04-21 15:29:00,-58.356669,121.696616,66.6,145,ON,13.0
GPS0000585,VEH0046,2026-05-21 09:02:00,56.094752,22.40212,83.8,162,ON,25.3
GPS0000811,VEH0047,2026-02-25 09:25:00,63.041693,-99.903698,90.3,181,OFF,84.8
GPS0002027,VEH0030,2026-06-08 07:11:00,-23.661845,108.172515,51.4,270,OFF,40.9
GPS0000279,VEH0060,2026-05-05 03:36:00,60.002751,-172.43477,108.1,11,OFF,28.9
GPS0000360,VEH0053,2026-07-02 04:06:00,172.665323,-104.985076,19.5,42,OFF,57.3
GPS0001542,VEH0017,2026-03-18 04:32:00,-28.022723,-13.733549,59.3,260,ON,11.8
GPS0001907,VEH0041,2026-04-25 23:28:00,-4.667903,120.859554,35.7,134,OFF,23.9
GPS0001602,VEH0013,2026-03-15 13:37:00,86.564773,7.858313,39.5,61,ON,9.6
GPS0002084,VEH0020,2026-03-11 20:47:00,-55.837672,-94.3626,100.4,342,OFF,27.5
GPS0001264,VEH0038,2026-02-19 16:59:00,-76.118891,153.629785,56.9,104,ON,32.8
GPS0000351,VEH0040,2026-03-05 02:59:00,56.075202,-80.933489,46.9,18,OFF,56.5
GPS0002186,VEH0055,2026-04-27 14:55:00,82.093733,-169.084341,51.2,157,ON,96.7
GPS0002432,VEH0005,2026-02-11 23:10:00,-10.04732,102.998761,51.3,195,OFF,71.8
GPS0001547,VEH0006,2026-04-13 12:43:00,-41.91949,-116.730028,3.7,94,ON,27.7
GPS0001530,VEH0008,2026-05-31 04:51:00,-26.216483,-120.106312,53.2,210,OFF,82.0
GPS0000028,VEH0048,2026-07-19 02:19:00,26.369554,60.773589,100.4,178,OFF,46.1
GPS0000148,VEH0007,2026-05-28 09:35:00,71.625151,-84.616917,52.1,22,OFF,87.7
GPS0000660,VEH0030,2026-04-06 05:07:00,76.78904,-88.344457,20.6,135,OFF,61.1
GPS0001710,VEH0045,2026-01-06 21:53:00,51.533317,-133.95452,118.6,9,OFF,21.0
GPS0002236,VEH0011,2026-02-22 16:54:00,70.273605,132.387454,30.0,0,OFF,72.5
GPS0000571,VEH0027,2026-07-12 15:11:00,-88.749032,162.260944,37.2,344,OFF,74.6
GPS0001443,VEH0010,2026-03-25 04:06:00,-14.540683,-13.979585,59.8,94,ON,13.3
GPS0002044,VEH0046,2026-04-21 16:31:00,-13.541307,-5.529878,16.6,332,OFF,68.5
GPS0002030,VEH0037,2026-01-21 05:08:00,-89.578092,163.743401,86.3,293,OFF,51.6
GPS0000650,VEH0034,2026-07-06 23:05:00,42.942877,158.832718,42.3,103,OFF,50.3
GPS0000869,VEH0029,2026-03-29 12:49:00,-2.104568,-3.587494,8.4,119,ON,15.5
GPS0001848,VEH0022,2026-06-20 08:56:00,-43.241211,-131.030642,49.2,2,OFF,43.1
GPS0000891,VEH0038,2026-03-29 06:06:00,-16.442487,-157.979017,117.0,108,OFF,30.4
GPS0002455,VEH0050,2026-06-29 23:29:00,71.855074,42.003478,73.6,16,OFF,77.5
GPS0001052,VEH0056,2026-01-25 23:03:00,133.008483,-66.841151,82.6,197,ON,96.0
GPS0000828,VEH0009,2026-07-10 22:00:00,-60.223126,149.006241,74.8,210,ON,66.8
GPS0001022,VEH0033,2026-02-14 17:03:00,-0.149183,67.306639,32.7,273,OFF,2.3
GPS0001851,VEH0032,2026-02-18 10:26:00,5.98231,-71.720721,81.5,238,OFF,13.7
GPS0001965,VEH0004,2026-02-10 21:30:00,-30.960179,-126.338809,112.8,307,ON,7.3
GPS0001882,VEH0042,2026-02-08 07:46:00,-58.7174,-144.491333,75.3,316,OFF,50.3
GPS0001714,VEH0014,2026-06-20 02:55:00,77.524942,177.896978,5.1,122,OFF,80.0
GPS0001058,VEH0036,2026-06-11 21:22:00,-65.196901,37.044874,27.3,8,ON,41.2
GPS0000598,VEH0056,2026-06-29 16:12:00,52.289539,-119.745275,42.6,357,ON,6.1
GPS0001011,VEH0048,2026-05-24 02:29:00,-63.704207,-174.52811,,121,OFF,30.1
GPS0000861,VEH0060,2026-05-22 16:17:00,1.423002,5.853345,25.0,108,ON,81.2
GPS0001600,VEH0017,2026-01-07 19:46:00,48.385942,-152.784427,15.9,16,ON,69.9
GPS0000091,VEH0027,2026-01-19 08:00:00,-17.991771,-155.331074,33.6,151,OFF,52.7
GPS0001797,VEH0023,2026-06-16 05:53:00,46.347408,-139.974462,15.9,103,OFF,93.3
GPS0000790,VEH0018,2026-01-02 20:09:00,85.014016,78.686966,99.8,7,ON,3.3
GPS0000263,VEH0017,2026-04-09 05:53:00,-47.145563,-87.952202,11.6,341,ON,19.7
GPS0000712,VEH0022,2026-03-01 01:42:00,157.679822,51.528222,11.2,23,ON,23.8
GPS0001854,VEH0037,2026-03-17 05:48:00,-54.330291,-29.797093,81.7,357,OFF,17.2
GPS0002349,VEH0003,2026-04-25 09:22:00,-2.528741,111.530729,69.5,37,OFF,73.8
GPS0001733,VEH0005,2026-02-13 18:03:00,11.681215,2.154589,84.2,110,ON,77.1
GPS0000149,VEH0038,2026-05-30 14:45:00,65.589847,-176.717229,15.0,298,OFF,54.4
GPS0002244,VEH0002,2026-03-08 15:43:00,61.405455,-175.23585,75.2,162,ON,95.0
GPS0001244,VEH0025,2026-04-17 12:21:00,48.965826,81.737029,117.1,209,OFF,98.5
GPS0001415,VEH0022,2026-07-15 15:17:00,-68.254046,96.787078,6.6,71,ON,84.0
GPS0002319,VEH0047,2026-01-17 18:53:00,63.219554,32.861853,94.8,263,OFF,26.8
GPS0000079,VEH0012,2026-01-27 09:01:00,-54.718568,-90.604458,23.7,350,OFF,10.9
GPS0002246,VEH0021,2026-06-07 00:59:00,109.437285,-122.935643,98.9,308,ON,0.6
GPS0002210,VEH0028,2026-03-11 15:55:00,-82.123315,133.998422,110.8,253,OFF,67.4
GPS0001972,VEH0011,2026-07-19 20:25:00,175.395299,61.607049,84.4,204,ON,22.5
GPS0000998,VEH0041,2026-03-21 08:47:00,83.597467,136.124124,38.2,92,OFF,68.0
GPS0000036,VEH0025,2026-07-15 03:22:00,-88.641978,46.010657,111.0,95,OFF,18.9
GPS0001567,VEH0001,2026-06-30 03:26:00,2.958378,-109.553964,37.6,152,ON,89.1
GPS0001413,VEH0057,2026-04-24 08:37:00,-0.752938,-124.07698,117.8,272,ON,27.1
GPS0000235,VEH0024,2026-03-10 20:28:00,-4.563071,-123.727007,54.3,280,ON,46.3
GPS0001537,VEH0043,2026-06-02 00:34:00,77.632642,49.318129,55.6,204,OFF,68.3
GPS0000324,VEH0018,2026-01-18 18:45:00,-86.669943,-89.497305,14.7,2,OFF,72.9
GPS0001727,VEH0028,2026-07-07 13:29:00,-76.205164,77.525939,36.4,255,OFF,12.3
GPS0001031,VEH0039,2026-02-19 15:22:00,-77.729699,-49.082461,72.1,329,OFF,96.4
GPS0001957,VEH0013,2026-01-19 17:30:00,39.024096,46.558881,117.0,79,ON,36.4
GPS0002000,VEH0036,2026-03-22 08:32:00,-67.193015,58.080896,3.1,232,ON,44.3
GPS0001274,VEH0019,2026-03-29 03:46:00,-8.089103,135.764818,84.0,268,ON,20.6
GPS0000816,VEH0045,2026-07-07 09:09:00,8.605215,107.819261,19.8,246,ON,16.5
GPS0001049,VEH0007,2026-07-09 04:49:00,-8.754678,32.890128,31.3,105,ON,74.9
GPS0001241,VEH0040,2026-06-16 05:58:00,-34.758803,167.465176,29.7,178,OFF,36.3
GPS0001419,VEH0034,2026-02-12 08:28:00,-13.188299,-125.821519,61.9,182,ON,75.8
GPS0001970,VEH0054,2026-05-04 00:36:00,6.956994,10.752349,56.8,62,OFF,31.5
GPS0000396,VEH0027,2026-04-02 12:43:00,168.156834,66.867804,100.9,66,ON,37.0
GPS0000782,VEH0046,2026-06-15 13:27:00,-41.009801,-8.345659,98.0,191,ON,41.7
GPS0000863,VEH0039,2026-02-25 00:10:00,-77.67017,16.593053,110.8,309,OFF,49.1
GPS0001827,VEH0033,2026-01-06 20:57:00,-56.114507,121.14437,107.1,164,ON,51.7
GPS0002339,VEH0031,2026-03-21 00:04:00,-0.236956,79.374977,71.2,211,OFF,39.6
GPS0000504,VEH0003,2026-02-23 07:38:00,62.210328,-123.999722,45.9,270,OFF,24.1
GPS0002235,VEH0001,2026-06-24 21:34:00,-9.156056,159.828525,92.1,280,OFF,17.3
GPS0000384,VEH0044,2026-01-18 03:47:00,-11.841468,-103.532631,20.1,53,OFF,41.4
GPS0000311,VEH0029,2026-06-07 22:17:00,30.343979,8.11677,93.9,29,OFF,67.1
GPS0001886,VEH0008,2026-04-18 21:38:00,-75.552608,-125.875143,28.4,172,ON,40.7
GPS0000905,VEH0021,2026-03-13 02:58:00,49.735703,5.193566,117.2,204,OFF,19.6
GPS0000521,VEH0013,2026-05-12 10:54:00,-65.788861,153.483028,6.8,333,OFF,60.7
GPS0002369,VEH0044,2026-05-20 18:56:00,38.058972,-100.378676,1.5,178,OFF,59.8
GPS0001387,VEH0013,2026-01-26 09:56:00,-25.852835,172.501183,73.5,225,ON,87.1
GPS0001230,VEH0047,2026-05-01 12:28:00,-5.370815,-165.28398,52.3,156,OFF,9.6
GPS0001916,VEH0027,2026-07-01 04:26:00,72.255145,-12.149044,67.0,279,ON,48.2
GPS0002066,VEH0032,2026-01-05 15:46:00,14.301312,56.272744,0.2,188,ON,76.0
GPS0000760,VEH0056,2026-04-08 19:15:00,-20.66347,-114.791028,71.9,283,OFF,0.3
GPS0001368,VEH0010,2026-02-22 06:06:00,7.962107,-114.815776,46.3,42,OFF,3.8
GPS0000190,VEH0032,2026-06-08 05:58:00,-68.030614,-77.401059,30.1,237,OFF,75.1
GPS0002148,VEH0010,2026-04-28 03:13:00,50.780858,-90.219808,21.8,274,ON,62.8
GPS0000664,VEH0011,2026-02-24 04:00:00,45.479883,-152.480404,6.3,35,ON,35.2
GPS0001016,VEH0021,2026-06-14 04:30:00,46.164035,-39.029696,93.3,39,ON,26.4
GPS0000575,VEH0024,2026-04-30 20:37:00,-0.322967,125.470388,51.7,267,ON,66.5
GPS0001588,VEH0049,2026-06-04 21:36:00,146.74708,66.051533,89.7,39,ON,15.4
GPS0000316,VEH0026,2026-06-25 16:29:00,-56.073664,111.40581,29.8,311,ON,61.8
GPS0000743,VEH0021,2026-03-08 15:37:00,68.837581,122.383054,39.2,219,OFF,1.5
GPS0001744,VEH0032,2026-01-29 10:29:00,42.320705,88.338796,105.5,77,ON,67.4
GPS0002378,VEH0025,2026-03-11 21:26:00,-78.528878,-25.071797,22.6,96,OFF,43.8
GPS0002117,VEH0055,2026-02-08 05:36:00,77.96305,-52.907967,64.5,51,ON,19.1
GPS0000787,VEH0015,2026-03-12 11:40:00,-16.759062,168.14039,4.0,337,ON,69.2
GPS0001565,VEH0051,2026-04-18 09:10:00,-25.02379,138.246494,42.2,196,OFF,76.6
GPS0000962,VEH0034,2026-04-29 19:49:00,-44.93849,-103.059788,40.5,190,ON,72.1
GPS0000027,VEH0043,2026-02-09 16:51:00,-78.914084,-13.320886,56.0,324,ON,55.5
GPS0001855,VEH0048,2026-04-20 04:10:00,66.920353,52.013259,53.6,175,OFF,39.1
GPS0001091,VEH0040,2026-01-12 01:51:00,0.221787,64.204838,88.1,185,OFF,2.3
GPS0002404,VEH0030,2026-01-09 15:55:00,-56.663846,-145.334677,7.0,276,ON,4.9
GPS0000667,VEH0034,2026-04-20 20:10:00,74.084256,144.300462,30.8,257,OFF,21.6
GPS0000257,VEH0049,2026-05-19 18:01:00,2.261812,85.847303,28.9,249,OFF,55.7
GPS0002429,VEH0037,2026-02-28 14:36:00,-49.795437,130.837881,2.2,132,OFF,66.5
GPS0001947,VEH0030,2026-01-04 23:33:00,-64.466039,173.538414,13.4,242,OFF,91.4
GPS0002103,VEH0052,2026-03-23 20:06:00,38.921075,-27.960137,6.8,103,OFF,99.6
GPS0001213,VEH0010,2026-03-23 13:44:00,35.693163,-155.5076,72.4,129,OFF,19.3
GPS0001214,VEH0021,2026-03-15 20:00:00,-22.358146,-96.28719,106.1,351,OFF,57.6
GPS0000967,VEH0032,2026-06-05 22:39:00,10.266257,-90.371709,80.9,250,ON,48.0
GPS0001267,VEH0018,2026-07-07 19:12:00,38.315013,-170.06118,57.9,17,ON,71.6
GPS0002469,VEH0011,2026-03-31 23:50:00,-23.329188,-81.989124,87.0,177,ON,58.7
GPS0000683,VEH0012,2026-06-15 03:07:00,47.836085,-33.532193,13.2,76,OFF,45.6
GPS0000689,VEH0052,2026-04-11 13:18:00,-11.37111,-64.353779,118.4,316,OFF,96.4
GPS0000864,VEH0040,2026-05-18 10:21:00,-80.623056,-111.822891,118.8,262,ON,2.8
GPS0000499,VEH0040,2026-02-27 23:48:00,24.605064,74.614332,25.9,50,ON,30.7
GPS0000042,VEH0042,2026-07-04 23:30:00,-55.243531,-136.309476,111.9,250,ON,75.5
GPS0000992,VEH0022,2026-02-24 21:40:00,-3.464636,160.990661,119.6,3,ON,2.6
GPS0000915,VEH0018,2026-05-08 13:14:00,-48.311813,161.01001,15.2,162,ON,8.7
GPS0001842,VEH0019,2026-07-01 02:13:00,22.054749,-69.566658,46.5,301,ON,67.0
GPS0000100,VEH0030,2026-06-06 22:51:00,85.45953,46.07206,80.9,49,OFF,73.7
GPS0002348,VEH0009,2026-06-21 00:40:00,-5.493414,-87.745228,7.0,349,OFF,75.8
GPS0000923,VEH0007,2026-02-12 00:12:00,-58.88117,29.47361,0.8,154,OFF,35.9
GPS0001596,VEH0056,2026-05-02 09:52:00,162.68172,128.432555,25.8,348,OFF,81.0
GPS0002257,VEH0030,2026-03-05 01:53:00,-27.017817,137.47965,37.7,21,ON,90.7
GPS0000721,VEH0011,2026-03-04 17:35:00,-13.969459,64.820376,109.6,171,OFF,22.8
GPS0001275,VEH0056,2026-01-11 17:51:00,-62.8259,52.233372,61.4,328,ON,99.3
GPS0000437,VEH0035,2026-01-15 16:26:00,-80.834199,54.645795,71.7,298,OFF,51.4
GPS0001101,VEH0039,2026-01-19 20:36:00,-8.065402,-148.11551,88.5,199,OFF,54.5
GPS0000741,VEH0045,2026-05-04 22:24:00,76.894859,-44.312665,9.4,62,ON,96.7
GPS0001898,VEH0049,2026-03-02 04:55:00,53.110138,122.750752,25.7,338,OFF,73.1
GPS0002188,VEH0051,2026-02-01 12:15:00,-47.194718,-122.852116,15.0,344,ON,97.9
GPS0000517,VEH0024,2026-01-28 05:26:00,-21.90745,-113.46419,31.1,240,ON,67.8
GPS0000820,VEH0056,2026-01-20 17:32:00,-84.806878,-46.138887,55.3,32,ON,91.3
GPS0001686,VEH0057,2026-03-03 19:46:00,-84.56398,115.55431,73.6,336,ON,53.0
GPS0001117,VEH0022,2026-02-03 11:17:00,67.013158,-4.730802,3.9,156,ON,49.1
GPS0000157,VEH0044,2026-05-12 19:44:00,-83.811648,92.313152,46.1,345,OFF,63.3
GPS0001769,VEH0003,2026-03-31 15:34:00,89.645981,-35.064038,3.4,212,ON,17.4
GPS0001464,VEH0028,2026-06-05 18:40:00,63.712234,10.068809,44.3,65,OFF,58.5
GPS0000420,VEH0039,2026-02-08 00:10:00,74.639884,108.222997,74.9,29,OFF,47.8
GPS0000832,VEH0024,2026-03-16 10:17:00,8.525721,15.808712,14.4,298,OFF,65.7
GPS0001359,VEH0039,2026-05-18 12:44:00,-78.019269,-60.399067,17.0,47,OFF,26.4
GPS0002140,VEH0011,2026-04-04 02:25:00,30.573102,-100.77059,115.0,186,OFF,29.7
GPS0000778,VEH0060,2026-04-09 11:52:00,80.595725,131.478512,31.8,129,ON,82.4
GPS0000503,VEH0060,2026-02-26 17:27:00,-27.106066,46.530846,36.9,92,ON,96.4
GPS0002214,VEH0060,2026-07-02 18:00:00,5.37265,-7.639542,21.0,147,OFF,53.5
GPS0001390,VEH0055,2026-03-16 11:11:00,61.906177,-7.282025,94.5,257,OFF,68.8
GPS0001911,VEH0055,2026-06-11 18:08:00,77.591968,-164.543337,75.6,182,ON,85.3
GPS0001760,VEH0047,2026-01-16 16:56:00,-69.29217,-68.802032,16.7,329,OFF,74.4
GPS0002131,VEH0046,2026-06-25 06:26:00,67.179115,25.397064,90.0,217,OFF,2.1
GPS0002321,VEH0030,2026-03-28 01:05:00,-56.506829,-64.713494,24.0,3,OFF,20.5
GPS0001225,VEH0011,2026-05-29 23:25:00,-56.406803,-130.344076,12.8,351,ON,80.7
GPS0000350,VEH0057,2026-01-24 09:59:00,-32.311908,61.053676,72.9,188,ON,54.5
GPS0001975,VEH0003,2026-07-06 23:45:00,-58.411266,40.151096,63.2,88,OFF,42.8
GPS0001057,VEH0035,2026-02-08 07:02:00,20.369688,-110.357288,43.6,256,ON,10.5
GPS0000636,VEH0007,2026-01-08 02:57:00,24.081275,140.625095,75.3,15,ON,95.8
GPS0001347,VEH0029,2026-05-22 20:46:00,-17.335543,2.128055,76.3,114,OFF,13.5
GPS0000030,VEH0014,2026-06-19 12:05:00,-3.733608,126.321854,77.4,211,OFF,67.4
GPS0000319,VEH0030,2026-02-27 05:11:00,4.520268,-56.613707,31.1,181,ON,50.3
GPS0001688,VEH0006,2026-03-04 17:18:00,-69.338658,-61.695287,34.6,29,ON,90.7
GPS0000544,VEH0032,2026-05-11 02:52:00,77.093415,-136.088079,78.5,170,OFF,38.5
GPS0000356,VEH0054,2026-04-05 03:52:00,38.081191,-98.789802,6.3,148,OFF,39.0
GPS0001944,VEH0044,2026-01-15 04:22:00,45.020109,-60.815047,102.5,181,ON,52.1
GPS0002412,VEH0010,2026-03-26 12:43:00,-15.261325,-23.595069,101.9,18,ON,21.6
GPS0000494,VEH0015,2026-05-09 22:10:00,-48.078404,-151.941657,101.7,16,ON,41.7
GPS0002448,VEH0037,2026-03-14 08:48:00,-10.445679,-145.999743,42.6,223,ON,21.9
GPS0002057,VEH0018,2026-02-09 06:52:00,-59.638169,47.399396,62.7,129,OFF,0.4
GPS0000724,VEH0029,2026-07-09 15:12:00,-34.420255,92.266611,84.5,244,OFF,12.8
GPS0000181,VEH0007,2026-05-24 19:52:00,170.521319,84.13328,1.3,233,ON,62.5
GPS0002202,VEH0020,2026-03-07 23:28:00,-29.860989,-117.333186,16.3,175,OFF,27.9
GPS0000245,VEH0041,2026-03-27 08:17:00,38.422318,-53.093502,39.3,297,ON,63.9
GPS0000167,VEH0053,2026-02-03 13:55:00,17.263869,-79.239249,52.0,56,ON,42.4
GPS0001299,VEH0027,2026-05-21 21:53:00,-38.558248,-140.359635,41.8,185,OFF,13.3
GPS0002303,VEH0046,2026-04-02 14:51:00,31.584531,29.860709,33.7,106,ON,56.9
GPS0000393,VEH0057,2026-07-05 21:50:00,4.189681,-24.147624,35.7,29,ON,5.8
GPS0001245,VEH0006,2026-07-16 08:01:00,-5.525983,-124.857359,82.5,326,ON,23.0
GPS0001589,VEH0017,2026-01-24 00:35:00,-6.457859,-115.099687,76.4,309,OFF,60.1
GPS0002224,VEH0032,2026-05-20 18:09:00,-39.884494,20.103412,63.6,61,OFF,63.1
GPS0000941,VEH0048,2026-01-09 12:03:00,44.21224,-28.619097,99.5,238,OFF,22.7
GPS0001059,VEH0035,2026-06-08 07:05:00,58.009022,-158.715346,97.2,14,ON,75.9
GPS0000086,VEH0016,2026-05-09 08:52:00,23.618349,-52.06414,26.7,242,OFF,98.9
GPS0000747,VEH0009,2026-07-14 08:06:00,53.933933,152.061312,84.6,112,ON,49.3
GPS0001181,VEH0033,2026-05-18 23:36:00,10.272543,-87.608152,81.8,251,ON,12.2
GPS0001316,VEH0029,2026-02-27 21:31:00,70.835112,82.617609,16.2,264,ON,50.4
GPS0002155,VEH0007,2026-04-20 11:49:00,-2.830653,131.3653,59.8,94,ON,5.5
GPS0002091,VEH0006,2026-04-02 16:50:00,-52.074262,140.961921,69.7,22,ON,9.3
GPS0000913,VEH0022,2026-02-18 05:01:00,-20.898386,82.639662,116.2,308,OFF,87.5
GPS0001388,VEH0059,2026-05-02 13:31:00,-45.784484,-38.827275,10.3,347,ON,65.9
GPS0001657,VEH0040,2026-04-12 09:32:00,-19.452034,-106.080354,81.3,323,OFF,67.5
GPS0001709,VEH0053,2026-05-18 00:36:00,21.713195,-34.634769,32.5,85,ON,32.5
GPS0001923,VEH0007,2026-03-19 17:49:00,-75.237158,-95.891241,,33,OFF,34.2
GPS0000982,VEH0026,2026-04-04 21:04:00,-4.415764,-74.466826,67.5,76,ON,52.2
GPS0000381,VEH0047,2026-01-20 09:35:00,-31.241802,69.395375,5.1,211,ON,86.6
GPS0001654,VEH0024,2026-04-01 07:20:00,-52.446116,-49.159654,2.8,189,OFF,88.9
GPS0002423,VEH0044,2026-06-16 23:54:00,-36.648196,133.488864,74.6,336,ON,68.5
GPS0001039,VEH0007,2026-04-16 10:19:00,-54.761519,38.372142,28.1,342,ON,16.3
GPS0000510,VEH0030,2026-02-04 12:00:00,83.210893,177.656385,114.6,325,OFF,1.8
GPS0001092,VEH0018,2026-03-07 23:57:00,-34.365495,-26.583008,89.8,288,ON,28.6
GPS0000022,VEH0037,2026-05-15 19:09:00,89.601901,-102.544061,96.4,293,ON,68.4
GPS0001900,VEH0029,2026-03-01 14:08:00,-35.029073,-8.57974,113.6,45,ON,95.4
GPS0001555,VEH0023,2026-04-27 10:17:00,2.169393,-163.254853,41.6,309,OFF,27.1
GPS0001858,VEH0048,2026-01-02 06:05:00,-72.048681,160.188309,12.2,36,ON,73.3
GPS0000188,VEH0017,2026-05-01 11:23:00,9.045342,-164.532361,89.8,47,OFF,22.4
GPS0002490,VEH0058,2026-07-02 17:31:00,35.285507,6.201338,7.9,0,ON,22.7
GPS0001015,VEH0020,2026-07-06 20:39:00,19.269771,58.38377,88.9,105,ON,62.8
GPS0001806,VEH0021,2026-04-03 07:51:00,-19.375978,-124.255888,68.9,194,ON,39.6
GPS0000394,VEH0048,2026-01-31 15:30:00,24.480601,-120.543879,34.5,65,OFF,22.4
GPS0000171,VEH0050,2026-05-08 08:37:00,58.693762,107.249778,30.9,149,OFF,92.0
GPS0001883,VEH0024,2026-04-07 11:23:00,-18.249457,127.020196,101.8,298,OFF,21.3
GPS0002021,VEH0040,2026-06-16 02:14:00,-61.071229,-17.498283,72.9,166,OFF,71.0
GPS0001372,VEH0042,2026-02-20 08:53:00,49.855514,61.99716,15.2,207,OFF,34.7
GPS0000075,VEH0043,2026-06-21 00:58:00,93.399455,177.303162,25.5,309,ON,31.5
GPS0001354,VEH0032,2026-07-08 18:17:00,-65.680529,-116.415642,62.6,117,ON,51.0
GPS0001159,VEH0037,2026-03-17 09:30:00,24.692861,-172.297169,9.8,57,OFF,47.2
GPS0001909,VEH0018,2026-04-14 19:17:00,-26.390736,-90.744259,28.0,243,ON,18.5
GPS0000010,VEH0038,2026-02-10 18:10:00,-82.130569,132.573764,31.4,169,ON,93.3
GPS0001525,VEH0008,2026-07-17 04:30:00,72.051229,172.676055,72.8,77,OFF,95.0
GPS0001960,VEH0028,2026-02-04 22:50:00,-62.609489,93.992534,99.3,331,OFF,0.6
GPS0000011,VEH0032,2026-07-01 16:11:00,7.795782,-150.753506,1.3,97,OFF,6.4
GPS0002467,VEH0028,2026-03-28 22:54:00,-14.777517,-154.354218,61.3,246,ON,92.6
GPS0001966,VEH0041,2026-07-10 21:00:00,-70.984533,99.589663,92.6,68,OFF,97.1
GPS0000827,VEH0042,2026-06-22 01:39:00,9.449067,65.237739,12.9,346,OFF,70.8
GPS0001239,VEH0018,2026-01-14 15:51:00,49.004367,-176.272713,81.4,336,ON,71.5
GPS0002035,VEH0045,2026-05-24 10:43:00,-79.050618,-134.308749,40.5,112,ON,61.8
GPS0001765,VEH0001,2026-05-17 03:05:00,-15.194079,14.360919,31.5,163,OFF,76.4
GPS0000285,VEH0055,2026-02-10 08:07:00,58.01923,130.460202,5.2,197,ON,99.9
GPS0001852,VEH0013,2026-05-22 19:58:00,-64.0626,51.505626,111.3,90,ON,33.0
GPS0000617,VEH0005,2026-02-09 09:39:00,-16.26197,-55.505834,28.3,311,ON,97.0
GPS0001395,VEH0002,2026-02-07 05:39:00,27.479471,29.029107,61.3,270,ON,64.7
GPS0001650,VEH0031,2026-06-25 20:13:00,19.567026,-93.352249,55.9,10,ON,40.0
GPS0002453,VEH0026,2026-05-13 12:10:00,-21.457663,34.185841,91.2,325,ON,80.7
GPS0002277,VEH0034,2026-01-04 20:04:00,56.922187,27.546739,73.9,89,ON,27.2
GPS0001150,VEH0011,2026-06-07 16:49:00,52.149437,41.624003,22.3,93,OFF,81.6
GPS0002436,VEH0044,2026-07-04 09:37:00,23.397239,-145.419429,1.7,229,OFF,14.5
GPS0002196,VEH0010,2026-03-14 02:17:00,31.051713,2.8395,30.4,22,ON,8.1
GPS0002229,VEH0030,2026-05-27 06:21:00,43.915491,132.050334,110.6,341,OFF,60.3
GPS0001441,VEH0030,2026-01-31 20:19:00,-11.406786,-104.711768,104.1,37,OFF,32.0
GPS0000474,VEH0054,2026-02-12 14:23:00,-7.628353,135.187177,53.0,85,OFF,21.9
GPS0001566,VEH0002,2026-03-04 20:18:00,29.651599,-60.762987,21.4,347,OFF,94.3
GPS0000140,VEH0002,2026-03-10 14:12:00,86.950332,-104.853157,5.9,12,OFF,3.5
GPS0002345,VEH0053,2026-07-14 14:21:00,-88.008946,28.769997,60.6,232,ON,76.2
GPS0001498,VEH0059,2026-01-18 05:34:00,-40.710625,143.538822,22.7,128,ON,63.9
GPS0001190,VEH0042,2026-05-04 16:18:00,-8.18331,-72.630154,60.7,102,ON,68.9
GPS0001251,VEH0027,2026-04-27 05:44:00,-20.428554,-18.017718,69.1,308,OFF,30.1
GPS0002254,VEH0001,2026-04-02 09:55:00,28.80673,114.542164,2.8,347,OFF,31.5
GPS0000192,VEH0029,2026-04-03 03:28:00,67.770375,58.136102,117.2,341,ON,78.3
GPS0001331,VEH0057,2026-06-23 23:56:00,71.490544,-72.064095,40.2,297,OFF,70.7
GPS0001834,VEH0021,2026-04-04 12:52:00,-63.025116,88.92363,67.3,341,ON,87.5
GPS0001257,VEH0041,2026-07-01 11:51:00,-14.244974,-105.601669,88.0,43,ON,75.7
GPS0000056,VEH0040,2026-03-08 19:55:00,23.050605,163.101367,111.0,250,OFF,18.4
GPS0000483,VEH0002,2026-03-19 20:48:00,-12.246779,19.668703,14.8,55,ON,83.9
GPS0000044,VEH0005,2026-05-17 16:38:00,6.325112,125.818327,42.1,335,OFF,94.7
GPS0001508,VEH0026,2026-06-21 23:02:00,-18.825801,-20.187615,0.5,198,OFF,54.8
GPS0000797,VEH0050,2026-03-20 19:45:00,-1.253296,-139.962675,44.4,322,ON,54.4
GPS0001544,VEH0012,2026-05-20 04:41:00,43.626596,-123.833214,115.3,95,OFF,96.6
GPS0000321,VEH0021,2026-06-15 13:08:00,-27.793584,-79.940966,48.0,324,OFF,7.8
GPS0001342,VEH0031,2026-04-21 08:10:00,-0.148064,85.010317,44.5,219,ON,36.5
GPS0002355,VEH0015,2026-05-17 21:18:00,-6.946678,65.663706,,270,OFF,83.1
GPS0000755,VEH0003,2026-07-02 11:49:00,-77.475578,-24.920321,87.5,349,ON,15.3
GPS0001042,VEH0025,2026-01-29 04:37:00,-84.609956,129.648981,116.1,131,ON,31.8
GPS0001248,VEH0037,2026-07-11 21:40:00,-69.571517,69.647238,115.1,117,ON,58.8
GPS0000431,VEH0024,2026-02-06 20:21:00,-69.910333,-153.472105,54.3,171,ON,12.9
GPS0000210,VEH0034,2026-06-21 01:57:00,-5.699544,-42.328017,102.7,75,ON,6.1
GPS0001170,VEH0031,2026-05-10 04:52:00,15.886492,-170.947606,38.1,84,ON,93.7
GPS0001438,VEH0040,2026-07-07 01:44:00,83.758113,-173.676855,103.4,276,ON,60.0
GPS0002038,VEH0015,2026-02-10 17:30:00,25.187103,70.074556,33.0,66,OFF,98.5
GPS0000395,VEH0035,2026-02-21 18:33:00,62.224838,-167.764406,96.7,184,ON,23.9
GPS0000208,VEH0059,2026-03-24 06:47:00,-18.571716,78.717587,33.0,241,OFF,76.3
GPS0000238,VEH0059,2026-04-16 21:12:00,-56.670036,74.98944,81.5,41,ON,58.6
GPS0001004,VEH0025,2026-04-27 09:23:00,45.302922,109.540525,99.3,38,OFF,77.6
GPS0002374,VEH0001,2026-05-10 06:07:00,-51.492136,40.300473,100.3,203,ON,34.6
GPS0000346,VEH0047,2026-07-13 20:32:00,-4.765673,-38.643073,13.1,175,OFF,70.0
GPS0000963,VEH0038,2026-05-04 10:28:00,58.228829,127.330428,35.9,126,OFF,74.0
GPS0001792,VEH0029,2026-05-11 00:53:00,27.408848,54.940743,103.6,100,ON,83.7
GPS0002127,VEH0057,2026-01-04 10:46:00,76.427164,-10.989175,98.7,88,ON,38.3
GPS0001829,VEH0060,2026-04-20 05:04:00,69.229435,-132.065632,75.7,45,ON,46.9
GPS0001365,VEH0054,2026-01-15 13:22:00,-55.108636,139.500843,2.0,29,OFF,38.6
GPS0001674,VEH0025,2026-06-04 15:17:00,-39.336158,47.947822,23.1,314,ON,61.1
GPS0000458,VEH0027,2026-02-06 04:41:00,-83.219824,-146.938593,46.9,22,OFF,66.2
GPS0001200,VEH0012,2026-04-29 18:29:00,-26.98613,73.779556,19.4,318,ON,85.2
GPS0001574,VEH0032,2026-04-04 02:57:00,-30.591823,-84.774761,115.9,322,OFF,92.7
GPS0000301,VEH0020,2026-06-04 18:23:00,52.807759,-157.522832,90.9,150,ON,9.5
GPS0001856,VEH0047,2026-06-19 15:28:00,-42.640964,-114.703395,30.7,274,OFF,62.8
GPS0000460,VEH0045,2026-01-25 20:48:00,6.85627,-106.465317,19.9,108,OFF,61.0
GPS0000943,VEH0011,2026-03-01 16:45:00,10.304284,59.879425,38.2,155,OFF,42.9
GPS0001795,VEH0013,2026-06-22 08:25:00,-5.58828,-71.423977,88.0,239,ON,25.8
GPS0001700,VEH0017,2026-01-18 22:51:00,-24.584966,87.620933,30.1,235,ON,7.4
GPS0001260,VEH0013,2026-05-16 14:54:00,44.376058,-121.377199,116.4,0,OFF,81.3
GPS0002464,VEH0041,2026-07-18 04:53:00,18.913172,162.314053,29.8,105,ON,71.9
GPS0000475,VEH0019,2026-05-29 20:42:00,-21.693538,55.901103,0.2,315,ON,42.0
GPS0002203,VEH0019,2026-01-23 03:59:00,29.046864,158.761531,94.9,103,ON,9.1
GPS0001768,VEH0018,2026-04-12 10:54:00,-88.380262,-63.966891,115.2,113,ON,51.3
GPS0001109,VEH0034,2026-05-31 20:37:00,-84.084712,130.859865,32.4,306,ON,21.3
GPS0000464,VEH0015,2026-01-08 02:51:00,116.391244,-65.540912,91.0,159,OFF,2.8
GPS0000006,VEH0031,2026-05-03 22:57:00,21.560921,50.268813,47.2,258,ON,51.7
GPS0000842,VEH0004,2026-02-07 22:29:00,-39.613927,-66.629518,80.5,250,OFF,32.9
GPS0000327,VEH0026,2026-02-17 08:39:00,52.251742,52.328859,62.3,290,OFF,84.9
GPS0001774,VEH0010,2026-06-02 00:07:00,-30.27402,-94.90123,24.5,303,ON,68.2
GPS0001819,VEH0039,2026-05-08 04:39:00,12.662885,-8.86862,64.6,204,OFF,34.9
GPS0001749,VEH0036,2026-05-17 22:27:00,-13.382607,-75.168303,112.2,257,OFF,17.1
GPS0002182,VEH0024,2026-03-09 16:26:00,-53.097056,90.683495,100.9,69,ON,44.4
GPS0001465,VEH0002,2026-05-30 02:59:00,37.981135,-177.038089,18.7,56,OFF,96.9
GPS0000893,VEH0002,2026-06-05 06:03:00,-30.86669,63.50322,50.8,275,ON,58.5
GPS0001084,VEH0020,2026-05-03 04:13:00,37.44807,81.555468,43.1,114,OFF,20.8
GPS0000014,VEH0038,2026-07-07 09:43:00,78.793807,-38.569274,42.9,37,ON,16.4
GPS0001154,VEH0042,2026-02-04 21:28:00,-64.352581,80.609115,47.2,345,ON,60.3
GPS0000695,VEH0009,2026-07-13 15:52:00,23.034138,65.891963,92.6,21,OFF,1.9
GPS0000388,VEH0026,2026-02-11 13:29:00,21.542962,-141.142605,71.7,315,OFF,6.2
GPS0000524,VEH0047,2026-03-14 10:59:00,-11.83011,-9.401038,106.1,110,ON,98.7
GPS0002005,VEH0012,2026-06-14 06:07:00,-41.272666,-157.945211,75.2,222,ON,80.6
GPS0002139,VEH0016,2026-07-02 11:52:00,74.801092,-17.173066,21.5,115,OFF,92.2
GPS0001051,VEH0035,2026-06-19 22:45:00,-81.686162,-20.840308,58.3,196,ON,63.9
GPS0001286,VEH0056,2026-05-02 03:42:00,-83.117134,115.76249,91.0,101,ON,61.7
GPS0000604,VEH0050,2026-06-19 23:55:00,43.734181,48.940127,24.1,279,OFF,41.4
GPS0000843,VEH0055,2026-04-25 14:20:00,68.582349,39.165858,8.0,36,ON,86.3
GPS0000323,VEH0052,2026-06-11 16:19:00,-25.346288,98.742632,34.6,331,OFF,58.4
GPS0002217,VEH0059,2026-04-16 18:59:00,67.40633,63.521302,16.8,0,OFF,1.7
GPS0002435,VEH0002,2026-03-21 22:59:00,113.641733,-26.554589,20.1,266,OFF,88.6
GPS0001014,VEH0020,2026-02-07 23:24:00,-46.522734,-92.411281,81.8,64,OFF,99.3
GPS0002143,VEH0050,2026-03-17 22:54:00,-84.242147,-63.865672,53.6,19,ON,29.1
GPS0002260,VEH0028,2026-07-16 13:42:00,-21.590664,116.857499,102.0,128,ON,91.1
GPS0001757,VEH0025,2026-03-16 02:06:00,-8.358729,127.717372,76.6,207,OFF,30.0
GPS0002500,VEH0058,2026-04-07 08:41:00,49.793852,141.318695,25.2,102,OFF,84.0
GPS0001811,VEH0034,2026-02-19 04:04:00,-83.961366,154.962853,91.2,155,ON,91.2
GPS0000555,VEH0026,2026-01-22 04:29:00,-30.009275,130.64573,42.4,330,ON,72.3
GPS0001281,VEH0052,2026-05-31 12:59:00,40.778991,-165.035885,94.0,94,OFF,94.1
GPS0001585,VEH0056,2026-02-23 15:48:00,-36.077739,-56.159838,68.4,310,ON,39.3
GPS0000831,VEH0008,2026-05-20 01:05:00,40.31087,138.512708,118.5,50,OFF,16.5
GPS0001102,VEH0055,2026-01-07 17:41:00,-40.921987,-106.155023,119.6,137,ON,83.3
GPS0000456,VEH0031,2026-06-04 03:47:00,65.679741,148.262449,25.5,343,ON,32.8
GPS0000308,VEH0034,2026-07-10 00:38:00,-86.147371,74.567377,29.7,270,ON,56.9
GPS0000073,VEH0057,2026-03-16 08:25:00,-79.444462,-114.330068,93.6,255,ON,37.8
GPS0000258,VEH0022,2026-02-21 20:10:00,-33.198972,-111.839826,50.4,104,ON,55.5
GPS0002083,VEH0003,2026-03-02 09:33:00,-73.454625,-91.495197,105.5,340,ON,38.8
GPS0000003,VEH0006,2026-01-08 06:01:00,-36.706579,-128.262856,51.8,269,OFF,99.1
GPS0001303,VEH0036,2026-01-25 23:20:00,51.310885,125.655124,84.9,107,OFF,43.3
GPS0000329,VEH0003,2026-02-11 13:23:00,-76.68785,-121.911206,79.9,78,ON,29.6
GPS0002204,VEH0039,2026-01-27 06:29:00,-51.267836,-87.202651,92.6,2,OFF,66.5
GPS0001705,VEH0008,2026-01-23 06:57:00,16.0957,126.25756,9.0,314,OFF,35.0
GPS0001948,VEH0024,2026-07-18 13:18:00,-19.179745,34.313331,67.3,272,ON,29.3
GPS0001392,VEH0007,2026-05-31 16:58:00,-68.440374,40.51213,67.0,342,ON,82.9
GPS0002410,VEH0056,2026-01-18 23:44:00,1.823533,125.056804,61.8,16,OFF,6.8
GPS0001719,VEH0024,2026-01-28 03:35:00,29.210113,149.073753,91.1,334,OFF,19.8
GPS0000930,VEH0043,2026-07-15 17:46:00,-61.534404,-78.212007,49.9,226,OFF,28.7
GPS0002212,VEH0051,2026-06-26 00:43:00,-16.979687,-59.069734,95.1,37,OFF,95.2
GPS0002420,VEH0026,2026-02-05 21:44:00,-34.821088,99.407045,11.7,135,ON,92.5
GPS0000480,VEH0021,2026-03-14 12:11:00,-79.544813,123.795094,2.7,254,OFF,89.7
GPS0002393,VEH0048,2026-03-18 06:08:00,19.304447,11.049846,23.2,103,OFF,23.0
GPS0002472,VEH0040,2026-04-20 11:19:00,22.670927,-71.946271,84.9,94,ON,30.7
GPS0002124,VEH0034,2026-01-02 23:25:00,72.17615,-118.515176,113.9,185,OFF,36.0
GPS0000910,VEH0013,2026-03-10 07:20:00,67.04649,144.140744,65.2,170,OFF,64.0
GPS0001610,VEH0008,2026-05-14 12:57:00,38.71603,41.630022,82.3,353,ON,25.2
GPS0000118,VEH0052,2026-05-07 15:39:00,-83.754691,-129.260687,4.9,39,OFF,6.9
GPS0001558,VEH0010,2026-07-18 23:41:00,65.492562,16.210373,7.2,299,OFF,74.0
GPS0001936,VEH0009,2026-01-08 10:00:00,-59.26615,-144.475977,15.3,49,OFF,56.2
GPS0002318,VEH0036,2026-05-04 21:58:00,-71.87347,-108.479288,95.8,138,ON,48.2
GPS0002456,VEH0033,2026-02-18 14:52:00,-51.030442,-106.361428,84.2,27,OFF,91.0
GPS0001030,VEH0005,2026-05-06 13:08:00,-27.414687,53.589429,27.1,257,ON,76.8
GPS0001235,VEH0029,2026-02-18 21:07:00,-42.510057,46.415714,73.5,80,ON,86.1
GPS0000467,VEH0047,2026-04-09 23:07:00,15.568746,-63.923535,49.1,48,OFF,1.2
GPS0000218,VEH0016,2026-03-23 20:23:00,-80.66881,-78.67179,20.9,60,ON,90.2
GPS0002063,VEH0047,2026-04-18 16:20:00,13.228617,-115.530071,77.6,41,ON,22.1
GPS0001771,VEH0038,2026-02-12 22:09:00,68.582437,165.621047,6.6,227,ON,69.8
GPS0000446,VEH0011,2026-02-05 21:16:00,33.435393,97.325569,9.4,328,OFF,57.4
GPS0002458,VEH0058,2026-07-08 05:26:00,31.71312,-122.622707,10.3,84,OFF,33.3
GPS0001036,VEH0031,2026-01-23 16:37:00,-21.928497,141.69029,12.6,227,OFF,60.1
GPS0001199,VEH0050,2026-02-12 05:12:00,13.121937,-26.736934,111.0,328,ON,92.6
GPS0001357,VEH0006,2026-04-14 11:47:00,57.651519,-60.641659,38.0,349,ON,69.6
GPS0000777,VEH0057,2026-05-14 09:31:00,5.618175,-135.561347,0.0,299,OFF,21.1
GPS0000605,VEH0028,2026-01-23 20:06:00,-51.293487,-119.672717,82.6,354,OFF,39.0
GPS0000569,VEH0028,2026-01-09 01:24:00,54.909688,-174.490993,117.1,192,OFF,10.7
GPS0002020,VEH0022,2026-06-17 01:18:00,-72.013778,178.469819,88.5,232,ON,35.3
GPS0001812,VEH0029,2026-06-23 08:05:00,77.727602,-85.663145,68.4,83,OFF,37.2
GPS0002491,VEH0017,2026-02-18 09:46:00,-75.640166,-164.1618,11.7,6,ON,35.7
GPS0001079,VEH0040,2026-03-15 01:23:00,-3.666287,41.582734,22.3,239,OFF,10.7
GPS0001093,VEH0031,2026-05-30 01:30:00,54.211982,-6.817177,65.2,278,OFF,56.0
GPS0001258,VEH0042,2026-05-25 10:26:00,-29.448456,-168.39613,,295,ON,74.3
GPS0000085,VEH0027,2026-04-07 01:31:00,77.578811,141.335927,86.6,58,OFF,96.4
GPS0001666,VEH0039,2026-05-14 17:03:00,43.508806,27.936119,100.4,141,OFF,97.0
GPS0002014,VEH0026,2026-01-28 07:30:00,-25.844479,36.726674,75.5,145,ON,28.9
GPS0002270,VEH0019,2026-05-26 14:25:00,76.650582,-134.527203,94.7,57,OFF,18.5
GPS0002324,VEH0010,2026-07-11 23:40:00,-55.813976,-97.68996,54.4,30,ON,99.4
GPS0001849,VEH0015,2026-06-16 06:09:00,78.1293,26.081743,70.2,186,OFF,98.7
GPS0001212,VEH0002,2026-01-19 02:10:00,-34.656382,103.576286,89.3,207,ON,26.4
GPS0000756,VEH0032,2026-03-20 00:15:00,58.408867,-179.280472,49.4,253,OFF,91.9
GPS0002376,VEH0051,2026-03-27 05:48:00,42.012046,-169.537058,80.5,269,ON,97.5
GPS0000152,VEH0008,2026-01-19 11:51:00,56.01066,26.670185,99.1,215,OFF,85.5
GPS0000512,VEH0057,2026-01-07 18:31:00,-66.660466,0.287775,108.1,87,ON,87.1
GPS0001864,VEH0001,2026-04-24 05:38:00,56.260881,100.868326,25.4,97,ON,9.6
GPS0000389,VEH0010,2026-06-13 01:40:00,9.895623,-20.699796,64.8,68,ON,36.0
GPS0001162,VEH0003,2026-05-09 08:30:00,-47.673733,111.121525,31.2,134,OFF,2.9
GPS0000732,VEH0048,2026-03-03 20:13:00,67.541314,-138.165972,,346,OFF,72.9
GPS0000173,VEH0051,2026-01-11 15:18:00,15.116297,78.388546,118.2,134,ON,49.2
GPS0001876,VEH0022,2026-05-04 03:54:00,29.838464,-21.755354,109.6,331,ON,46.2
GPS0000531,VEH0060,2026-04-01 09:34:00,-81.009196,30.251896,32.2,115,OFF,67.7
GPS0001919,VEH0007,2026-02-17 04:57:00,-68.673298,-46.525446,57.8,296,ON,4.2
GPS0000766,VEH0032,2026-02-12 19:24:00,96.374087,77.19784,100.7,34,OFF,84.1
GPS0001480,VEH0053,2026-06-14 10:12:00,-35.985861,-81.538504,93.1,329,ON,4.4
GPS0000736,VEH0005,2026-02-16 05:25:00,59.577879,-166.097058,102.2,352,OFF,91.0
GPS0001362,VEH0017,2026-01-16 00:24:00,-34.451162,-77.363277,26.8,204,ON,70.1
GPS0000690,VEH0006,2026-03-31 18:38:00,83.912475,31.940317,23.2,227,OFF,11.8
GPS0001619,VEH0060,2026-02-04 15:44:00,33.101761,107.918779,111.7,294,OFF,36.9
GPS0002271,VEH0035,2026-04-22 06:36:00,-88.850475,-70.68416,31.3,201,ON,26.2
GPS0002107,VEH0020,2026-07-11 05:34:00,74.140345,151.095219,18.1,92,OFF,86.4
GPS0000375,VEH0055,2026-06-23 14:07:00,-13.266965,118.412908,67.9,162,OFF,18.1
GPS0001634,VEH0009,2026-01-20 03:34:00,-44.25897,78.134251,98.0,197,ON,91.8
GPS0002233,VEH0006,2026-03-25 13:55:00,165.602256,-42.624289,70.6,351,OFF,92.1
GPS0000710,VEH0045,2026-03-04 08:03:00,-32.782016,-97.223376,20.8,292,ON,24.0
GPS0000938,VEH0019,2026-01-09 10:32:00,-12.706383,-170.492641,56.1,166,OFF,19.9
GPS0002408,VEH0040,2026-02-10 20:47:00,-20.360601,-100.522033,60.1,331,ON,99.6
GPS0001185,VEH0001,2026-02-10 06:59:00,76.451791,165.329513,37.3,51,ON,21.7
GPS0001715,VEH0053,2026-01-30 06:04:00,-31.429963,-70.705568,17.7,148,OFF,53.5
GPS0001075,VEH0052,2026-05-02 21:23:00,75.122858,174.269396,31.7,82,ON,29.8
GPS0001137,VEH0050,2026-02-25 03:48:00,66.716473,-102.329742,30.3,208,ON,8.9
GPS0000008,VEH0026,2026-07-05 02:44:00,50.269581,-137.235265,45.9,92,OFF,28.1
GPS0000671,VEH0043,2026-06-24 10:00:00,61.905659,-143.515474,,36,OFF,11.5
GPS0000033,VEH0011,2026-04-12 00:16:00,1.007561,176.642536,0.1,89,OFF,24.8
GPS0002016,VEH0052,2026-02-06 10:11:00,9.321408,127.10389,4.1,339,OFF,79.1
GPS0000239,VEH0030,2026-01-22 06:45:00,57.130055,-24.30313,70.8,66,OFF,32.9
GPS0000128,VEH0035,2026-06-01 21:26:00,50.201759,164.658359,24.9,106,ON,67.7
GPS0000355,VEH0039,2026-05-21 07:23:00,-59.297603,138.114812,23.5,53,OFF,82.3
GPS0000165,VEH0053,2026-03-30 18:30:00,57.584796,165.19131,21.0,215,ON,14.7
GPS0001511,VEH0012,2026-02-09 03:06:00,-86.851203,-169.166387,63.0,300,OFF,22.5
GPS0001897,VEH0036,2026-01-28 12:38:00,-42.002276,78.232378,28.8,219,OFF,29.8
GPS0002079,VEH0004,2026-01-29 04:46:00,55.037897,-151.397401,20.1,254,OFF,81.0
GPS0001956,VEH0042,2026-03-29 18:57:00,0.474276,-128.312005,104.4,304,OFF,95.1
GPS0001320,VEH0017,2026-01-05 06:19:00,-78.931971,27.165748,5.7,15,OFF,19.9
GPS0002096,VEH0003,2026-07-12 20:36:00,12.564258,-95.85661,49.7,13,ON,24.8
GPS0001499,VEH0043,2026-05-11 04:34:00,-23.32749,172.626497,45.3,96,ON,1.0
GPS0000493,VEH0008,2026-03-09 02:55:00,38.996147,65.230381,32.1,172,ON,71.4
GPS0000473,VEH0057,2026-02-06 15:02:00,-73.786921,89.914512,22.9,282,OFF,82.1
GPS0000974,VEH0034,2026-05-10 00:39:00,71.683052,4.056881,0.8,225,OFF,32.8
GPS0002100,VEH0048,2026-03-03 09:51:00,-55.70659,51.945946,104.4,20,ON,69.1
GPS0002167,VEH0023,2026-05-04 19:58:00,-53.563735,136.855897,,290,ON,68.0
GPS0002022,VEH0052,2026-01-17 09:13:00,85.69705,-69.270799,32.3,270,ON,64.7
GPS0000090,VEH0048,2026-06-22 15:18:00,101.334169,14.20571,77.8,336,OFF,29.6
GPS0002025,VEH0003,2026-05-08 19:46:00,16.995657,-154.252082,56.0,126,OFF,21.6
GPS0000098,VEH0022,2026-02-19 06:53:00,-83.464628,-20.304595,43.9,302,OFF,22.9
GPS0001067,VEH0051,2026-06-25 21:15:00,-78.264529,102.386634,94.6,239,OFF,27.9
GPS0001024,VEH0046,2026-07-05 15:39:00,6.445938,160.186646,37.3,160,OFF,61.1
GPS0001601,VEH0033,2026-05-25 04:01:00,-22.722528,148.868012,7.2,136,ON,61.5
GPS0000788,VEH0025,2026-01-17 15:41:00,27.679405,155.492832,109.4,346,OFF,56.7
GPS0002055,VEH0022,2026-02-26 18:33:00,50.213487,-130.832006,37.2,132,ON,2.0
GPS0001745,VEH0021,2026-04-17 17:28:00,-52.435754,113.848786,35.6,144,OFF,27.9
GPS0000450,VEH0035,2026-06-26 18:56:00,31.643544,-19.713492,99.7,198,OFF,36.3
GPS0000551,VEH0043,2026-06-03 23:20:00,-14.818301,-21.570782,111.1,13,ON,80.0
GPS0002347,VEH0010,2026-03-16 09:12:00,-29.649014,156.508823,79.6,271,OFF,28.5
GPS0001933,VEH0019,2026-06-17 19:19:00,-32.42757,45.80996,39.8,5,ON,86.0
GPS0000219,VEH0023,2026-01-22 03:23:00,-51.69955,-9.714368,110.8,179,OFF,27.0
GPS0001697,VEH0057,2026-05-31 02:33:00,18.798871,-179.73366,43.5,265,ON,21.8
GPS0000179,VEH0013,2026-01-09 16:08:00,84.455224,4.912726,114.8,356,OFF,50.9
GPS0000434,VEH0021,2026-01-28 01:02:00,-10.43161,110.651189,54.8,88,OFF,68.4
GPS0001607,VEH0008,2026-01-24 04:19:00,51.667829,101.335115,44.6,1,OFF,93.9
GPS0001341,VEH0008,2026-03-20 16:51:00,-7.365211,131.572885,35.3,33,ON,29.5
GPS0001321,VEH0006,2026-01-11 05:41:00,60.268969,-75.971237,37.1,120,ON,50.0
GPS0001501,VEH0007,2026-04-13 00:33:00,73.351753,123.477005,22.4,338,OFF,11.6
GPS0002001,VEH0045,2026-01-28 08:47:00,-5.905004,-153.914369,50.8,278,ON,58.1
GPS0002133,VEH0018,2026-02-21 07:07:00,62.784312,173.506531,42.8,318,ON,23.4
GPS0000568,VEH0045,2026-04-13 21:29:00,-5.532009,-139.922136,81.5,82,ON,12.1
GPS0001592,VEH0011,2026-01-07 22:12:00,-83.789992,-150.600684,5.2,110,ON,84.2
GPS0001644,VEH0050,2026-04-23 09:05:00,-77.548822,130.463076,69.8,257,OFF,28.0
GPS0000682,VEH0037,2026-02-26 09:06:00,11.668527,84.286931,69.8,266,OFF,19.4
GPS0001517,VEH0043,2026-04-05 07:33:00,115.169349,34.302716,57.9,162,ON,31.5
GPS0001410,VEH0001,2026-06-16 01:47:00,-63.314063,-73.806088,12.6,124,ON,17.3
GPS0000742,VEH0038,2026-05-06 05:06:00,54.098209,-95.687068,118.4,11,OFF,73.1
GPS0001306,VEH0028,2026-02-10 05:49:00,6.051798,-113.340075,15.6,171,ON,88.1
GPS0002006,VEH0054,2026-06-24 22:03:00,-30.097694,158.969861,81.4,143,OFF,40.9
GPS0001770,VEH0033,2026-03-18 10:48:00,8.350624,-62.27788,,275,ON,48.4
GPS0001549,VEH0040,2026-05-06 22:36:00,87.527839,79.553849,77.3,140,ON,41.4
GPS0000484,VEH0014,2026-01-09 09:42:00,51.100846,-88.117594,72.0,101,ON,46.5
GPS0002192,VEH0029,2026-01-17 06:09:00,-55.394198,90.851856,21.1,319,OFF,47.1
GPS0002256,VEH0046,2026-02-27 14:41:00,74.891575,-99.509399,62.4,171,ON,32.0
GPS0002488,VEH0004,2026-01-13 21:11:00,39.768997,-162.357855,106.9,63,ON,43.8
GPS0000438,VEH0009,2026-06-03 06:32:00,35.151501,-7.576066,72.1,331,OFF,60.3
GPS0002222,VEH0003,2026-06-17 18:11:00,-30.760094,73.82826,74.0,212,ON,33.7
GPS0000781,VEH0055,2026-01-16 01:27:00,-77.870947,-134.176051,86.1,274,OFF,19.5
GPS0000549,VEH0053,2026-03-20 12:22:00,35.21819,-176.885437,31.6,234,OFF,60.9
GPS0000854,VEH0010,2026-05-11 09:39:00,42.318235,145.637016,108.8,302,ON,25.6
GPS0001086,VEH0036,2026-01-21 20:31:00,1.449168,-101.78452,17.2,100,ON,73.0
GPS0002398,VEH0057,2026-07-18 16:07:00,83.424407,-78.093422,65.9,214,ON,83.1
GPS0000783,VEH0059,2026-01-27 19:09:00,-44.029827,92.49617,33.1,108,OFF,98.2
GPS0000959,VEH0003,2026-02-11 06:04:00,77.319519,-85.259236,48.5,257,OFF,54.1
GPS0001908,VEH0060,2026-04-08 02:47:00,-4.495521,-3.103744,70.2,359,ON,17.9
GPS0002112,VEH0027,2026-01-21 01:42:00,-39.123455,114.236916,113.0,305,OFF,91.4
GPS0001008,VEH0024,2026-03-02 12:36:00,69.124604,-51.948937,55.1,218,ON,25.0
GPS0001999,VEH0002,2026-05-20 19:17:00,73.154691,45.922502,73.7,281,ON,2.8
GPS0000552,VEH0035,2026-03-29 00:07:00,-2.266707,20.042556,24.5,230,OFF,67.1
GPS0001605,VEH0050,2026-06-30 02:21:00,-46.888969,171.440552,82.2,96,ON,38.1
GPS0001994,VEH0044,2026-01-18 03:18:00,-18.101312,-41.690436,107.4,91,OFF,6.2
GPS0000674,VEH0005,2026-01-27 15:29:00,73.656626,71.617788,37.0,250,ON,2.2
GPS0002482,VEH0016,2026-03-24 04:20:00,-37.592985,-85.280564,97.3,311,ON,64.5
GPS0000687,VEH0030,2026-02-22 06:29:00,-84.975779,158.126922,11.0,192,ON,66.2
GPS0000876,VEH0018,2026-02-09 11:54:00,-60.622982,-94.770041,82.9,28,OFF,37.1
GPS0000459,VEH0029,2026-01-17 04:09:00,-16.281198,-11.586158,70.1,296,OFF,35.1
GPS0000818,VEH0054,2026-05-22 23:23:00,52.205425,57.020117,10.9,124,OFF,4.9
GPS0001268,VEH0001,2026-01-24 23:53:00,-70.172049,138.122109,47.0,214,ON,70.4
GPS0000753,VEH0023,2026-01-19 08:17:00,-1.419635,-98.190301,35.9,24,ON,94.6
GPS0000122,VEH0013,2026-06-01 06:58:00,-19.367641,63.011687,9.9,99,ON,20.1
GPS0001590,VEH0028,2026-02-23 09:21:00,-25.853922,65.998055,55.0,260,OFF,18.4
GPS0000700,VEH0011,2026-06-25 22:25:00,32.31753,-54.431665,21.2,222,ON,4.4
GPS0000877,VEH0045,2026-06-26 02:44:00,10.501398,122.39815,60.8,66,OFF,52.8
GPS0002072,VEH0032,2026-01-18 10:21:00,-24.131555,61.147554,65.6,316,ON,0.5
GPS0001941,VEH0034,2026-04-05 10:53:00,-60.176217,-3.349091,75.9,143,ON,57.8
GPS0001041,VEH0022,2026-07-18 06:26:00,87.388256,-61.44581,6.2,346,ON,77.3
GPS0000897,VEH0058,2026-07-01 23:31:00,74.948785,-123.382485,52.2,17,ON,94.9
GPS0002381,VEH0014,2026-05-23 09:44:00,-26.183912,17.091468,112.4,347,ON,1.7
GPS0001803,VEH0003,2026-05-31 04:54:00,67.271516,41.118763,41.6,164,OFF,3.4
GPS0000579,VEH0035,2026-05-11 00:19:00,-42.907288,28.408132,60.5,159,OFF,45.2
GPS0001445,VEH0004,2026-02-10 08:15:00,-33.023806,78.938146,11.2,317,OFF,49.3
GPS0000856,VEH0008,2026-02-09 17:51:00,24.4578,128.021564,101.5,116,ON,40.0
GPS0002110,VEH0028,2026-06-11 07:47:00,18.304742,-64.95873,114.7,267,ON,95.0
GPS0000039,VEH0001,2026-04-30 23:44:00,8.119901,2.583108,15.7,15,OFF,81.8
GPS0001318,VEH0035,2026-02-16 16:11:00,88.260698,52.479459,15.7,317,ON,69.6
GPS0000032,VEH0055,2026-07-11 23:34:00,34.297421,81.270827,114.8,74,ON,7.3
GPS0002122,VEH0049,2026-02-01 21:45:00,-73.140664,168.176323,33.4,339,OFF,9.0
GPS0000107,VEH0027,2026-05-14 20:24:00,-86.06743,-99.889803,18.4,182,ON,55.3
GPS0001751,VEH0044,2026-07-18 23:07:00,28.789913,29.811331,62.6,126,OFF,21.8
GPS0000024,VEH0032,2026-05-18 20:49:00,72.516766,101.921009,74.0,236,OFF,53.8
GPS0000711,VEH0009,2026-05-11 07:57:00,74.175141,-70.003883,71.4,115,OFF,2.6
GPS0000070,VEH0039,2026-01-10 06:54:00,40.567133,-86.407543,1.4,331,ON,62.0
GPS0000200,VEH0016,2026-03-24 09:47:00,-63.69639,-133.907588,75.5,235,ON,31.1
GPS0002241,VEH0047,2026-06-17 12:07:00,-9.572428,-3.432419,,2,ON,95.2
GPS0001120,VEH0013,2026-05-06 18:28:00,-72.813599,-99.890288,78.2,206,ON,43.7
GPS0002382,VEH0026,2026-06-25 09:47:00,-78.222975,-114.004311,17.5,269,OFF,52.8
GPS0001128,VEH0041,2026-03-14 06:01:00,-29.865229,12.803382,1.2,44,OFF,17.4
GPS0001580,VEH0035,2026-04-02 21:53:00,-45.582544,165.245593,26.2,123,OFF,39.4
GPS0001830,VEH0036,2026-02-09 04:20:00,15.146604,30.009519,96.4,292,ON,59.9
GPS0001191,VEH0016,2026-02-13 22:10:00,25.143241,157.521057,34.3,139,ON,93.5
GPS0001912,VEH0005,2026-05-06 10:01:00,70.880802,36.747678,4.4,352,OFF,11.1
GPS0002191,VEH0001,2026-06-04 13:03:00,50.391257,21.413435,78.7,60,OFF,47.8
GPS0001271,VEH0029,2026-01-22 16:37:00,51.572767,80.341783,24.5,113,ON,29.9
GPS0001174,VEH0006,2026-01-22 05:10:00,-76.442442,115.732385,99.6,281,ON,90.6
GPS0001099,VEH0045,2026-01-27 03:22:00,-59.800668,-2.916757,95.3,34,ON,93.3
GPS0001532,VEH0047,2026-07-12 23:01:00,89.906805,5.146332,7.8,269,OFF,86.8
GPS0002414,VEH0011,2026-06-18 17:16:00,77.40852,-153.922746,20.3,301,OFF,0.7
GPS0001243,VEH0055,2026-01-19 22:03:00,83.199095,-166.078215,28.8,338,ON,68.5
GPS0000385,VEH0021,2026-04-27 00:20:00,-43.41348,100.497493,47.8,342,OFF,11.0
GPS0001149,VEH0010,2026-02-25 07:11:00,62.995758,-149.121966,83.9,117,ON,77.7
GPS0000266,VEH0037,2026-05-17 15:36:00,68.802313,-136.682753,54.6,90,ON,47.1
GPS0002046,VEH0027,2026-02-24 10:53:00,11.808814,42.005543,65.2,84,ON,3.4
GPS0001964,VEH0017,2026-04-29 21:37:00,-79.91541,-21.83842,69.8,65,OFF,11.6
GPS0001017,VEH0056,2026-01-12 12:32:00,-0.437044,-134.176747,95.7,6,OFF,41.8
GPS0001459,VEH0010,2026-04-23 03:47:00,76.028386,128.468059,48.8,184,OFF,72.9
GPS0001135,VEH0009,2026-02-23 13:11:00,-71.441969,-152.656049,18.5,76,OFF,42.9
GPS0001535,VEH0054,2026-06-25 15:10:00,-74.300752,-73.714552,99.7,107,ON,8.5
GPS0001913,VEH0003,2026-01-11 01:30:00,-73.129208,-49.44873,86.6,201,ON,53.7
GPS0001065,VEH0007,2026-06-11 04:41:00,-31.058847,-58.986412,33.0,289,ON,4.2
GPS0000505,VEH0037,2026-02-03 21:35:00,-86.281297,161.255905,25.3,225,ON,9.7
GPS0000277,VEH0060,2026-03-03 12:28:00,59.908297,-111.067279,112.6,109,OFF,77.3
GPS0000810,VEH0056,2026-06-10 07:52:00,-65.96313,-16.645586,61.3,43,OFF,97.2
GPS0000340,VEH0011,2026-04-05 00:53:00,20.460019,24.798603,3.0,238,ON,53.2
GPS0002207,VEH0057,2026-03-26 09:30:00,59.379106,68.867333,74.0,231,ON,12.4
GPS0001533,VEH0026,2026-03-11 18:23:00,-69.613712,-106.473509,118.5,90,OFF,77.9
GPS0000946,VEH0007,2026-04-11 03:07:00,-89.909878,-57.854146,99.1,3,ON,22.9
GPS0002446,VEH0060,2026-04-26 07:07:00,-40.496999,110.957597,87.7,113,ON,82.7
GPS0000186,VEH0011,2026-04-24 15:13:00,88.616447,10.756034,51.6,298,ON,15.0
GPS0000799,VEH0012,2026-04-27 04:27:00,-56.323614,106.542133,88.2,335,OFF,69.8
GPS0000931,VEH0039,2026-03-07 02:00:00,3.189119,-155.892709,35.7,224,OFF,81.7
GPS0002151,VEH0050,2026-07-04 03:51:00,-1.398644,110.74233,47.4,48,OFF,62.3
GPS0000745,VEH0026,2026-01-30 14:38:00,-47.755066,10.809747,96.8,188,OFF,73.3
GPS0000979,VEH0053,2026-04-12 02:54:00,-58.849564,164.529001,92.9,127,OFF,70.6
GPS0002049,VEH0028,2026-03-14 02:08:00,-48.41577,93.811706,1.1,40,OFF,33.4
GPS0001121,VEH0001,2026-03-13 14:05:00,-33.178705,-163.375852,51.0,272,ON,53.7
GPS0001748,VEH0044,2026-03-04 09:14:00,11.911242,-67.14916,52.2,252,ON,52.1
GPS0000062,VEH0043,2026-03-09 18:36:00,-1.705778,129.775424,82.7,137,OFF,47.0
GPS0001776,VEH0042,2026-02-27 01:30:00,19.756662,-70.222616,6.6,209,ON,3.1
GPS0001603,VEH0013,2026-04-25 23:49:00,80.897825,-124.290978,20.1,42,OFF,85.4
GPS0000798,VEH0041,2026-02-13 21:18:00,-6.112753,-131.412902,78.4,23,ON,58.9
GPS0002478,VEH0034,2026-07-05 02:43:00,2.475241,-74.843262,64.0,261,ON,37.3
GPS0002090,VEH0057,2026-07-04 08:25:00,-25.723681,-98.802157,4.6,152,ON,90.1
GPS0001581,VEH0026,2026-03-14 14:22:00,-41.973932,-102.505241,48.3,349,ON,64.5
GPS0001152,VEH0029,2026-04-20 01:41:00,-22.301657,-116.485996,79.3,286,ON,9.8
GPS0000142,VEH0025,2026-02-23 03:17:00,27.431086,140.48632,42.2,146,ON,2.3
GPS0002357,VEH0034,2026-05-25 20:51:00,-38.624327,153.819444,,298,OFF,98.2
GPS0002354,VEH0021,2026-04-05 02:03:00,-39.745732,-165.88974,63.7,142,OFF,36.0
GPS0001568,VEH0036,2026-01-11 09:50:00,-79.288606,-107.430415,5.0,195,OFF,67.5
GPS0001332,VEH0010,2026-06-11 12:47:00,-9.623363,-100.270597,28.8,259,OFF,83.0
GPS0000194,VEH0008,2026-06-18 04:59:00,-25.292971,128.174741,7.0,82,OFF,90.4
GPS0000647,VEH0007,2026-06-23 03:40:00,11.564059,160.06541,17.3,94,OFF,39.9
GPS0001527,VEH0026,2026-04-08 17:36:00,52.465882,-91.49193,13.8,337,ON,25.7
GPS0000034,VEH0028,2026-03-07 08:56:00,29.777557,78.242235,68.9,9,OFF,45.8
GPS0000361,VEH0047,2026-04-10 08:04:00,39.383207,-64.659967,46.9,28,ON,92.7
GPS0000801,VEH0043,2026-01-24 16:04:00,18.907337,125.032195,97.6,297,OFF,91.1
GPS0002325,VEH0053,2026-03-20 08:16:00,-70.220805,-95.144474,5.9,163,ON,84.3
GPS0000058,VEH0023,2026-05-06 20:47:00,65.689784,149.862516,18.8,65,ON,20.8
GPS0000939,VEH0021,2026-06-19 09:44:00,-64.306588,-142.523642,90.4,84,OFF,6.0
GPS0000372,VEH0022,2026-04-11 18:37:00,35.709252,-166.180534,78.1,37,ON,9.3
GPS0000359,VEH0038,2026-05-10 21:59:00,-85.712203,-19.338644,34.9,255,ON,17.9
GPS0002305,VEH0011,2026-07-11 06:57:00,-83.833724,-144.261194,25.0,10,ON,46.9
GPS0001070,VEH0022,2026-01-01 11:28:00,87.333804,47.841937,10.4,142,ON,76.1
GPS0002261,VEH0001,2026-03-17 17:39:00,-36.080367,50.093423,0.7,132,OFF,34.3
GPS0001569,VEH0034,2026-05-01 06:28:00,-16.645999,-37.762879,112.5,136,ON,88.8
GPS0001918,VEH0030,2026-07-15 22:40:00,54.098667,-99.009535,92.8,195,ON,84.9
GPS0002405,VEH0041,2026-02-11 08:38:00,-59.969554,157.201824,70.7,132,OFF,23.6
GPS0000069,VEH0011,2026-05-28 18:04:00,-87.600418,177.524374,52.2,65,OFF,49.4
GPS0001343,VEH0024,2026-04-27 18:56:00,-63.380549,138.304373,,39,OFF,92.9
GPS0000292,VEH0039,2026-06-18 17:04:00,19.183714,-172.675471,10.5,30,OFF,99.0
GPS0000047,VEH0032,2026-02-12 11:04:00,66.62915,-168.787745,62.7,158,OFF,62.5
GPS0000924,VEH0003,2026-04-29 21:21:00,-15.422698,145.699353,41.3,221,ON,85.4
GPS0000278,VEH0023,2026-02-26 01:06:00,2.21615,138.16665,61.2,214,ON,3.2
GPS0002437,VEH0041,2026-02-28 10:45:00,-62.710708,108.570802,35.8,122,OFF,52.6
GPS0002494,VEH0044,2026-05-07 21:24:00,11.192451,-15.024699,89.3,268,ON,70.6
GPS0000225,VEH0017,2026-06-17 01:00:00,-11.043371,-177.643756,95.8,183,OFF,30.6
GPS0000865,VEH0015,2026-04-04 11:41:00,-87.681798,-13.855812,93.8,20,OFF,93.6
GPS0000382,VEH0037,2026-03-04 18:42:00,-37.561846,140.92746,76.7,207,ON,92.2
GPS0002165,VEH0058,2026-04-26 10:58:00,-48.727839,-53.663875,26.4,28,ON,79.0
GPS0001817,VEH0059,2026-04-19 14:07:00,-69.686925,-157.915522,32.6,265,OFF,66.8
GPS0000365,VEH0024,2026-07-02 12:30:00,40.038696,49.113505,103.4,19,ON,96.5
GPS0001452,VEH0023,2026-06-25 11:19:00,-88.168453,-5.074272,55.0,97,OFF,21.4
GPS0001865,VEH0039,2026-05-02 07:47:00,-15.700491,18.108665,11.2,126,OFF,3.5
GPS0001391,VEH0009,2026-03-15 08:09:00,4.044529,157.6408,96.2,166,OFF,83.3
GPS0000934,VEH0034,2026-02-08 23:50:00,121.456049,-72.159796,60.5,216,ON,3.6
GPS0001025,VEH0037,2026-05-13 07:10:00,-68.422807,-135.775026,107.3,262,OFF,64.5
GPS0000774,VEH0024,2026-02-20 21:00:00,61.105554,95.681812,,210,ON,11.0
GPS0002065,VEH0047,2026-02-16 16:41:00,-61.87369,21.136814,81.3,259,OFF,34.9
GPS0001867,VEH0043,2026-05-17 18:59:00,47.462221,17.018873,50.0,312,OFF,30.5
GPS0001953,VEH0012,2026-06-16 20:10:00,77.174553,103.874104,68.3,203,ON,7.1
GPS0001860,VEH0028,2026-01-07 19:24:00,-12.222541,-154.311366,1.2,284,ON,47.0
GPS0000067,VEH0018,2026-07-02 09:35:00,2.987847,-71.796129,114.4,24,ON,41.2
GPS0001204,VEH0035,2026-03-06 21:17:00,-50.959562,140.383166,49.2,169,ON,87.3
GPS0001056,VEH0018,2026-07-04 16:39:00,8.232334,98.098744,112.1,290,OFF,86.4
GPS0000868,VEH0032,2026-04-17 22:25:00,-13.460185,170.133778,88.7,292,OFF,9.1
GPS0002011,VEH0049,2026-04-07 09:18:00,73.354649,-101.580076,119.3,314,OFF,95.8
GPS0001740,VEH0051,2026-05-10 11:15:00,-76.898675,170.422789,65.9,346,ON,81.5
GPS0000029,VEH0058,2026-06-15 01:36:00,5.107627,143.897295,94.9,260,OFF,38.1
GPS0000295,VEH0008,2026-03-28 03:07:00,56.729687,15.527498,22.2,351,OFF,20.8
GPS0001651,VEH0043,2026-07-12 23:12:00,64.046474,-127.227171,108.7,47,ON,43.6
GPS0000114,VEH0018,2026-02-22 19:59:00,-71.92498,48.850186,56.3,223,ON,57.7
GPS0000246,VEH0048,2026-03-26 21:03:00,-32.400494,-62.406006,72.7,327,ON,76.2
GPS0001440,VEH0017,2026-06-21 07:08:00,-37.164901,-152.96505,55.8,3,OFF,31.4
GPS0001023,VEH0032,2026-03-01 00:37:00,20.350152,-65.42797,17.5,33,OFF,75.8
GPS0001794,VEH0049,2026-06-08 12:04:00,52.139641,169.122304,94.7,301,ON,38.5
GPS0001186,VEH0010,2026-06-17 10:13:00,-32.212127,-42.860302,32.2,146,OFF,44.2
GPS0000981,VEH0032,2026-04-10 06:19:00,66.784478,-44.900323,23.4,235,OFF,66.1
GPS0001703,VEH0021,2026-01-13 13:10:00,-50.801315,127.961357,18.3,104,OFF,41.5
GPS0000412,VEH0033,2026-04-19 17:00:00,-78.30941,-55.964695,83.9,256,OFF,25.8
GPS0002247,VEH0057,2026-05-29 14:11:00,83.846172,107.826585,39.4,83,OFF,88.1
GPS0001063,VEH0005,2026-05-18 14:51:00,15.303514,83.993836,58.6,122,ON,77.0
GPS0000117,VEH0040,2026-03-28 15:39:00,-10.646875,89.738054,33.3,194,ON,31.8
GPS0002445,VEH0022,2026-05-21 06:14:00,-70.569276,179.592701,35.2,349,ON,85.2
GPS0002274,VEH0029,2026-07-16 03:23:00,16.609047,72.905935,87.1,217,ON,41.0
GPS0001890,VEH0055,2026-07-07 10:07:00,15.529365,156.145503,112.0,308,ON,3.4
GPS0000248,VEH0008,2026-06-19 00:55:00,-88.386,144.930184,113.6,34,OFF,57.1
GPS0001514,VEH0052,2026-03-20 08:28:00,-86.301078,-50.048738,96.1,179,OFF,51.2
GPS0000666,VEH0044,2026-01-11 11:04:00,67.472907,-95.978878,69.5,93,OFF,22.2
GPS0000752,VEH0036,2026-04-15 05:22:00,-63.138459,118.784283,83.0,107,OFF,51.9
GPS0002195,VEH0009,2026-03-09 14:04:00,53.562223,151.284327,42.4,320,OFF,59.3
GPS0001352,VEH0048,2026-04-02 13:27:00,53.902156,90.356571,76.0,123,OFF,57.6
GPS0000093,VEH0055,2026-05-29 03:50:00,-7.193398,-54.402088,83.5,165,OFF,51.9
GPS0001406,VEH0006,2026-03-22 18:21:00,-37.107963,122.222995,4.0,92,ON,6.6
GPS0000115,VEH0036,2026-01-11 06:01:00,-69.335067,89.600195,92.8,224,ON,4.0
GPS0001942,VEH0023,2026-06-08 10:52:00,-27.929384,12.41089,82.6,241,ON,73.4
GPS0001377,VEH0001,2026-05-22 16:43:00,-26.074174,3.059984,77.9,61,OFF,60.1
GPS0000255,VEH0004,2026-02-10 17:11:00,148.084085,91.725951,117.0,64,ON,81.4
GPS0000430,VEH0011,2026-02-19 19:40:00,-86.178013,166.93924,60.0,135,ON,7.5
GPS0000589,VEH0003,2026-04-28 21:18:00,-67.282755,-170.903916,38.6,248,ON,0.2
GPS0000607,VEH0035,2026-05-12 21:58:00,0.184471,126.329913,69.2,109,ON,86.1
GPS0002450,VEH0001,2026-03-05 15:29:00,-30.316293,143.093425,98.1,226,OFF,70.2
GPS0000119,VEH0012,2026-07-14 21:25:00,33.645151,-97.826475,13.3,233,ON,76.2
GPS0001982,VEH0007,2026-07-13 09:04:00,-58.229608,-17.497956,80.0,241,OFF,68.6
GPS0001414,VEH0020,2026-06-21 19:32:00,-11.308798,11.596989,72.4,310,ON,0.3
GPS0000133,VEH0031,2026-06-03 07:57:00,-83.697644,30.277519,12.2,301,OFF,50.9
GPS0000163,VEH0011,2026-07-16 18:44:00,-89.584807,-143.442168,49.3,320,ON,4.7
GPS0000264,VEH0055,2026-04-24 15:11:00,-54.570262,136.36289,104.9,159,ON,20.4
GPS0002228,VEH0014,2026-03-22 00:00:00,37.269971,-165.396505,41.4,123,ON,92.4
GPS0001314,VEH0038,2026-01-22 08:26:00,29.389189,-137.384689,77.1,245,ON,60.6
GPS0000247,VEH0007,2026-01-04 21:25:00,-20.694728,-46.23545,80.3,219,OFF,29.8
GPS0002156,VEH0036,2026-03-22 06:48:00,-67.856091,148.67383,100.0,321,OFF,95.4
GPS0000776,VEH0030,2026-03-09 22:39:00,-11.859493,91.09585,47.2,305,OFF,77.1
GPS0000553,VEH0008,2026-02-18 05:57:00,65.378697,67.244162,51.2,297,OFF,84.3
GPS0001114,VEH0045,2026-04-16 19:13:00,65.137205,-75.855736,47.8,138,OFF,70.5
GPS0000581,VEH0041,2026-05-27 05:28:00,64.27449,-172.060006,54.0,279,ON,57.5
GPS0000845,VEH0020,2026-03-19 01:12:00,34.266759,172.571538,11.4,345,OFF,4.9
GPS0001461,VEH0012,2026-02-22 15:14:00,-42.54176,-55.025812,114.1,158,OFF,86.7
GPS0002095,VEH0024,2026-04-25 05:26:00,-1.747266,-86.445057,62.2,320,OFF,92.1
GPS0000652,VEH0013,2026-04-26 08:44:00,47.249687,-130.381141,74.9,173,OFF,58.1
GPS0001171,VEH0010,2026-03-01 21:31:00,-37.269222,-132.189691,28.9,43,ON,74.9
GPS0002486,VEH0053,2026-07-13 20:30:00,-72.437392,-12.616989,40.0,260,OFF,21.4
GPS0001369,VEH0022,2026-01-06 08:06:00,15.155585,91.028816,77.6,279,OFF,69.1
GPS0000898,VEH0056,2026-03-15 14:31:00,-61.587943,-119.816286,113.2,248,OFF,69.6
GPS0002474,VEH0048,2026-06-13 19:52:00,58.134258,-143.776565,109.9,239,OFF,88.5
GPS0000677,VEH0008,2026-05-04 20:41:00,-84.386901,154.213059,28.6,63,ON,56.9
GPS0000015,VEH0003,2026-05-05 12:02:00,75.708888,127.569415,92.2,155,OFF,10.2
GPS0000968,VEH0005,2026-04-10 21:53:00,77.768815,64.906628,104.3,295,OFF,82.5
GPS0001107,VEH0057,2026-07-05 02:35:00,16.933299,-11.446361,80.9,72,ON,54.1
GPS0000241,VEH0025,2026-03-30 01:55:00,33.864835,50.553038,31.2,342,OFF,59.5
GPS0001255,VEH0054,2026-02-24 06:37:00,-88.959098,118.144242,99.3,251,ON,61.5
GPS0001937,VEH0046,2026-03-14 12:57:00,13.297642,-152.69144,44.1,152,ON,55.2
GPS0000685,VEH0049,2026-03-07 16:24:00,81.569869,-57.711949,85.1,352,OFF,79.7
GPS0000169,VEH0024,2026-06-02 14:05:00,56.92439,116.009948,112.2,81,ON,27.9
GPS0001640,VEH0013,2026-03-05 09:01:00,-13.043532,-62.954167,88.4,2,ON,5.9
GPS0001134,VEH0027,2026-03-14 19:44:00,94.204978,-96.485575,75.9,271,OFF,56.7
GPS0001879,VEH0024,2026-01-21 00:56:00,64.886304,-81.365932,110.8,31,ON,68.7
GPS0001716,VEH0053,2026-06-26 10:48:00,67.052636,-69.786656,92.0,263,OFF,18.9
GPS0000272,VEH0003,2026-02-02 05:00:00,-33.750497,175.319941,10.2,338,ON,54.2
GPS0001474,VEH0040,2026-02-15 03:57:00,-72.334591,-87.334532,87.5,251,OFF,73.8
GPS0001254,VEH0054,2026-03-07 06:22:00,37.252071,-18.055361,45.8,298,OFF,51.3
GPS0001548,VEH0048,2026-05-01 05:32:00,-64.178076,-83.4061,83.2,296,OFF,92.0
GPS0000215,VEH0016,2026-06-02 13:50:00,43.955604,-24.528001,45.8,327,OFF,64.2
GPS0002200,VEH0054,2026-05-27 14:40:00,-10.158295,-71.838804,62.7,81,OFF,22.9
GPS0000345,VEH0007,2026-06-12 09:31:00,-9.943502,170.975473,56.8,85,OFF,55.8
GPS0000839,VEH0046,2026-01-30 21:34:00,-44.379509,-27.481707,87.7,32,ON,74.6
GPS0001616,VEH0016,2026-02-11 00:40:00,-30.126736,36.705344,68.1,8,ON,11.2
GPS0001836,VEH0050,2026-07-19 00:27:00,31.764459,128.731751,75.0,351,ON,32.2
GPS0000796,VEH0018,2026-05-31 19:55:00,-65.962137,99.167212,49.9,20,ON,20.3
GPS0000413,VEH0010,2026-07-11 00:18:00,-5.136791,-12.903546,55.3,194,OFF,60.2
GPS0001713,VEH0044,2026-04-19 08:50:00,42.763694,-90.583973,24.7,70,OFF,94.7
GPS0000343,VEH0034,2026-07-01 20:06:00,-76.643896,-81.170885,24.3,55,OFF,78.6
GPS0000948,VEH0024,2026-02-01 07:42:00,-84.688255,109.897447,113.7,330,OFF,68.0
GPS0001758,VEH0055,2026-06-01 13:50:00,57.548971,-25.626568,37.5,49,ON,63.7
GPS0000378,VEH0001,2026-02-03 09:25:00,75.269608,2.947937,62.1,297,ON,27.0
GPS0001492,VEH0006,2026-01-11 20:33:00,84.808482,130.425521,85.6,139,ON,81.2
GPS0000739,VEH0024,2026-06-23 04:05:00,108.550725,161.908728,114.5,48,OFF,31.3
GPS0002153,VEH0030,2026-05-10 00:58:00,-19.587724,-61.233649,81.4,82,OFF,73.9
GPS0000053,VEH0008,2026-07-13 14:25:00,-13.087452,93.115083,36.1,173,ON,88.1
GPS0000019,VEH0013,2026-06-28 07:34:00,84.804595,21.356019,64.1,328,OFF,34.3
GPS0001310,VEH0044,2026-04-23 05:34:00,19.432266,-49.790489,116.6,156,ON,58.4
GPS0000999,VEH0047,2026-07-04 00:01:00,88.641922,41.194465,,15,OFF,77.7
GPS0001390,VEH0055,2026-03-16 11:11:00,61.906177,-7.282025,94.5,257,OFF,68.8
GPS0000096,VEH0017,2026-05-12 06:19:00,50.202123,87.386587,21.4,234,ON,65.1
GPS0001500,VEH0056,2026-01-18 06:18:00,-11.705499,-151.011184,112.8,6,OFF,4.5
GPS0002163,VEH0013,2026-07-05 19:30:00,58.66779,-28.344166,97.8,233,ON,9.3
GPS0000180,VEH0032,2026-07-11 08:58:00,-71.651551,-29.604344,31.4,217,ON,85.0
GPS0001599,VEH0003,2026-01-10 11:02:00,-67.346509,-43.339565,19.0,24,OFF,40.2
GPS0000717,VEH0016,2026-02-20 05:01:00,-72.166477,-145.063346,33.3,176,ON,31.1
GPS0000185,VEH0006,2026-04-18 06:22:00,-67.62518,178.904184,119.0,271,OFF,70.9
GPS0000468,VEH0008,2026-04-18 22:15:00,-31.362959,173.478499,20.1,155,ON,2.8
GPS0000904,VEH0004,2026-01-06 09:19:00,12.351685,131.388088,23.7,177,OFF,66.5
GPS0002285,VEH0017,2026-01-03 01:50:00,-32.123728,-2.78234,11.5,105,ON,97.7
GPS0000072,VEH0055,2026-01-14 22:10:00,-19.471801,-94.475433,39.1,267,OFF,73.1
GPS0002180,VEH0060,2026-01-21 09:08:00,24.111327,-124.50109,48.2,80,ON,77.2
GPS0001899,VEH0030,2026-01-10 01:33:00,3.039698,-111.97881,80.3,32,ON,80.2
GPS0002162,VEH0008,2026-07-01 09:29:00,32.686904,-97.482485,24.0,110,ON,3.3
GPS0002129,VEH0019,2026-04-02 15:26:00,39.928713,13.75355,58.2,247,OFF,98.6
GPS0001208,VEH0054,2026-04-02 14:20:00,8.612749,-99.857675,37.0,345,OFF,51.5
GPS0002078,VEH0045,2026-04-09 16:40:00,-48.291919,-166.475184,20.2,252,ON,68.4
GPS0002426,VEH0039,2026-02-10 18:45:00,2.755795,174.290089,28.1,37,ON,9.2
GPS0001064,VEH0005,2026-04-28 23:48:00,14.855533,86.459529,108.0,224,OFF,2.8
GPS0001529,VEH0056,2026-06-02 22:02:00,-85.869384,156.765724,112.8,196,OFF,89.4
GPS0000659,VEH0029,2026-06-09 07:30:00,4.268831,-12.414469,,113,ON,70.2
GPS0002386,VEH0022,2026-04-30 20:48:00,44.175957,159.863452,43.7,226,OFF,54.7
GPS0001839,VEH0025,2026-05-11 17:41:00,-6.481131,136.090647,78.0,33,OFF,92.8
GPS0001077,VEH0034,2026-05-28 17:22:00,59.832153,53.035103,70.2,201,OFF,64.1
GPS0000455,VEH0007,2026-06-21 17:53:00,86.558632,-89.185732,6.9,214,ON,5.6
GPS0001384,VEH0055,2026-04-26 08:25:00,-68.010786,149.421055,17.9,164,OFF,15.6
GPS0000403,VEH0007,2026-05-17 15:14:00,-70.361039,-107.606387,21.1,321,ON,68.9
GPS0000990,VEH0038,2026-02-07 11:58:00,14.858941,-177.546222,66.1,111,ON,56.4
GPS0001446,VEH0050,2026-05-17 23:33:00,34.426595,102.228072,69.9,205,ON,1.2
GPS0001473,VEH0018,2026-03-27 02:26:00,-5.45279,-23.261854,,101,OFF,94.5
GPS0000678,VEH0050,2026-07-05 04:58:00,26.797852,-156.432598,86.4,140,OFF,5.5
GPS0001617,VEH0004,2026-04-20 06:33:00,16.800782,78.033088,78.6,327,OFF,9.0
GPS0001252,VEH0016,2026-02-02 10:55:00,28.427108,-170.071366,109.3,157,OFF,91.8
GPS0001984,VEH0056,2026-04-09 07:46:00,81.01105,-107.924666,117.3,229,ON,17.3
GPS0000823,VEH0030,2026-01-08 00:26:00,-16.27976,-154.088025,47.9,132,ON,37.3
GPS0000964,VEH0032,2026-01-02 09:01:00,-51.202109,-129.080175,118.5,141,ON,11.1
GPS0000836,VEH0027,2026-01-04 09:30:00,6.386768,141.140079,44.8,45,OFF,39.8
GPS0001034,VEH0049,2026-05-26 21:07:00,-23.137246,150.930899,22.2,82,ON,85.9
GPS0000175,VEH0039,2026-05-06 13:22:00,44.926124,30.968987,119.4,113,OFF,32.2
GPS0000940,VEH0019,2026-06-25 10:47:00,50.191817,109.346261,14.8,272,OFF,1.6
GPS0000692,VEH0057,2026-04-07 01:14:00,-86.285114,32.02283,25.2,67,ON,54.4
GPS0000335,VEH0053,2026-04-23 22:29:00,-1.687147,-31.771097,,113,OFF,15.9
GPS0000874,VEH0054,2026-01-06 04:13:00,-63.466677,42.072691,117.7,216,OFF,86.7
GPS0002394,VEH0005,2026-06-16 22:58:00,-79.593585,169.870008,7.3,54,ON,15.4
GPS0002056,VEH0007,2026-03-01 00:18:00,-85.902432,44.712753,111.7,206,ON,19.8
GPS0000198,VEH0011,2026-06-26 23:10:00,-45.327646,-144.511449,33.3,89,OFF,41.1
GPS0000297,VEH0027,2026-03-27 07:47:00,-86.519113,-54.214162,8.1,259,OFF,22.6
GPS0001531,VEH0039,2026-02-20 19:01:00,-53.949119,-82.265503,17.6,111,OFF,73.3
GPS0001746,VEH0021,2026-05-13 14:24:00,-27.562212,-102.973265,100.4,43,OFF,15.3
GPS0000123,VEH0009,2026-02-07 01:22:00,-40.68831,137.297004,49.5,75,ON,90.1
GPS0000379,VEH0034,2026-03-11 17:32:00,24.567432,67.976754,16.6,60,ON,11.7
GPS0002311,VEH0017,2026-01-22 07:30:00,115.653683,-130.417082,31.0,197,OFF,12.6
GPS0002053,VEH0026,2026-07-07 01:13:00,-46.175016,-27.748692,26.9,189,OFF,26.4
GPS0000916,VEH0015,2026-06-08 15:33:00,26.756153,165.850669,38.8,358,OFF,92.2
GPS0001872,VEH0049,2026-03-03 10:31:00,-34.726338,158.807374,78.0,83,ON,3.1
GPS0002320,VEH0004,2026-04-06 20:00:00,-77.234373,165.632083,58.0,346,OFF,37.7
GPS0000612,VEH0057,2026-04-09 16:23:00,-85.03657,179.164724,89.5,171,ON,62.3
GPS0001772,VEH0044,2026-03-19 18:59:00,-86.196186,-118.302715,102.2,153,OFF,11.3
GPS0000957,VEH0060,2026-04-08 02:04:00,29.478542,-35.751733,15.7,189,ON,5.8
GPS0001633,VEH0009,2026-01-21 13:54:00,85.692432,-39.5447,35.5,174,OFF,31.4
GPS0001888,VEH0054,2026-04-10 05:24:00,58.117669,-148.431311,2.8,355,ON,78.1
GPS0001412,VEH0014,2026-06-11 16:08:00,67.743351,82.963293,71.1,198,ON,6.7
GPS0002251,VEH0028,2026-01-09 08:36:00,3.650649,-122.970398,19.3,323,ON,82.8
GPS0000909,VEH0051,2026-04-11 01:45:00,87.730058,-61.283329,69.3,331,OFF,72.2
GPS0000507,VEH0011,2026-03-31 07:11:00,1.368646,-61.12688,60.6,320,OFF,1.9
GPS0000357,VEH0011,2026-04-28 23:32:00,-62.692919,-138.075409,55.9,198,OFF,24.4
GPS0001424,VEH0060,2026-03-22 14:17:00,-45.466503,12.361066,12.6,37,ON,56.6
GPS0002430,VEH0022,2026-06-17 13:34:00,83.831228,-160.359555,64.5,33,OFF,64.5
GPS0001155,VEH0010,2026-05-21 20:06:00,-78.300817,-154.141232,32.4,56,OFF,97.5
GPS0001723,VEH0030,2026-05-27 04:51:00,29.882771,-169.696938,58.4,320,ON,33.8
GPS0002397,VEH0048,2026-03-07 17:51:00,-79.558142,-128.088712,64.0,220,ON,27.8
GPS0000668,VEH0015,2026-05-20 19:22:00,24.015765,14.85834,109.1,19,OFF,1.4
GPS0000887,VEH0043,2026-02-09 03:40:00,15.008526,127.18008,105.0,113,OFF,9.8
GPS0001285,VEH0002,2026-07-17 15:08:00,-57.624511,-94.459843,115.1,13,ON,64.1
GPS0000334,VEH0038,2026-01-25 08:56:00,30.157391,-90.128206,68.6,337,OFF,69.1
GPS0000154,VEH0042,2026-03-20 16:12:00,-48.913768,-152.960165,33.7,204,ON,53.7
GPS0001421,VEH0032,2026-04-30 05:02:00,-13.469341,149.150794,36.0,154,ON,60.4
GPS0001841,VEH0001,2026-04-06 13:05:00,36.4187,24.615673,3.6,254,OFF,30.8
GPS0000722,VEH0029,2026-04-10 08:27:00,168.819071,133.969541,52.4,358,OFF,2.2
GPS0000374,VEH0008,2026-01-07 06:08:00,83.802225,-107.215454,81.0,0,ON,81.1
GPS0000313,VEH0024,2026-02-19 10:05:00,78.036265,133.038371,7.5,308,ON,66.7
GPS0001850,VEH0028,2026-03-30 04:49:00,31.24689,42.805212,38.4,121,ON,21.5
GPS0001623,VEH0008,2026-05-25 10:17:00,-14.504376,-73.132503,25.0,330,ON,18.2
GPS0000043,VEH0001,2026-06-06 13:56:00,126.950419,77.454067,96.4,359,ON,92.3
GPS0000972,VEH0047,2026-05-19 18:54:00,58.04928,153.136676,37.3,26,ON,74.3
GPS0001471,VEH0059,2026-02-04 09:51:00,80.564468,-179.961986,108.0,149,ON,94.1
GPS0000523,VEH0021,2026-01-25 21:17:00,40.407982,-1.403498,12.6,92,OFF,29.3
GPS0000418,VEH0035,2026-03-05 01:20:00,75.606882,-139.87581,10.0,157,OFF,59.3
GPS0000763,VEH0049,2026-03-13 06:04:00,-56.479549,-83.85685,61.0,157,OFF,77.8
GPS0000658,VEH0060,2026-06-22 07:06:00,27.697593,-2.333336,36.6,29,OFF,13.5
GPS0000705,VEH0041,2026-03-25 07:51:00,83.173946,-44.530026,109.3,146,OFF,2.2
GPS0000733,VEH0055,2026-06-20 15:41:00,-50.632192,-152.801851,97.8,118,ON,78.6
GPS0002308,VEH0052,2026-03-06 17:50:00,-17.682365,-89.289468,116.7,207,OFF,47.3
GPS0000945,VEH0048,2026-03-12 03:39:00,-31.10342,106.684659,5.7,22,ON,9.4
GPS0002372,VEH0023,2026-04-19 15:53:00,-63.970736,-126.211281,0.1,325,ON,29.9
GPS0001807,VEH0024,2026-04-03 10:33:00,-52.177413,-20.350975,50.8,108,ON,21.0
GPS0001019,VEH0012,2026-01-21 18:44:00,-41.224489,-4.285226,115.7,275,ON,74.7
GPS0001470,VEH0008,2026-02-08 11:04:00,43.92128,69.023917,7.4,281,ON,9.8
GPS0000908,VEH0037,2026-04-15 01:50:00,-24.406434,14.574445,5.3,171,OFF,6.9
GPS0001694,VEH0031,2026-04-03 09:54:00,-82.969364,145.135769,39.5,102,OFF,48.2
GPS0000273,VEH0054,2026-03-31 10:03:00,-8.108992,-45.278739,88.4,96,ON,19.2
GPS0001494,VEH0018,2026-03-10 05:07:00,-58.570441,24.844875,7.9,75,OFF,19.9
GPS0000520,VEH0009,2026-04-01 18:59:00,22.761114,74.141189,72.8,120,ON,22.3
GPS0000815,VEH0049,2026-05-07 13:21:00,-63.980459,-12.992052,50.2,40,ON,33.6
GPS0000819,VEH0047,2026-02-04 22:48:00,29.787937,173.683104,0.3,303,ON,63.8
GPS0000735,VEH0027,2026-02-20 20:56:00,10.949548,26.89407,78.6,12,OFF,29.9
GPS0001523,VEH0051,2026-06-23 23:34:00,-55.77871,136.717559,13.3,270,OFF,70.6
GPS0001639,VEH0041,2026-03-14 22:34:00,-12.704828,135.775088,18.5,171,ON,52.0
GPS0002463,VEH0011,2026-07-13 04:16:00,18.596616,64.87184,40.8,86,ON,58.4
GPS0001701,VEH0059,2026-05-23 09:15:00,16.293982,44.560349,48.4,285,OFF,49.3
GPS0001122,VEH0033,2026-04-26 12:20:00,-89.500986,-102.619621,27.5,72,OFF,97.4
GPS0002177,VEH0001,2026-03-31 04:28:00,82.522436,67.912319,60.1,69,OFF,47.2
GPS0001915,VEH0002,2026-07-02 15:21:00,-83.495018,-97.54786,31.1,186,ON,6.6
GPS0001884,VEH0059,2026-02-19 07:15:00,-87.677233,-44.643882,96.1,248,ON,42.3
GPS0000380,VEH0044,2026-03-08 22:24:00,-50.318607,102.256696,49.6,274,ON,7.7
GPS0000344,VEH0006,2026-03-07 21:43:00,54.211057,130.472524,98.9,19,ON,37.2
GPS0002149,VEH0013,2026-01-25 10:24:00,35.318014,-50.675438,24.0,71,ON,1.9
GPS0002145,VEH0046,2026-05-28 12:57:00,61.192981,-100.284458,93.8,171,OFF,69.6
GPS0001943,VEH0049,2026-06-12 19:10:00,75.172998,102.599412,54.7,281,OFF,68.9
GPS0001804,VEH0041,2026-06-08 14:43:00,55.068384,-47.753791,11.0,38,OFF,38.1
GPS0002390,VEH0023,2026-02-12 13:13:00,59.530477,80.076201,55.7,340,OFF,87.7
GPS0001262,VEH0025,2026-03-27 04:03:00,7.457821,-75.724977,23.2,67,ON,41.6
GPS0002013,VEH0046,2026-03-12 13:43:00,60.728009,-148.361936,16.3,239,OFF,80.7
GPS0001425,VEH0021,2026-01-07 11:41:00,-12.760514,66.653532,86.8,314,OFF,60.6
GPS0001595,VEH0020,2026-03-24 13:53:00,-24.895555,-86.045406,9.6,69,OFF,99.6
GPS0000233,VEH0021,2026-04-15 14:53:00,47.48188,60.460975,22.9,122,OFF,86.3
GPS0000795,VEH0036,2026-05-16 07:04:00,-51.933132,39.841622,76.8,92,ON,24.9
GPS0001707,VEH0032,2026-03-29 09:51:00,54.219875,86.284941,25.8,82,OFF,69.9
GPS0002457,VEH0035,2026-01-11 13:50:00,15.041917,-139.980901,19.8,202,OFF,65.8
GPS0001821,VEH0018,2026-05-23 23:44:00,62.510432,115.455357,39.9,326,ON,46.1
GPS0000113,VEH0007,2026-06-17 20:23:00,45.663423,38.606921,2.8,145,OFF,37.0
GPS0001000,VEH0004,2026-06-02 23:17:00,60.188424,164.780019,35.4,303,OFF,9.6
GPS0001583,VEH0036,2026-05-09 17:15:00,66.9857,55.393489,27.7,13,OFF,56.4
GPS0002480,VEH0042,2026-01-31 05:38:00,-54.946045,114.053197,43.2,107,OFF,59.5
GPS0000226,VEH0001,2026-03-26 03:21:00,35.078198,-80.731103,11.2,174,OFF,99.4
GPS0001043,VEH0008,2026-01-04 21:00:00,-24.822523,37.180409,117.1,94,OFF,16.4
GPS0001193,VEH0019,2026-02-26 02:08:00,-2.169914,-89.074494,71.6,20,OFF,25.9
GPS0001450,VEH0034,2026-03-31 22:38:00,-51.33344,68.804942,,9,ON,53.4
GPS0001764,VEH0010,2026-06-12 01:35:00,83.072203,62.073743,51.0,45,ON,95.5
GPS0001667,VEH0016,2026-03-26 09:13:00,-12.660681,98.818778,41.8,117,OFF,69.6
GPS0000849,VEH0015,2026-05-05 14:45:00,53.697521,169.103932,80.7,184,ON,65.6
GPS0000622,VEH0059,2026-04-06 21:35:00,10.296357,-58.068542,8.2,145,ON,83.2
GPS0002142,VEH0017,2026-03-01 04:07:00,60.426942,12.213209,65.7,139,OFF,58.2
GPS0000214,VEH0004,2026-02-21 20:38:00,76.19539,148.684182,57.8,162,OFF,73.3
GPS0000771,VEH0004,2026-07-13 14:51:00,-81.325234,12.924378,64.0,119,OFF,45.4
GPS0000338,VEH0019,2026-01-31 21:06:00,33.858663,77.392029,61.8,264,OFF,27.7
GPS0000804,VEH0035,2026-02-06 23:12:00,16.94388,83.496375,107.9,221,OFF,46.4
GPS0001183,VEH0057,2026-03-16 03:06:00,-25.198205,76.159417,13.4,128,OFF,90.2
GPS0001169,VEH0049,2026-04-27 21:34:00,18.127683,73.145436,24.9,325,OFF,46.7
GPS0000037,VEH0006,2026-06-19 04:52:00,5.76091,-105.250666,42.1,61,OFF,7.5
GPS0000106,VEH0051,2026-05-07 04:59:00,5.633411,-37.082343,75.7,70,ON,54.4
GPS0000363,VEH0036,2026-03-28 08:35:00,-64.72816,-85.626371,58.7,94,OFF,86.0
GPS0000851,VEH0045,2026-05-05 21:08:00,46.630674,106.199145,42.5,285,OFF,58.5
GPS0001741,VEH0021,2026-04-27 09:47:00,-84.386527,-163.549785,70.7,260,OFF,2.7
GPS0000857,VEH0028,2026-05-11 15:27:00,-40.542758,-59.735346,9.5,162,ON,74.0
GPS0001466,VEH0054,2026-06-18 07:38:00,-47.561763,138.373134,96.7,117,OFF,91.2
GPS0000566,VEH0058,2026-03-31 09:37:00,64.267252,-179.998918,63.3,208,OFF,24.4
GPS0000250,VEH0025,2026-05-28 14:46:00,36.686039,-4.606893,47.6,98,ON,45.0
GPS0001475,VEH0036,2026-05-20 18:33:00,73.098551,-89.199083,13.6,31,ON,21.0
GPS0000318,VEH0055,2026-02-09 06:47:00,7.411305,-123.586426,19.9,213,OFF,83.8
GPS0001201,VEH0013,2026-06-29 19:04:00,-12.691425,-65.616068,18.9,76,ON,92.7
GPS0001108,VEH0005,2026-07-05 06:26:00,-25.076988,-81.782605,53.8,145,ON,40.7
GPS0000653,VEH0014,2026-07-02 07:20:00,88.938015,-98.799485,119.6,291,OFF,9.5
GPS0000071,VEH0048,2026-03-30 18:47:00,8.013103,122.950061,68.8,139,ON,25.1
GPS0001668,VEH0017,2026-03-19 12:31:00,-0.557583,166.359348,47.3,40,ON,46.4
GPS0001175,VEH0012,2026-05-04 23:38:00,35.223044,-87.53783,11.6,248,OFF,21.8
GPS0001089,VEH0024,2026-03-04 08:41:00,67.237181,49.383787,45.4,192,ON,75.4
GPS0000759,VEH0016,2026-03-10 18:27:00,45.72535,-57.827038,45.2,190,ON,68.7
GPS0000411,VEH0004,2026-01-22 17:31:00,48.288353,-106.024722,117.0,228,ON,34.7
GPS0002439,VEH0058,2026-05-17 16:44:00,-16.939741,-163.421781,13.3,116,ON,23.5
GPS0001026,VEH0027,2026-06-08 06:46:00,-47.896673,-163.364515,101.9,97,OFF,10.7
GPS0002092,VEH0011,2026-05-22 09:46:00,-32.223974,-143.143342,4.2,279,ON,35.4
GPS0000540,VEH0059,2026-01-06 21:12:00,-73.623597,125.754331,61.8,311,OFF,22.8
GPS0000602,VEH0058,2026-03-21 05:20:00,80.966992,-71.134951,104.8,79,ON,99.4
GPS0001333,VEH0014,2026-02-12 14:33:00,-45.024919,70.48231,83.8,189,ON,54.7
GPS0002406,VEH0027,2026-07-14 08:22:00,-15.360648,48.04896,57.9,60,OFF,59.1
GPS0001435,VEH0051,2026-04-17 10:20:00,-11.087328,126.262888,9.9,205,ON,84.1
GPS0002220,VEH0045,2026-01-21 21:07:00,28.445063,66.219418,55.4,139,ON,43.7
GPS0002337,VEH0054,2026-02-19 04:45:00,-55.512642,148.907491,30.8,263,ON,24.8
GPS0000838,VEH0057,2026-05-30 02:23:00,-44.280231,98.021894,52.4,104,ON,62.7
GPS0002314,VEH0021,2026-06-29 13:13:00,-9.371124,-103.439986,89.5,300,OFF,63.7
GPS0001628,VEH0009,2026-05-03 22:50:00,167.235337,141.961138,55.2,326,OFF,24.3
GPS0000807,VEH0023,2026-05-04 00:29:00,9.572043,-141.179977,,202,ON,82.4
GPS0000883,VEH0060,2026-04-24 15:31:00,-73.542029,-155.138747,85.1,91,ON,41.5
GPS0001485,VEH0009,2026-01-27 11:52:00,0.325462,-145.309651,91.4,280,OFF,95.1
GPS0000638,VEH0033,2026-03-09 04:24:00,-38.190904,-27.769894,27.0,278,OFF,52.2
GPS0000424,VEH0053,2026-06-09 00:48:00,48.650868,114.486645,14.4,10,ON,75.9
GPS0000728,VEH0003,2026-03-24 21:27:00,-42.276387,79.599698,98.6,75,OFF,53.4
GPS0001997,VEH0060,2026-03-27 23:04:00,46.714023,-3.106184,90.7,185,ON,62.7
GPS0000377,VEH0043,2026-01-20 02:58:00,-72.292322,-126.462191,56.8,61,ON,86.7
GPS0000525,VEH0040,2026-06-24 22:26:00,73.408259,145.923936,8.0,199,OFF,34.0
GPS0000151,VEH0028,2026-02-28 09:01:00,-86.301835,125.260974,101.0,312,ON,10.5
GPS0001581,VEH0026,2026-03-14 14:22:00,-41.973932,-102.505241,48.3,349,ON,64.5
GPS0001950,VEH0037,2026-04-16 11:16:00,-42.573806,92.997118,78.2,233,OFF,81.6
GPS0001775,VEH0060,2026-03-09 00:14:00,24.999095,23.620757,86.8,43,ON,41.1
GPS0000627,VEH0044,2026-04-24 00:31:00,0.122747,-6.756008,8.6,32,OFF,24.6
GPS0002413,VEH0027,2026-05-28 05:43:00,-85.393915,-68.074406,57.7,279,OFF,19.5
GPS0001846,VEH0005,2026-06-28 03:44:00,58.066794,-86.111201,11.3,277,ON,99.2
GPS0000144,VEH0009,2026-06-01 20:23:00,77.999072,-53.661642,51.0,278,OFF,59.1
GPS0000718,VEH0034,2026-06-20 07:32:00,85.767475,67.973163,87.1,191,ON,16.6
GPS0000567,VEH0044,2026-01-02 03:18:00,33.470912,-107.777405,116.7,104,ON,17.2
GPS0001881,VEH0028,2026-04-14 01:37:00,18.631469,112.197891,26.9,345,OFF,25.7
GPS0001156,VEH0001,2026-01-29 16:33:00,-30.963931,109.974199,57.4,309,OFF,90.4
GPS0002223,VEH0038,2026-01-17 08:32:00,38.282921,152.100406,48.4,327,OFF,64.9
GPS0001432,VEH0026,2026-02-14 20:57:00,-75.28452,-136.423208,16.9,339,ON,62.9
GPS0002336,VEH0005,2026-03-08 09:21:00,-45.547394,-158.334666,72.7,88,OFF,97.8
GPS0002172,VEH0025,2026-01-10 14:33:00,34.037736,-30.163415,68.1,335,OFF,85.4
GPS0002187,VEH0058,2026-05-21 13:21:00,57.957284,-102.197308,34.2,261,ON,53.0
GPS0000880,VEH0043,2026-02-07 05:03:00,67.418578,-130.715253,71.5,333,ON,45.9
GPS0001076,VEH0059,2026-01-10 18:37:00,28.277218,-154.684654,67.6,0,OFF,88.9
GPS0000625,VEH0030,2026-01-08 16:52:00,-84.294666,125.660764,9.8,290,ON,88.6
GPS0002485,VEH0002,2026-03-17 07:49:00,54.588369,115.238661,106.4,183,ON,1.2
GPS0000185,VEH0006,2026-04-18 06:22:00,-67.62518,178.904184,119.0,271,OFF,70.9
GPS0001367,VEH0003,2026-07-17 11:30:00,-80.630513,-144.475544,76.1,120,ON,16.8
GPS0002231,VEH0060,2026-05-07 21:30:00,-59.866494,178.656307,101.8,41,ON,91.1
GPS0000618,VEH0011,2026-05-12 17:25:00,-63.334443,-76.406188,63.5,115,ON,60.8
GPS0001325,VEH0052,2026-01-14 22:10:00,-37.400648,-126.732188,48.2,120,ON,16.6
GPS0001983,VEH0031,2026-01-17 19:12:00,-87.02383,-8.560098,13.9,8,ON,12.5
GPS0000691,VEH0024,2026-04-24 12:03:00,-36.285441,93.81335,57.3,84,ON,1.9
GPS0002379,VEH0017,2026-05-23 18:32:00,65.122299,-5.815174,81.8,116,ON,56.4
GPS0002289,VEH0008,2026-03-11 15:00:00,83.122134,-96.513393,113.4,339,ON,91.7
GPS0001690,VEH0054,2026-01-25 16:26:00,-47.112059,41.152096,110.0,338,OFF,16.3
GPS0001351,VEH0049,2026-07-11 18:48:00,-81.014203,162.703047,113.2,72,OFF,88.4
GPS0002407,VEH0052,2026-03-09 11:03:00,63.391695,106.250538,114.6,118,OFF,35.5
GPS0001831,VEH0018,2026-05-03 09:08:00,-53.686935,-75.304538,102.8,347,OFF,91.3
GPS0001687,VEH0027,2026-06-25 05:22:00,82.870731,-68.7328,10.6,266,ON,35.9
GPS0001693,VEH0037,2026-06-29 06:58:00,-66.138613,-81.109181,70.5,195,OFF,66.5
GPS0000466,VEH0016,2026-02-26 18:08:00,-72.796049,-4.330188,70.6,250,ON,51.8
GPS0001188,VEH0022,2026-03-12 18:21:00,52.771617,25.349599,97.6,41,ON,99.6
GPS0001192,VEH0034,2026-07-08 03:05:00,-2.610938,22.72457,78.2,154,ON,68.8
GPS0000146,VEH0037,2026-03-12 03:51:00,12.459839,-116.21661,113.2,267,OFF,75.2
GPS0002255,VEH0048,2026-06-15 16:40:00,134.804234,-78.961858,101.6,163,ON,93.1
GPS0000325,VEH0002,2026-06-07 05:22:00,43.274366,133.545137,115.6,178,OFF,32.3
GPS0001763,VEH0001,2026-01-13 01:04:00,16.194615,92.782145,2.4,312,OFF,34.4
GPS0000707,VEH0035,2026-04-10 07:55:00,86.280352,12.584121,26.2,42,ON,99.3
GPS0000715,VEH0035,2026-06-14 18:59:00,-44.268096,-50.858545,70.4,183,OFF,25.8
GPS0001835,VEH0015,2026-03-31 06:21:00,65.202151,-156.551453,5.1,190,ON,89.5
GPS0001112,VEH0024,2026-03-20 21:53:00,-24.266017,75.706522,12.6,198,ON,73.3
GPS0002128,VEH0038,2026-01-29 22:35:00,42.256319,169.294192,91.7,198,ON,60.3
GPS0000902,VEH0059,2026-06-12 12:26:00,-18.628226,-13.580817,51.2,14,ON,59.1
GPS0000688,VEH0058,2026-06-10 17:48:00,32.04489,-171.997367,69.4,286,ON,32.2
GPS0002215,VEH0054,2026-07-10 00:13:00,-4.835551,24.363274,38.3,113,OFF,48.3
GPS0001631,VEH0010,2026-06-14 12:46:00,-24.141684,-90.635794,37.3,313,ON,20.0
GPS0002278,VEH0053,2026-03-18 20:05:00,81.878613,43.567683,43.5,74,ON,1.0
GPS0001940,VEH0023,2026-07-06 17:30:00,5.135483,118.9189,65.8,199,ON,94.4
GPS0001825,VEH0029,2026-05-02 13:03:00,-57.659843,0.001405,99.5,36,OFF,4.1
GPS0000101,VEH0033,2026-03-01 18:00:00,-48.622665,160.872027,70.4,315,OFF,75.8
GPS0000291,VEH0052,2026-04-15 08:49:00,25.759569,80.231183,13.9,141,ON,28.5
GPS0000879,VEH0007,2026-01-06 01:48:00,-3.204189,115.981472,62.8,214,ON,9.3
GPS0001456,VEH0060,2026-01-08 08:24:00,82.206194,-69.61989,34.2,352,OFF,37.1
GPS0000392,VEH0016,2026-02-23 09:19:00,31.673263,131.037216,44.4,344,ON,78.1
GPS0000087,VEH0011,2026-07-15 03:36:00,-42.077946,-153.815615,109.4,167,ON,53.1
GPS0002284,VEH0027,2026-04-13 01:55:00,-30.497312,90.285081,70.5,353,ON,25.0
GPS0001276,VEH0034,2026-07-03 11:36:00,-38.992406,-121.821716,24.8,160,OFF,4.4
GPS0001524,VEH0023,2026-07-09 23:02:00,-65.413627,178.002399,86.3,228,ON,84.9
GPS0000476,VEH0007,2026-03-03 08:43:00,84.436589,20.984886,117.9,331,ON,22.6
GPS0001695,VEH0040,2026-03-19 05:45:00,29.26426,-96.951147,30.7,2,ON,69.3
GPS0001296,VEH0059,2026-01-29 14:24:00,-71.912293,-78.961778,57.1,35,ON,34.5
GPS0002093,VEH0050,2026-04-27 19:00:00,-61.657702,9.5403,36.2,76,ON,46.9
GPS0001138,VEH0009,2026-03-07 03:35:00,70.162995,59.977717,92.1,7,OFF,21.5
GPS0002073,VEH0059,2026-07-16 18:48:00,2.935014,85.390228,10.2,73,OFF,34.9
GPS0001236,VEH0028,2026-07-15 18:31:00,-39.390901,2.678172,21.9,219,ON,37.6
GPS0000833,VEH0024,2026-02-02 19:11:00,28.044014,176.04377,68.2,204,OFF,97.5
GPS0000592,VEH0033,2026-01-15 16:19:00,-45.854235,148.460603,22.4,94,OFF,80.1
GPS0002261,VEH0001,2026-03-17 17:39:00,-36.080367,50.093423,0.7,132,OFF,34.3
GPS0001621,VEH0035,2026-03-15 22:57:00,-16.688365,-110.137809,23.8,183,OFF,81.7
GPS0001636,VEH0043,2026-03-26 14:06:00,-87.106265,-62.680654,33.7,306,ON,33.5
GPS0000110,VEH0034,2026-04-12 02:49:00,-89.535083,-66.935446,76.9,292,ON,49.0
GPS0001161,VEH0053,2026-07-02 17:17:00,6.669241,-120.416188,6.5,259,ON,80.4
GPS0000223,VEH0038,2026-01-03 01:32:00,-25.931507,79.355257,3.9,167,ON,91.7
GPS0001053,VEH0023,2026-05-12 11:22:00,-53.512684,26.730043,80.1,352,OFF,38.8
GPS0001312,VEH0032,2026-01-26 19:10:00,-5.557529,138.941017,114.3,359,ON,21.5
GPS0002104,VEH0024,2026-02-20 05:56:00,82.876711,-76.727287,118.7,329,OFF,52.5
GPS0001749,VEH0036,2026-05-17 22:27:00,-13.382607,-75.168303,112.2,257,OFF,17.1
GPS0000254,VEH0022,2026-05-30 05:23:00,-39.14609,37.777151,58.6,58,OFF,0.6
GPS0001073,VEH0048,2026-06-29 19:28:00,76.576544,-14.432529,110.7,179,OFF,88.6
GPS0001620,VEH0043,2026-07-08 00:48:00,166.208749,-83.835222,29.8,226,ON,61.6
GPS0001493,VEH0018,2026-02-24 20:12:00,-21.414095,-57.086704,64.6,60,OFF,88.6
GPS0000546,VEH0040,2026-03-06 07:57:00,-23.15494,-78.549884,48.2,75,ON,41.9
GPS0000950,VEH0023,2026-01-01 06:07:00,39.670144,-108.436909,78.3,205,OFF,90.4
GPS0001572,VEH0060,2026-02-21 02:15:00,-57.337022,32.334167,27.0,180,ON,44.3
GPS0000844,VEH0019,2026-01-30 19:18:00,-58.050354,-126.525203,33.4,174,OFF,33.4
GPS0000064,VEH0047,2026-01-08 07:31:00,61.764068,21.997615,76.6,265,ON,65.8
GPS0000414,VEH0015,2026-05-01 07:42:00,62.419601,-165.784225,41.3,310,OFF,12.8
GPS0000885,VEH0009,2026-01-31 15:07:00,19.23538,7.531206,106.2,53,ON,99.7
GPS0000452,VEH0040,2026-07-02 06:22:00,4.091608,-141.54358,45.2,254,ON,30.2
GPS0001259,VEH0022,2026-03-10 17:02:00,-11.197505,170.214178,1.7,249,OFF,63.7
GPS0000657,VEH0016,2026-03-30 06:35:00,-73.376214,-173.708214,10.9,144,OFF,94.4
GPS0001880,VEH0014,2026-05-27 09:37:00,-37.286689,45.478192,52.3,297,ON,92.2
GPS0001582,VEH0060,2026-06-28 05:52:00,32.616585,18.398236,36.2,227,ON,15.1
GPS0001487,VEH0047,2026-06-23 10:25:00,23.597887,-129.916563,62.3,330,OFF,5.6
GPS0001486,VEH0047,2026-03-03 06:30:00,-84.28508,83.820775,95.7,143,ON,13.6
GPS0001328,VEH0011,2026-04-11 20:50:00,77.756982,170.070814,108.6,309,ON,25.3
GPS0002268,VEH0004,2026-05-01 11:20:00,-36.949527,82.253697,2.1,99,ON,97.8
GPS0000078,VEH0006,2026-05-16 14:55:00,-39.70147,-130.674738,45.8,185,OFF,77.9
GPS0002070,VEH0041,2026-02-06 21:49:00,-79.927704,-88.147585,77.5,211,OFF,58.3
GPS0000870,VEH0030,2026-04-05 13:14:00,-46.185471,-42.073666,10.2,165,OFF,64.4
GPS0002248,VEH0004,2026-02-03 00:24:00,-68.547116,65.368281,99.6,61,ON,59.8
GPS0000451,VEH0047,2026-02-03 02:02:00,-37.607214,113.894517,,76,ON,35.4
GPS0001020,VEH0056,2026-04-06 14:19:00,21.633542,-100.709028,2.4,173,ON,76.9
GPS0001561,VEH0042,2026-05-26 02:29:00,29.365614,66.368136,95.5,222,ON,22.8
GPS0001980,VEH0009,2026-03-22 05:55:00,51.089318,-156.282101,115.7,37,ON,19.6
GPS0000697,VEH0001,2026-07-11 18:54:00,-28.041235,32.227163,,229,ON,47.4
GPS0001742,VEH0036,2026-03-16 17:02:00,-10.562424,-159.590765,101.8,8,OFF,86.4
GPS0000812,VEH0021,2026-07-05 15:29:00,17.201092,85.806686,106.2,349,ON,62.2
GPS0002046,VEH0027,2026-02-24 10:53:00,11.808814,42.005543,65.2,84,ON,3.4
GPS0000911,VEH0041,2026-07-14 10:28:00,-35.112199,92.019741,70.8,4,OFF,10.5
GPS0001522,VEH0059,2026-07-14 20:49:00,35.181615,-145.217994,15.7,265,OFF,29.4
GPS0001050,VEH0005,2026-02-08 18:22:00,20.396653,-10.549011,68.1,223,ON,83.0
GPS0000506,VEH0035,2026-02-15 22:01:00,44.811116,-57.362901,,196,ON,68.8
GPS0000406,VEH0011,2026-05-21 09:18:00,-0.187625,93.877857,28.5,314,ON,93.5
GPS0002366,VEH0029,2026-04-11 02:42:00,-43.214637,137.853345,35.4,271,ON,64.4
GPS0000184,VEH0016,2026-01-29 21:39:00,3.036023,169.452508,69.3,106,ON,10.5
GPS0001877,VEH0004,2026-05-28 05:33:00,-23.466971,16.73963,60.8,36,OFF,70.8
GPS0001718,VEH0003,2026-04-21 20:49:00,29.930012,-14.823778,119.3,359,ON,58.6
GPS0000610,VEH0015,2026-06-15 11:02:00,76.612332,-15.404019,72.7,92,ON,16.7
GPS0002034,VEH0021,2026-06-03 22:42:00,19.500816,-19.940414,2.7,56,OFF,23.1
GPS0002327,VEH0056,2026-02-08 18:06:00,-11.340968,-36.591053,57.4,178,OFF,32.5
GPS0001969,VEH0040,2026-01-02 19:50:00,86.827081,59.626354,32.4,262,ON,33.5
GPS0000021,VEH0028,2026-06-08 13:38:00,-48.918989,117.918814,114.1,33,ON,82.5
GPS0002219,VEH0045,2026-05-21 19:59:00,11.821678,149.121735,13.9,98,ON,27.2
GPS0001426,VEH0011,2026-06-06 02:12:00,-0.282145,-82.918758,82.8,155,ON,82.9
GPS0001591,VEH0031,2026-04-18 14:09:00,-24.647539,-13.496144,28.9,252,OFF,73.0
GPS0002225,VEH0054,2026-03-03 02:13:00,163.697608,-11.556464,3.0,252,OFF,11.1
GPS0000328,VEH0039,2026-07-15 15:16:00,-0.600386,-150.292663,82.8,284,OFF,97.7
GPS0001875,VEH0039,2026-03-31 00:06:00,-63.646094,-30.007487,118.4,3,OFF,11.7
GPS0002047,VEH0017,2026-04-23 07:09:00,68.73461,-3.44097,60.1,328,OFF,45.8
GPS0000267,VEH0051,2026-03-08 16:30:00,-73.360808,74.205427,117.5,194,ON,84.4
GPS0001891,VEH0052,2026-06-03 17:21:00,-81.330266,-10.438216,114.0,24,OFF,75.2
GPS0001757,VEH0025,2026-03-16 02:06:00,-8.358729,127.717372,76.6,207,OFF,30.0
GPS0002179,VEH0031,2026-02-03 20:09:00,-50.091879,-33.743278,54.9,291,OFF,13.2
GPS0000866,VEH0036,2026-04-17 12:41:00,64.068419,-93.019165,63.9,82,ON,97.3
GPS0002495,VEH0056,2026-01-26 16:18:00,21.574908,-169.575009,24.6,98,OFF,37.3
GPS0002441,VEH0048,2026-06-07 16:33:00,63.199725,-175.470513,40.7,152,ON,89.4
GPS0000490,VEH0009,2026-03-22 20:11:00,48.065835,123.844777,82.7,236,OFF,80.5
GPS0000607,VEH0035,2026-05-12 21:58:00,0.184471,126.329913,69.2,109,ON,86.1
GPS0001739,VEH0014,2026-06-06 23:20:00,-48.831774,-140.93118,72.2,134,ON,38.5
GPS0000153,VEH0030,2026-02-05 07:08:00,42.28426,-162.422508,75.1,235,ON,71.3
GPS0000890,VEH0018,2026-07-07 03:46:00,-89.77655,112.962563,9.5,67,ON,15.0
GPS0002489,VEH0043,2026-04-27 00:40:00,138.659033,167.275811,10.0,71,OFF,60.4
GPS0002328,VEH0029,2026-04-21 00:42:00,67.961704,48.050431,101.1,110,ON,82.1
GPS0000270,VEH0043,2026-03-02 10:10:00,-45.047885,31.303959,37.2,109,OFF,59.6
GPS0000097,VEH0002,2026-01-19 09:28:00,26.107533,-101.987537,50.4,105,ON,5.8
GPS0002259,VEH0053,2026-01-03 19:43:00,-15.067841,103.479994,10.3,259,OFF,10.3
GPS0000965,VEH0051,2026-05-30 05:23:00,48.094572,-162.556747,42.3,7,OFF,21.3
GPS0001800,VEH0003,2026-06-19 05:40:00,65.429175,142.995445,45.5,90,ON,68.0
GPS0000872,VEH0056,2026-01-19 04:22:00,-21.678725,56.854495,36.7,27,OFF,93.3
GPS0001573,VEH0001,2026-02-25 00:33:00,-29.4149,-30.746773,66.0,142,ON,6.6
GPS0000533,VEH0006,2026-06-11 23:16:00,-19.067783,5.380317,117.7,290,ON,69.2
GPS0001068,VEH0025,2026-03-20 11:27:00,-78.642905,-101.722131,14.8,125,OFF,8.8
GPS0001100,VEH0031,2026-04-03 00:49:00,65.105562,-113.890496,20.3,7,ON,4.6
GPS0002126,VEH0013,2026-06-24 19:23:00,9.490902,165.384026,2.8,337,ON,11.6
GPS0002312,VEH0047,2026-03-27 02:06:00,41.427639,-52.507082,77.3,42,OFF,1.3
GPS0000716,VEH0054,2026-02-22 02:09:00,-70.857326,-152.220061,92.4,252,OFF,47.1
GPS0002198,VEH0054,2026-07-16 22:46:00,-12.66221,-169.705451,3.6,117,ON,74.3
GPS0002498,VEH0020,2026-06-30 06:06:00,-69.63079,116.810802,73.4,151,ON,99.9
GPS0001539,VEH0021,2026-06-16 12:53:00,-22.054286,154.974066,95.2,32,OFF,66.9
GPS0002462,VEH0059,2026-05-06 11:06:00,53.173865,177.764555,,166,OFF,28.7
GPS0000470,VEH0005,2026-01-27 09:37:00,-56.26897,168.792696,70.1,299,OFF,23.9
GPS0000565,VEH0009,2026-03-22 17:47:00,175.598025,-78.627602,75.4,244,ON,25.8
GPS0001799,VEH0016,2026-03-15 19:58:00,-8.478877,-50.864196,119.7,158,ON,34.0
GPS0000462,VEH0030,2026-02-26 08:52:00,-38.44078,-34.714672,108.3,294,ON,30.7
GPS0001278,VEH0007,2026-02-28 01:48:00,143.600895,-122.209405,104.7,8,OFF,93.0
GPS0001796,VEH0013,2026-06-19 12:22:00,-62.868373,-102.896516,44.0,39,ON,49.1
GPS0001870,VEH0036,2026-07-05 18:35:00,37.599366,-40.912525,75.3,86,ON,49.9
GPS0001394,VEH0024,2026-02-15 07:58:00,-48.553983,-132.347431,87.8,228,ON,77.8
GPS0001346,VEH0009,2026-03-23 14:49:00,68.259405,-28.159495,26.9,193,OFF,60.0
GPS0000696,VEH0002,2026-01-27 12:07:00,11.871887,174.678112,55.5,298,OFF,60.4
GPS0001176,VEH0017,2026-02-14 14:21:00,-76.9435,-165.512746,53.2,214,ON,25.6
GPS0001753,VEH0002,2026-06-15 03:33:00,-2.214241,89.333971,91.5,130,ON,40.1
GPS0000929,VEH0010,2026-02-05 15:11:00,10.149466,17.967922,32.3,21,ON,7.3
GPS0001215,VEH0051,2026-04-21 19:53:00,-26.777992,98.944536,103.0,123,ON,63.1
GPS0001373,VEH0035,2026-01-27 16:36:00,-81.390853,75.588069,8.5,75,ON,29.6
GPS0000244,VEH0027,2026-02-16 14:38:00,87.004658,60.331276,49.9,121,ON,89.6
GPS0001680,VEH0031,2026-04-02 06:50:00,76.603393,19.370012,84.0,64,ON,72.0
GPS0001313,VEH0006,2026-01-07 02:54:00,-54.246495,35.328933,118.4,336,OFF,17.5
GPS0000649,VEH0011,2026-05-27 11:50:00,-75.580432,5.923635,18.7,253,ON,42.9
GPS0000314,VEH0030,2026-02-04 06:55:00,76.10188,9.615166,109.8,42,OFF,25.1
GPS0000156,VEH0058,2026-04-22 14:37:00,-58.520497,-75.692617,85.8,4,ON,72.7
GPS0001304,VEH0033,2026-07-13 01:01:00,-33.97144,126.17009,,352,OFF,41.5
GPS0001151,VEH0003,2026-01-19 19:12:00,-17.162977,-74.956886,31.8,246,ON,34.4
GPS0001802,VEH0052,2026-04-29 01:44:00,-1.839835,158.222101,34.0,244,OFF,54.7
GPS0001047,VEH0001,2026-06-26 08:40:00,3.285469,143.340321,34.2,134,ON,21.2
GPS0001641,VEH0010,2026-03-05 19:19:00,-7.475669,132.286512,99.5,168,ON,69.4
GPS0001307,VEH0029,2026-02-15 19:47:00,-57.426077,142.739402,53.9,311,ON,97.8
GPS0001928,VEH0051,2026-06-30 12:17:00,-4.355631,-131.859274,25.7,237,OFF,41.1
GPS0001496,VEH0059,2026-03-02 10:01:00,74.027685,83.451848,48.3,276,OFF,69.3
GPS0000026,VEH0027,2026-06-16 09:07:00,-61.814226,-45.975578,81.3,61,OFF,37.1
GPS0002245,VEH0036,2026-01-06 14:23:00,66.39886,-105.998627,84.5,345,OFF,9.1
GPS0000016,VEH0008,2026-05-26 20:37:00,-85.624577,61.19182,81.6,275,ON,66.1
GPS0001322,VEH0013,2026-06-04 05:44:00,-75.591232,116.627982,106.0,215,OFF,94.1
GPS0000884,VEH0004,2026-01-06 13:22:00,3.630111,-12.959454,82.5,126,ON,43.7
GPS0001361,VEH0059,2026-07-10 21:31:00,-7.197773,174.366214,42.1,290,ON,74.3
GPS0001845,VEH0036,2026-02-03 20:25:00,80.146037,67.534148,20.5,200,ON,50.6
GPS0001613,VEH0048,2026-06-07 13:42:00,-76.308127,-144.131262,56.2,265,OFF,69.8
GPS0000498,VEH0035,2026-06-25 03:39:00,16.322286,102.379161,83.0,284,ON,92.8
GPS0000516,VEH0005,2026-06-09 05:03:00,51.63662,29.782163,116.8,85,ON,2.6
GPS0000958,VEH0055,2026-01-23 19:42:00,-8.038029,104.780387,15.0,202,OFF,57.4
GPS0001479,VEH0031,2026-03-03 13:19:00,37.602923,-118.802889,24.2,267,ON,52.9
GPS0001412,VEH0014,2026-06-11 16:08:00,67.743351,82.963293,71.1,198,ON,6.7
GPS0001096,VEH0034,2026-01-31 00:48:00,-54.240475,-153.514867,29.4,265,ON,53.8
GPS0000543,VEH0013,2026-07-17 08:08:00,-82.742865,-145.627464,66.0,343,OFF,82.9
GPS0001125,VEH0018,2026-01-01 05:45:00,-64.964129,-28.921219,57.3,76,OFF,3.9
GPS0000634,VEH0027,2026-05-17 15:19:00,-81.933494,-127.246516,81.0,112,OFF,19.9
GPS0000432,VEH0037,2026-02-01 02:35:00,-24.991819,-172.506169,42.2,60,OFF,49.5
GPS0000729,VEH0056,2026-04-18 05:49:00,31.832054,168.569693,66.0,293,ON,27.5
GPS0001289,VEH0016,2026-05-16 11:29:00,41.414834,162.080738,119.2,333,ON,87.5
GPS0002258,VEH0041,2026-05-11 10:17:00,-85.602922,42.685845,76.3,162,OFF,53.5
GPS0000317,VEH0039,2026-07-18 05:21:00,-78.405977,-81.940359,107.6,168,OFF,56.2
GPS0001921,VEH0027,2026-05-25 00:08:00,8.757382,-86.21169,3.4,192,ON,30.0
GPS0001338,VEH0028,2026-05-22 19:42:00,-49.908972,-123.999684,66.3,101,ON,84.5
GPS0000320,VEH0023,2026-02-28 09:14:00,-1.777775,149.617922,29.8,171,OFF,24.4
GPS0001032,VEH0006,2026-01-02 17:01:00,-88.18651,-69.233007,37.4,112,OFF,22.3
GPS0002026,VEH0006,2026-06-12 07:49:00,49.706158,-16.818633,77.8,317,ON,69.6
GPS0002190,VEH0032,2026-06-24 22:53:00,59.105648,119.215766,56.5,249,ON,27.0
GPS0001111,VEH0003,2026-04-19 08:06:00,10.498995,-163.370569,116.4,159,OFF,35.7
GPS0001889,VEH0025,2026-02-03 01:51:00,-45.897965,-59.264645,24.8,322,OFF,95.5
GPS0001528,VEH0026,2026-06-22 15:10:00,41.752339,-5.998025,28.5,238,OFF,40.8
GPS0000754,VEH0010,2026-07-17 21:48:00,-19.770707,-98.109677,32.2,176,ON,10.5
GPS0000563,VEH0050,2026-04-26 03:28:00,44.273881,170.781241,70.8,17,OFF,86.8
GPS0002447,VEH0052,2026-04-12 23:30:00,0.803198,-22.961013,36.6,23,OFF,35.4
GPS0000669,VEH0058,2026-01-02 05:31:00,-71.214901,-12.330938,38.9,23,OFF,62.9
GPS0000253,VEH0026,2026-01-07 06:52:00,48.143285,-43.862545,39.1,292,OFF,21.8
GPS0002259,VEH0053,2026-01-03 19:43:00,-15.067841,103.479994,10.3,259,OFF,10.3
GPS0000358,VEH0029,2026-03-05 22:03:00,-48.606238,32.751076,23.1,190,ON,52.8
GPS0001279,VEH0046,2026-03-17 20:51:00,36.406828,-74.032566,63.7,266,OFF,79.1
GPS0001301,VEH0013,2026-01-03 15:22:00,-38.754105,38.29469,102.2,196,OFF,21.2
GPS0001203,VEH0053,2026-04-30 00:19:00,69.652876,155.526079,64.3,216,OFF,56.1
GPS0000130,VEH0058,2026-05-12 13:33:00,-69.715461,-115.094611,22.4,7,ON,88.7
GPS0000145,VEH0004,2026-02-13 16:11:00,-62.631772,28.895452,3.0,37,ON,46.2
GPS0000961,VEH0056,2026-06-20 21:29:00,11.841388,142.199302,112.0,352,OFF,53.6
GPS0000906,VEH0031,2026-05-06 02:06:00,-53.603292,-166.741424,89.2,50,OFF,65.7
GPS0001097,VEH0013,2026-04-30 03:12:00,-75.03521,118.590746,75.7,232,OFF,95.3
GPS0000236,VEH0020,2026-03-29 20:52:00,-62.861872,-3.064289,,118,OFF,18.1
GPS0001062,VEH0035,2026-03-17 22:09:00,-75.243178,61.264513,73.7,129,OFF,21.8
