movement_id,warehouse_id,product_id,movement_type,quantity,movement_date,reference_doc,handled_by
INV000001,WH007,PRD00122,INBOUND,372,2026-07-08,REF97329,Melvin Keller
INV000002,WH001,PRD00085,inbound,137,2026-04-07,REF69521,Christopher Jacobson
INV000003,WH014,PRD00118,OUTBOUND,684,2026-06-26,REF33555,Paul Gutierrez
INV000004,WH012,PRD00116,INBOUND,878,2026-04-01,REF53620,Jason Benton
INV000005,WH012,PRD00068,INBOUND,762,2026-03-28,REF61071,Raymond Hoffman
INV000006,WH015,PRD00101,RETURN,976,2026-04-08,REF19089,Logan Nguyen
INV000007,WH015,PRD00043,RETURN,793,2026-07-11,REF14457,Stephen Johnston
INV000008,WH014,PRD00065,OUTBOUND,664,2026-03-29,REF66319,Victoria Cox
INV000009,WH001,PRD00026,ADJUSTMENT,332,2026-03-30,REF26925,Benjamin Williams
INV000010,WH002,PRD00002,Outbound,590,2026-07-14,REF10132,Erika Woodward
INV000011,WH010,PRD00030,RETURN,447,2026-06-02,REF24352,Matthew Brandt
INV000012,WH001,PRD00124,INBOUND,368,2026-06-21,REF19689,Kathryn Smith
INV000013,WH010,PRD00093,inbound,795,2026-07-27,REF49718,Nicholas Larson
INV000014,WH002,PRD00086,inbound,352,2026-06-05,REF40650,Barry Simmons
INV000015,WH009,PRD00070,inbound,98,2026-06-08,REF95208,Brenda Cannon
INV000016,WH003,PRD00006,Outbound,642,2026-04-22,REF89282,Rebecca Smith
INV000017,WH013,PRD00085,INBOUND,22,2026-08-17,REF17348,Julie Castro
INV000018,WH009,PRD00038,Outbound,173,2026-05-14,REF10182,Brandon Munoz
INV000019,WH002,PRD00013,RETURN,307,2026-07-17,REF54058,Jason Pruitt
INV000020,,PRD00130,Outbound,908,2026-05-11,REF81038,Howard Wong
INV000021,WH013,PRD00091,INBOUND,143,2026-05-16,REF57057,Sandra Stanley
INV000022,WH013,PRD00028,ADJUSTMENT,821,2026-06-27,REF28030,Susan Smith
INV000023,,PRD00035,RETURN,722,2026-03-22,REF51875,Stephanie Brown
INV000024,WH012,PRD00023,RETURN,472,2026-04-17,REF59224,Anthony Garrett Jr.
INV000025,WH005,PRD00053,INBOUND,540,2026-06-27,REF89114,Jonathan Hamilton
INV000026,WH004,PRD00117,Outbound,540,2026-04-02,REF64972,Katelyn Marsh
INV000027,WH009,PRD00086,inbound,634,2026-05-01,REF19535,Lori Ferguson
INV000028,WH001,PRD00092,ADJUSTMENT,535,2026-07-09,REF61121,Nicole Hodges
INV000029,WH013,PRD00118,inbound,678,2026-06-24,REF54489,Janice Young
INV000030,WH006,PRD00025,ADJUSTMENT,24,2026-04-10,REF14299,Molly Armstrong
INV000031,,PRD00056,INBOUND,544,2026-07-31,REF87495,Anthony Long
INV000032,WH008,PRD00008,INBOUND,587,2026-08-15,REF35877,Dr. Todd Walter MD
INV000033,WH008,PRD00119,INBOUND,474,2026-08-04,REF92043,Roger Watson
INV000034,WH010,PRD00002,RETURN,677,2026-05-10,REF24336,Kelly Mccoy
INV000035,WH006,PRD00065,RETURN,939,2026-07-06,REF66843,Mary Blake
INV000036,,PRD00029,ADJUSTMENT,556,2026-03-26,REF93221,Benjamin Gibson
INV000037,WH014,PRD00134,inbound,633,2026-04-23,REF92077,Jimmy Kramer
INV000038,WH005,PRD00074,Outbound,762,2026-05-18,REF72141,Bonnie Johnson
INV000039,WH013,PRD00045,Outbound,660,2026-03-31,REF39443,Wendy Winters
INV000040,WH009,PRD00015,Outbound,870,2026-04-15,REF41082,Christine Davis
INV000041,WH012,PRD00007,ADJUSTMENT,744,2026-07-25,REF33586,Andrew Kelly
INV000042,WH008,PRD00073,OUTBOUND,307,2026-06-12,REF16162,Regina Rose
INV000043,WH010,PRD00023,inbound,595,2026-08-15,REF75490,Timothy Mckenzie
INV000044,,PRD00017,INBOUND,962,2026-05-29,REF14981,John Romero
INV000045,WH010,PRD00014,RETURN,706,2026-08-07,REF48028,Renee Shaffer
INV000046,WH003,PRD00035,RETURN,382,2026-06-10,REF67973,Susan White
INV000047,WH008,PRD00127,RETURN,410,2026-08-14,REF78631,Karen Hunter
INV000048,WH001,PRD00118,INBOUND,738,2026-06-01,REF55396,Danielle Gonzalez
INV000049,WH005,PRD00003,ADJUSTMENT,815,2026-05-01,REF17485,Bradley Medina
INV000050,WH012,PRD00038,INBOUND,703,2026-03-20,REF69708,Justin Thomas
INV000051,,PRD00025,INBOUND,67,2026-08-10,REF27812,Tammie Sims
INV000052,WH003,PRD00068,RETURN,414,2026-07-23,REF77070,Brandy Smith
INV000053,WH013,PRD00116,OUTBOUND,524,2026-05-06,REF15059,George Schneider
INV000054,WH002,PRD00100,ADJUSTMENT,612,2026-05-20,REF75276,Heidi Chase
INV000055,WH006,PRD00008,OUTBOUND,194,2026-07-30,REF51282,Mary Murphy
INV000056,WH013,PRD00069,OUTBOUND,299,2026-08-11,REF22310,James King
INV000057,WH008,PRD00009,Outbound,955,2026-07-01,REF15011,Edward Smith
INV000058,WH006,PRD00091,RETURN,414,2026-07-20,REF40245,Mr. Kevin Potts
INV000059,WH011,PRD00007,RETURN,333,2026-04-07,REF55262,Jessica Ruiz
INV000060,WH010,PRD00135,Outbound,846,2026-04-11,REF71816,Barry Hernandez
INV000061,WH012,PRD00091,INBOUND,493,2026-08-06,REF65393,Elizabeth Gray
INV000062,WH005,PRD00008,RETURN,570,2026-03-20,REF82479,Carol Keller
INV000063,WH005,PRD00125,RETURN,643,2026-03-25,REF14872,Matthew Larson
INV000064,WH009,PRD00042,RETURN,527,2026-08-17,REF63153,Donna Schmitt
INV000065,WH012,PRD00146,RETURN,713,2026-08-11,REF75104,Barry Brown
INV000066,WH013,PRD00039,Outbound,254,2026-06-03,REF45134,Joe Farrell
INV000067,WH008,PRD00100,inbound,999,2026-05-24,REF60882,Allen Reyes
INV000068,WH005,PRD00058,ADJUSTMENT,552,2026-07-08,REF53928,Ronald Harrison
INV000069,,PRD00118,Outbound,909,2026-05-14,REF83510,Edward Ward
INV000070,WH008,PRD00071,inbound,542,2026-07-06,REF99083,Adam Solis
INV000071,WH015,PRD00102,ADJUSTMENT,583,2026-05-26,REF37300,Lisa Rowland
INV000072,WH001,PRD00007,OUTBOUND,13,2026-07-15,REF11696,Madison Castro MD
INV000073,WH006,PRD00105,OUTBOUND,534,2026-04-04,REF54046,Melissa Rios
INV000074,WH008,PRD00025,RETURN,424,2026-08-09,REF77535,Richard Gill MD
INV000075,WH001,PRD00108,inbound,575,2026-04-27,REF38246,Joshua Duncan
INV000076,WH004,PRD00013,Outbound,678,2026-06-04,REF58699,Michael Kelly
INV000077,WH002,PRD00014,INBOUND,237,2026-05-22,REF27939,Julia Hall
INV000078,WH011,PRD00149,inbound,937,2026-03-20,REF99988,Ryan Shannon
INV000079,WH004,PRD00032,OUTBOUND,303,2026-08-07,REF71018,Joseph Flowers
INV000080,,PRD00064,RETURN,496,2026-05-06,REF95201,Emily Coleman
INV000081,WH007,PRD00007,Outbound,139,2026-08-03,REF74254,Carol Cortez
INV000082,WH003,PRD00019,Outbound,696,2026-04-19,REF30758,Chelsea Barrett
INV000083,WH011,PRD00119,ADJUSTMENT,70,2026-07-23,REF84898,John Torres
INV000084,WH001,PRD00016,INBOUND,791,2026-04-02,REF49674,Katelyn Jones
INV000085,WH013,PRD00078,OUTBOUND,15,2026-05-21,REF96865,Kathryn Harris
INV000086,WH010,PRD00144,INBOUND,677,2026-08-09,REF75804,Michael Franklin
INV000087,WH007,PRD00074,OUTBOUND,765,2026-07-20,REF95238,Michael Phillips
INV000088,,PRD00006,ADJUSTMENT,511,2026-04-17,REF47406,Angie Cook
INV000089,WH012,PRD00062,inbound,979,2026-04-12,REF40503,Danielle Bass
INV000090,WH003,PRD00104,INBOUND,295,2026-05-18,REF17835,Helen Fox
INV000091,WH005,PRD00017,inbound,640,2026-06-18,REF70385,Natasha Vega
INV000092,WH012,PRD00094,Outbound,733,2026-05-03,REF30179,Terry Mcgee
INV000093,WH015,PRD00086,RETURN,392,2026-05-26,REF39923,Felicia Davis
INV000094,WH007,PRD00089,inbound,743,2026-07-13,REF33677,Dr. Ronald Pennington
INV000095,WH011,PRD00002,Outbound,138,2026-06-26,REF36006,Alison Leonard
INV000096,WH013,PRD00038,inbound,425,2026-05-10,REF16962,Joseph Stanley
INV000097,WH013,PRD00013,INBOUND,821,2026-04-06,REF69453,Daniel Thompson
INV000098,WH013,PRD00124,inbound,635,2026-07-11,REF94093,Kristen Jackson
INV000099,WH004,PRD00077,INBOUND,844,2026-06-06,REF93333,Amanda Rogers
INV000100,WH015,PRD00130,ADJUSTMENT,18,2026-04-13,REF34108,Keith Smith
INV000101,WH005,PRD00149,ADJUSTMENT,536,2026-06-21,REF95950,Chase Salazar
INV000102,WH002,PRD00089,Outbound,509,2026-07-05,REF83617,Christopher Chavez
INV000103,WH006,PRD00063,INBOUND,315,2026-03-28,REF15786,Jerry Curry
INV000104,WH003,PRD00111,Outbound,232,2026-03-24,REF82159,Kim Fry
INV000105,,PRD00093,RETURN,527,2026-06-09,REF66844,Julie Richardson
INV000106,WH013,PRD00018,ADJUSTMENT,722,2026-06-11,REF56514,Katherine Brewer
INV000107,WH003,PRD00017,inbound,836,2026-08-03,REF86492,Joshua Roberts
INV000108,WH010,PRD00085,OUTBOUND,808,2026-06-27,REF11903,Ashley Morales
INV000109,WH006,PRD00077,INBOUND,859,2026-04-15,REF18003,Brenda Mejia
INV000110,WH015,PRD00086,OUTBOUND,267,2026-06-16,REF67548,Brendan Lewis
INV000111,WH011,PRD00076,INBOUND,333,2026-03-21,REF30029,James Castro
INV000112,WH008,PRD00080,inbound,587,2026-05-29,REF65772,Katherine Avila
INV000113,WH012,PRD00081,RETURN,592,2026-06-21,REF77762,Michael Obrien
INV000114,WH003,PRD00106,ADJUSTMENT,798,2026-06-08,REF37765,Tiffany Rhodes
INV000115,WH001,PRD00148,RETURN,192,2026-07-26,REF76170,Robert Davis
INV000116,WH005,PRD00041,Outbound,200,2026-07-16,REF73140,Eric Stewart
INV000117,WH010,PRD00005,INBOUND,359,2026-03-19,REF53056,Christine Hunter
INV000118,WH003,PRD00112,INBOUND,76,2026-04-13,REF65482,Jill Bradford
INV000119,WH002,PRD00135,RETURN,487,2026-07-12,REF36703,Amy Byrd
INV000120,WH006,PRD00015,INBOUND,28,2026-04-18,REF94461,Jessica Hunt
INV000121,WH003,PRD00008,RETURN,232,2026-05-26,REF58907,Heather Harrison
INV000122,WH001,PRD00086,ADJUSTMENT,869,2026-05-14,REF48947,Allen Donaldson
INV000123,WH001,PRD00103,Outbound,562,2026-05-23,REF89239,Crystal Clark
INV000124,WH003,PRD00118,inbound,537,2026-07-12,REF31816,Miranda Mitchell
INV000125,WH010,PRD00008,Outbound,255,2026-07-22,REF67924,Melanie Ray
INV000126,WH001,PRD00128,inbound,610,2026-08-07,REF78915,Kevin Williamson
INV000127,WH002,PRD00110,INBOUND,582,2026-05-29,REF26044,Amy Rivers
INV000128,WH014,PRD00023,ADJUSTMENT,978,2026-08-04,REF49660,Brian Watkins
INV000129,WH007,PRD00022,ADJUSTMENT,931,2026-07-04,REF69549,Tabitha Page
INV000130,WH013,PRD00135,ADJUSTMENT,343,2026-05-08,REF68917,Lawrence Williams
INV000131,WH003,PRD00082,INBOUND,497,2026-06-26,REF69082,Nicholas Perez
INV000132,WH009,PRD00079,Outbound,950,2026-05-06,REF95939,Michelle White
INV000133,WH009,PRD00057,RETURN,23,2026-07-15,REF44622,Dana Howard
INV000134,WH001,PRD00108,inbound,939,2026-06-21,REF39672,Raymond Berger
INV000135,WH001,PRD00143,Outbound,678,2026-05-02,REF12518,Richard Ross
INV000136,WH008,PRD00009,OUTBOUND,575,2026-05-21,REF37901,Samantha Yang
INV000137,WH008,PRD00010,RETURN,771,2026-06-20,REF76869,Jacob Jacobs
INV000138,WH002,PRD00147,RETURN,825,2026-07-08,REF32545,Ronald Richmond
INV000139,WH012,PRD00144,ADJUSTMENT,597,2026-04-15,REF51092,Christian Richardson
INV000140,,PRD00057,inbound,356,2026-05-09,REF32312,Cody Nelson
INV000141,WH003,PRD00096,RETURN,837,2026-06-27,REF11349,Angelica Williams
INV000142,WH004,PRD00117,INBOUND,231,2026-05-06,REF63482,Alexa Howard
INV000143,WH003,PRD00120,RETURN,600,2026-07-17,REF11509,Nicole Atkinson
INV000144,,PRD00060,Outbound,915,2026-08-17,REF18834,Christopher Flores
INV000145,WH013,PRD00016,INBOUND,461,2026-07-05,REF55103,Maria Jordan
INV000146,WH003,PRD00017,RETURN,104,2026-06-06,REF81383,Diane Smith
INV000147,WH008,PRD00086,OUTBOUND,474,2026-08-03,REF13141,Angela Morrison
INV000148,WH014,PRD00043,RETURN,857,2026-07-27,REF92601,Robin Coleman
INV000149,WH002,PRD00095,OUTBOUND,662,2026-08-07,REF19420,Alexander Shaw
INV000150,WH003,PRD00013,OUTBOUND,493,2026-05-12,REF82021,Sean Perkins
INV000151,WH001,PRD00033,ADJUSTMENT,616,2026-05-24,REF77426,Nathan Rodriguez
INV000152,,PRD00094,INBOUND,411,2026-06-18,REF78265,Matthew Thompson
INV000153,WH006,PRD00002,INBOUND,144,2026-08-09,REF65977,Heather Stein
INV000154,WH008,PRD00080,RETURN,123,2026-06-27,REF40068,Teresa Herrera
INV000155,WH007,PRD00035,INBOUND,217,2026-06-01,REF15521,Jose Coleman
INV000156,,PRD00098,OUTBOUND,194,2026-05-17,REF58944,Lindsey Cortez
INV000157,WH008,PRD00116,RETURN,486,2026-04-11,REF10394,Julia Wagner
INV000158,WH005,PRD00052,RETURN,284,2026-05-08,REF52699,Janet Gonzales
INV000159,WH008,PRD00038,inbound,621,2026-07-13,REF72278,Jennifer Caldwell
INV000160,WH014,PRD00061,RETURN,674,2026-05-17,REF94861,Zachary Jackson
INV000161,WH007,PRD00032,OUTBOUND,188,2026-07-05,REF39599,Henry Lynn
INV000162,WH013,PRD00132,INBOUND,809,2026-05-03,REF30470,Robert Ferrell
INV000163,WH001,PRD00107,inbound,54,2026-06-24,REF51497,Jessica Forbes
INV000164,WH005,PRD00016,Outbound,613,2026-04-22,REF37111,Edward Ortega
INV000165,WH002,PRD00148,OUTBOUND,177,2026-07-25,REF23188,Tammy Day
INV000166,WH005,PRD00060,Outbound,748,2026-04-06,REF82813,Jennifer Garcia
INV000167,WH005,PRD00007,INBOUND,846,2026-07-11,REF98773,Renee Norton
INV000168,WH010,PRD00016,INBOUND,583,2026-07-08,REF67636,William Ward
INV000169,WH011,PRD00016,Outbound,403,2026-04-17,REF76325,Tonya Garcia
INV000170,WH007,PRD00014,RETURN,481,2026-05-10,REF80152,Patrick Armstrong
INV000171,WH001,PRD00072,OUTBOUND,30,2026-08-07,REF66821,Thomas Bennett
INV000172,WH001,PRD00147,Outbound,233,2026-05-19,REF94311,Samuel Foster
INV000173,WH003,PRD00131,OUTBOUND,576,2026-08-02,REF88357,Jonathan Becker
INV000174,WH008,PRD00041,ADJUSTMENT,854,2026-07-13,REF91131,Gabrielle Moore
INV000175,WH001,PRD00118,RETURN,542,2026-04-11,REF26673,Tim Johnson
INV000176,WH011,PRD00005,RETURN,326,2026-05-13,REF90953,Stephen White
INV000177,,PRD00105,INBOUND,840,2026-03-29,REF40739,Jessica Martinez
INV000178,WH002,PRD00077,inbound,937,2026-04-12,REF47447,Patrick Escobar
INV000179,WH001,PRD00004,INBOUND,608,2026-04-23,REF99195,Kenneth Marsh
INV000180,WH015,PRD00149,inbound,14,2026-06-10,REF30956,Lisa Anderson
INV000181,WH010,PRD00134,inbound,48,2026-07-31,REF29630,Karen Lindsey
INV000182,WH001,PRD00021,inbound,29,2026-05-02,REF23249,Terrance Johnson
INV000183,WH001,PRD00092,inbound,118,2026-05-03,REF42592,Paige Griffin
INV000184,WH006,PRD00069,RETURN,843,2026-06-23,REF23784,Jason Walker
INV000185,WH012,PRD00136,inbound,638,2026-05-02,REF22922,Amanda Joseph
INV000186,WH013,PRD00084,OUTBOUND,925,2026-05-09,REF89955,Christopher Mendez
INV000187,WH007,PRD00126,OUTBOUND,923,2026-07-20,REF46264,Amanda Gonzales
INV000188,WH014,PRD00053,Outbound,932,2026-03-24,REF32499,Jacqueline Walters
INV000189,WH009,PRD00138,ADJUSTMENT,302,2026-04-02,REF90813,Amber Tran
INV000190,,PRD00094,INBOUND,377,2026-04-19,REF89328,Jerry Haynes
INV000191,,PRD00059,Outbound,57,2026-06-15,REF11596,George Harris
INV000192,WH009,PRD00061,inbound,327,2026-08-05,REF30226,Judy Rodriguez
INV000193,WH009,PRD00032,inbound,68,2026-04-14,REF12985,Bobby Soto
INV000194,WH011,PRD00018,RETURN,278,2026-07-12,REF25582,Mary Adams
INV000195,WH006,PRD00003,RETURN,197,2026-06-21,REF21334,James Lee
INV000196,WH006,PRD00028,INBOUND,331,2026-05-10,REF11590,Douglas Allen
INV000197,,PRD00126,inbound,600,2026-05-17,REF84309,Sherri Mays
INV000198,WH005,PRD00029,INBOUND,871,2026-08-05,REF40198,William Watts
INV000199,WH005,PRD00123,inbound,437,2026-06-28,REF32176,Joshua Peterson
INV000200,WH004,PRD00043,ADJUSTMENT,732,2026-04-20,REF79881,Brittany Thompson
INV000201,WH003,PRD00094,RETURN,441,2026-04-27,REF51653,Andrew Munoz
INV000202,WH011,PRD00007,ADJUSTMENT,289,2026-04-01,REF10942,Samuel Rosales
INV000203,WH011,PRD00060,INBOUND,143,2026-05-27,REF89013,Sheila Young
INV000204,WH003,PRD00012,inbound,683,2026-05-18,REF65722,Denise Le
INV000205,WH004,PRD00065,INBOUND,299,2026-03-29,REF31366,Cheryl Boyd
INV000206,,PRD00041,RETURN,658,2026-06-12,REF57743,Kenneth Washington
INV000207,WH010,PRD00084,RETURN,913,2026-08-01,REF67489,Danielle Bailey
INV000208,WH001,PRD00015,ADJUSTMENT,771,2026-07-18,REF24627,Bobby Wagner
INV000209,WH008,PRD00077,OUTBOUND,700,2026-03-19,REF96235,Kara Jackson
INV000210,WH004,PRD00126,RETURN,207,2026-08-04,REF57033,Kevin Lewis
INV000211,WH014,PRD00063,Outbound,682,2026-03-18,REF43000,Zachary Jimenez
INV000212,WH007,PRD00018,INBOUND,550,2026-05-11,REF89511,Patricia Miller
INV000213,WH015,PRD00001,OUTBOUND,25,2026-05-15,REF77611,Rita Brown
INV000214,WH008,PRD00006,Outbound,441,2026-04-27,REF94970,Joanna Lowe
INV000215,WH001,PRD00001,ADJUSTMENT,413,2026-06-25,REF30793,Miss Mariah Hill
INV000216,,PRD00132,inbound,474,2026-04-18,REF83208,Brenda Curtis
INV000217,WH007,PRD00077,inbound,448,2026-08-15,REF86374,Lance Pitts
INV000218,WH004,PRD00107,INBOUND,450,2026-07-20,REF80669,Bryan Beard
INV000219,WH005,PRD00024,Outbound,705,2026-03-30,REF97728,Mary Figueroa
INV000220,WH010,PRD00101,ADJUSTMENT,398,2026-07-21,REF64581,Lisa Martin
INV000221,WH002,PRD00081,OUTBOUND,849,2026-07-31,REF29343,Brandi Washington
INV000222,WH003,PRD00146,Outbound,975,2026-04-14,REF80455,Catherine Ayala
INV000223,WH008,PRD00050,OUTBOUND,97,2026-04-11,REF13033,Jennifer Rosales
INV000224,WH008,PRD00116,Outbound,436,2026-04-05,REF59164,Richard Maldonado
INV000225,WH003,PRD00075,Outbound,721,2026-04-16,REF48561,John Johnson
INV000226,WH015,PRD00122,RETURN,888,2026-06-07,REF98008,Charles Burch
INV000227,WH008,PRD00127,OUTBOUND,678,2026-03-22,REF78082,Connie Gordon
INV000228,WH009,PRD00121,OUTBOUND,108,2026-03-29,REF33793,David Acosta
INV000229,WH010,PRD00011,ADJUSTMENT,253,2026-07-20,REF69866,Mark Skinner
INV000230,WH013,PRD00105,OUTBOUND,370,2026-04-20,REF70054,Jennifer Snow
INV000231,WH011,PRD00130,inbound,985,2026-06-13,REF42240,Gabrielle Parker
INV000232,WH014,PRD00145,inbound,276,2026-03-24,REF18941,Sarah Pitts
INV000233,WH009,PRD00100,Outbound,587,2026-04-19,REF47144,Kevin Jackson
INV000234,WH010,PRD00101,Outbound,386,2026-06-12,REF63807,Ethan Wade
INV000235,WH004,PRD00051,Outbound,870,2026-06-30,REF32239,Daniel Vasquez
INV000236,WH012,PRD00087,inbound,135,2026-04-26,REF58671,Susan Dudley
INV000237,WH006,PRD00135,ADJUSTMENT,200,2026-03-20,REF60234,Thomas Clements
INV000238,WH009,PRD00024,inbound,308,2026-05-17,REF30295,Carol Murray
INV000239,WH011,PRD00057,INBOUND,986,2026-05-05,REF78185,Jeremy Burton
INV000240,,PRD00021,inbound,958,2026-06-20,REF38915,Edward Patel
INV000241,WH001,PRD00107,OUTBOUND,630,2026-03-31,REF19578,Andrea Davis
INV000242,WH008,PRD00096,INBOUND,448,2026-04-19,REF26138,Eric Smith
INV000243,WH004,PRD00044,INBOUND,799,2026-08-12,REF94308,Anthony Cowan MD
INV000244,WH010,PRD00082,OUTBOUND,256,2026-07-28,REF42025,Karen English
INV000245,WH014,PRD00028,RETURN,569,2026-06-27,REF29583,Corey Hale
INV000246,WH002,PRD00040,RETURN,570,2026-04-10,REF26870,Matthew Phillips
INV000247,WH015,PRD00127,Outbound,621,2026-05-30,REF72508,Theresa Mcguire
INV000248,WH003,PRD00140,ADJUSTMENT,302,2026-07-19,REF65578,Glen Hall
INV000249,WH011,PRD00067,Outbound,31,2026-04-07,REF40739,Laura Lynch
INV000250,WH013,PRD00131,RETURN,779,2026-07-19,REF68553,Mary Adkins
INV000251,WH002,PRD00096,OUTBOUND,422,2026-05-03,REF63995,Judith Hernandez
INV000252,WH009,PRD00042,ADJUSTMENT,307,2026-08-08,REF52644,Paula Salazar
INV000253,WH015,PRD00019,INBOUND,726,2026-06-08,REF34942,Bruce Reid
INV000254,WH002,PRD00041,OUTBOUND,116,2026-04-05,REF32146,Haley Carlson
INV000255,WH004,PRD00070,ADJUSTMENT,837,2026-06-01,REF75419,Kenneth Vazquez
INV000256,WH006,PRD00093,INBOUND,854,2026-07-07,REF67667,Betty Smith
INV000257,WH008,PRD00081,inbound,527,2026-06-08,REF93132,Robert Atkinson
INV000258,WH014,PRD00047,INBOUND,738,2026-07-05,REF38097,Jessica Adams
INV000259,WH004,PRD00146,RETURN,459,2026-08-08,REF38150,Jacqueline Carter
INV000260,WH005,PRD00095,RETURN,461,2026-05-15,REF96654,Kenneth Chung
INV000261,WH011,PRD00074,RETURN,151,2026-08-06,REF35253,Tyler Turner
INV000262,WH013,PRD00093,INBOUND,207,2026-05-11,REF82531,Andre Downs
INV000263,WH012,PRD00089,RETURN,27,2026-08-01,REF70077,Michael Conley
INV000264,WH012,PRD00130,ADJUSTMENT,188,2026-05-21,REF25729,Stacey Wiggins
INV000265,WH004,PRD00132,INBOUND,43,2026-06-25,REF92574,Jennifer Chandler
INV000266,WH009,PRD00061,RETURN,985,2026-05-20,REF81404,Sarah Ramirez
INV000267,WH014,PRD00019,inbound,621,2026-03-23,REF91916,Claudia Brown
INV000268,WH014,PRD00145,ADJUSTMENT,390,2026-06-22,REF35262,Kevin Rhodes
INV000269,WH014,PRD00017,INBOUND,42,2026-04-24,REF65590,Jessica Alvarado
INV000270,WH012,PRD00119,OUTBOUND,945,2026-07-25,REF62248,Karen Sandoval
INV000271,WH002,PRD00142,ADJUSTMENT,898,2026-06-09,REF64237,Justin Warren
INV000272,WH007,PRD00104,RETURN,705,2026-06-21,REF83849,Jamie Pugh
INV000273,WH011,PRD00057,inbound,94,2026-05-25,REF81996,James Collins
INV000274,WH005,PRD00033,Outbound,226,2026-06-26,REF93906,Jerry Salazar
INV000275,WH012,PRD00063,OUTBOUND,334,2026-07-31,REF44656,Catherine Ward
INV000276,WH015,PRD00075,RETURN,42,2026-05-08,REF17003,Kevin Brewer
INV000277,WH006,PRD00119,INBOUND,277,2026-04-29,REF34948,Matthew Christensen
INV000278,WH008,PRD00008,Outbound,383,2026-06-19,REF80109,Jason West
INV000279,WH002,PRD00061,RETURN,242,2026-08-07,REF62716,Richard Hurst
INV000280,WH010,PRD00059,Outbound,281,2026-06-19,REF18698,Cassandra Cruz
INV000281,WH014,PRD00026,INBOUND,446,2026-07-17,REF52058,Wendy Nelson
INV000282,WH002,PRD00053,RETURN,714,2026-08-11,REF83697,Mary Anderson
INV000283,WH014,PRD00044,INBOUND,586,2026-06-10,REF63542,Teresa Guzman
INV000284,WH004,PRD00122,ADJUSTMENT,732,2026-06-15,REF21620,William Ross
INV000285,WH008,PRD00024,inbound,67,2026-08-14,REF77345,Jessica Carr
INV000286,WH003,PRD00018,INBOUND,984,2026-06-19,REF76307,Charles Williamson
INV000287,WH011,PRD00069,RETURN,498,2026-06-12,REF72038,Meredith Gay
INV000288,WH011,PRD00118,inbound,931,2026-05-30,REF22617,Denise Brown
INV000289,WH005,PRD00002,RETURN,131,2026-08-11,REF37771,William Smith
INV000290,WH005,PRD00035,ADJUSTMENT,300,2026-04-09,REF55089,Brandon Fletcher
INV000291,WH007,PRD00100,Outbound,102,2026-06-07,REF56990,Ricky Pruitt
INV000292,WH014,PRD00029,INBOUND,424,2026-06-24,REF59983,Dominique Lutz
INV000293,,PRD00119,inbound,831,2026-08-07,REF67215,Kenneth Smith
INV000294,WH004,PRD00002,inbound,358,2026-07-12,REF94916,Brian Mccoy
INV000295,WH008,PRD00141,INBOUND,693,2026-08-07,REF92974,James Bean
INV000296,WH009,PRD00041,RETURN,693,2026-07-22,REF95059,Clayton White
INV000297,WH008,PRD00132,OUTBOUND,209,2026-05-04,REF82738,Mary Gutierrez
INV000298,WH013,PRD00024,inbound,667,2026-08-08,REF51223,Allison Poole
INV000299,WH005,PRD00035,Outbound,640,2026-07-07,REF88964,David Gibbs
INV000300,WH008,PRD00054,ADJUSTMENT,834,2026-04-16,REF54997,Richard Walker
INV000301,WH001,PRD00072,INBOUND,664,2026-07-06,REF37909,Matthew Vargas
INV000302,WH010,PRD00113,ADJUSTMENT,2,2026-08-01,REF97284,Savannah Lee
INV000303,WH010,PRD00009,Outbound,839,2026-05-03,REF46103,Alexander Davis
INV000304,WH006,PRD00074,RETURN,771,2026-06-05,REF31436,Stephen Santiago
INV000305,WH003,PRD00116,RETURN,644,2026-07-13,REF56711,Elizabeth Jones
INV000306,WH015,PRD00005,Outbound,693,2026-07-25,REF33600,Linda Henry
INV000307,,PRD00095,OUTBOUND,812,2026-06-12,REF54945,Kevin Miller
INV000308,WH014,PRD00113,Outbound,315,2026-07-24,REF17410,Charles Brown
INV000309,WH002,PRD00133,OUTBOUND,138,2026-03-22,REF80548,Susan Morrow PhD
INV000310,WH015,PRD00123,OUTBOUND,350,2026-03-25,REF56638,Debra Reynolds
INV000311,WH003,PRD00026,inbound,23,2026-06-05,REF67280,Michael Smith
INV000312,WH011,PRD00071,OUTBOUND,605,2026-07-31,REF28252,Mr. Marcus Davis
INV000313,WH004,PRD00050,Outbound,33,2026-06-02,REF97964,Jerry Hatfield
INV000314,WH013,PRD00066,INBOUND,517,2026-06-28,REF55155,Amy Mitchell
INV000315,WH003,PRD00032,OUTBOUND,908,2026-07-05,REF41646,Sara Washington
INV000316,,PRD00002,RETURN,834,2026-07-21,REF30524,Carrie Kelly
INV000317,WH001,PRD00074,ADJUSTMENT,90,2026-04-27,REF18555,Tracy Deleon
INV000318,WH011,PRD00128,RETURN,417,2026-06-09,REF63829,William Johnson
INV000319,WH015,PRD00067,inbound,588,2026-03-29,REF86884,Alexis Vasquez
INV000320,WH013,PRD00055,inbound,741,2026-03-25,REF50500,Alex Leonard
INV000321,WH001,PRD00132,OUTBOUND,625,2026-07-09,REF63148,Robert Woods
INV000322,WH011,PRD00063,INBOUND,219,2026-07-16,REF47598,Linda Wade
INV000323,WH013,PRD00050,RETURN,12,2026-03-25,REF32423,Stephanie Melton DDS
INV000324,WH006,PRD00125,INBOUND,822,2026-05-23,REF51331,Tyler Cain
INV000325,WH004,PRD00144,ADJUSTMENT,993,2026-04-04,REF50902,Jordan Kim
INV000326,WH013,PRD00017,Outbound,578,2026-04-17,REF44200,Leslie Wilkerson
INV000327,WH008,PRD00063,RETURN,997,2026-04-28,REF12014,Daniel Fox
INV000328,WH001,PRD00011,Outbound,940,2026-07-18,REF36873,Christopher George
INV000329,WH008,PRD00137,Outbound,921,2026-07-09,REF81684,Lori Leach
INV000330,WH004,PRD00009,Outbound,955,2026-08-11,REF51911,Cindy Wilkinson
INV000331,WH004,PRD00017,inbound,456,2026-05-11,REF43941,Sierra Schneider
INV000332,WH002,PRD00139,RETURN,839,2026-07-09,REF54610,Cody Yates
INV000333,WH015,PRD00081,RETURN,40,2026-06-11,REF21617,Robert White
INV000334,WH009,PRD00010,INBOUND,290,2026-08-11,REF21546,Michael Rice
INV000335,WH013,PRD00120,Outbound,373,2026-06-18,REF49609,Dr. Linda Phelps
INV000336,WH010,PRD00024,inbound,988,2026-08-09,REF74122,Luis Obrien
INV000337,WH009,PRD00127,OUTBOUND,408,2026-03-31,REF55354,Monica Sawyer
INV000338,WH001,PRD00130,Outbound,433,2026-08-01,REF15376,Joseph Pacheco
INV000339,WH014,PRD00058,INBOUND,130,2026-07-24,REF35088,John Valentine
INV000340,WH010,PRD00027,OUTBOUND,158,2026-06-19,REF33063,Lori Adams
INV000341,WH014,PRD00134,ADJUSTMENT,675,2026-05-20,REF48646,Lindsey Haynes
INV000342,WH006,PRD00124,OUTBOUND,962,2026-05-31,REF24141,Brandon Blake
INV000343,WH013,PRD00072,OUTBOUND,826,2026-07-28,REF61987,Anna Johnson
INV000344,WH008,PRD00015,Outbound,239,2026-08-03,REF27739,Mary Hunt
INV000345,,PRD00040,ADJUSTMENT,585,2026-04-12,REF38186,Margaret Jacobs
INV000346,WH008,PRD00148,ADJUSTMENT,219,2026-04-13,REF96771,Michael Good
INV000347,WH001,PRD00104,ADJUSTMENT,309,2026-07-05,REF86544,Douglas Henry
INV000348,WH003,PRD00133,inbound,155,2026-06-26,REF56571,David Kramer
INV000349,WH004,PRD00104,ADJUSTMENT,521,2026-07-02,REF79276,Stephen Cox
INV000350,WH005,PRD00008,RETURN,985,2026-03-30,REF35110,Tiffany Wolfe
INV000351,WH011,PRD00077,ADJUSTMENT,651,2026-07-17,REF92807,Bob Scott
INV000352,WH002,PRD00076,inbound,363,2026-06-02,REF88112,Ana Valentine
INV000353,,PRD00105,Outbound,30,2026-07-19,REF66316,Douglas Small
INV000354,WH006,PRD00109,ADJUSTMENT,310,2026-03-27,REF25182,Sophia Phillips
INV000355,WH011,PRD00080,OUTBOUND,802,2026-04-15,REF12508,Rachel French
INV000356,WH015,PRD00081,Outbound,110,2026-04-25,REF49481,Devin Brown
INV000357,WH007,PRD00137,ADJUSTMENT,864,2026-07-11,REF85155,Gregory Nguyen
INV000358,WH013,PRD00081,inbound,473,2026-06-04,REF58737,Michelle Good
INV000359,WH015,PRD00128,Outbound,939,2026-05-25,REF64044,Andrew Romero
INV000360,WH003,PRD00005,inbound,983,2026-06-19,REF96214,Jean Combs
INV000361,WH002,PRD00069,OUTBOUND,559,2026-07-30,REF97223,Katie Parrish
INV000362,WH014,PRD00075,inbound,387,2026-07-19,REF51760,Joseph Hernandez
INV000363,WH009,PRD00047,OUTBOUND,917,2026-05-24,REF32625,Jeffrey Miller
INV000364,WH003,PRD00079,Outbound,856,2026-05-25,REF48117,Alexander Brown
INV000365,WH007,PRD00041,Outbound,907,2026-05-03,REF36415,Jeffrey Gomez
INV000366,WH006,PRD00060,ADJUSTMENT,799,2026-08-07,REF67103,Randall Jones
INV000367,WH014,PRD00097,ADJUSTMENT,568,2026-06-21,REF64159,Aaron Reynolds
INV000368,WH012,PRD00110,OUTBOUND,871,2026-06-16,REF46443,Michelle Pena
INV000369,WH014,PRD00097,Outbound,767,2026-04-13,REF92010,Roy King
INV000370,WH011,PRD00072,INBOUND,221,2026-06-26,REF92692,Danny Walker Jr.
INV000371,WH013,PRD00093,inbound,608,2026-05-23,REF89192,Christopher Jackson
INV000372,WH006,PRD00045,OUTBOUND,440,2026-06-14,REF65699,Luis Dean
INV000373,WH013,PRD00114,INBOUND,870,2026-06-19,REF46711,Emily Golden
INV000374,WH009,PRD00018,Outbound,417,2026-07-19,REF96166,James Morales
INV000375,WH003,PRD00003,INBOUND,414,2026-05-03,REF24240,Mrs. Courtney Juarez MD
INV000376,WH006,PRD00029,RETURN,884,2026-08-14,REF91643,Kellie Moore
INV000377,WH005,PRD00014,Outbound,918,2026-06-22,REF68521,Daniel Ware
INV000378,WH002,PRD00028,INBOUND,397,2026-03-25,REF84995,Eric Kelley
INV000379,WH002,PRD00074,ADJUSTMENT,900,2026-05-13,REF41649,Melanie Bowen
INV000380,WH010,PRD00071,INBOUND,627,2026-06-21,REF93727,Christine Smith
INV000381,WH015,PRD00123,Outbound,185,2026-03-21,REF23936,Rhonda Brown
INV000382,WH004,PRD00110,inbound,783,2026-07-27,REF14525,Melanie Thompson
INV000383,WH012,PRD00001,Outbound,661,2026-08-05,REF46563,David Carlson
INV000384,WH001,PRD00073,ADJUSTMENT,913,2026-06-07,REF90004,Deborah Trujillo
INV000385,WH008,PRD00137,OUTBOUND,419,2026-05-03,REF91096,Kathy Elliott
INV000386,WH015,PRD00030,INBOUND,98,2026-05-31,REF12793,Henry Cochran
INV000387,WH004,PRD00128,RETURN,597,2026-05-20,REF74351,William West
INV000388,WH014,PRD00054,Outbound,499,2026-03-18,REF74341,Michael Cantrell
INV000389,WH003,PRD00051,inbound,517,2026-07-26,REF64369,Oscar Brown
INV000390,WH013,PRD00149,ADJUSTMENT,933,2026-06-01,REF27326,Christine Quinn
INV000391,WH002,PRD00056,RETURN,578,2026-07-15,REF14620,Melissa Parsons
INV000392,WH012,PRD00124,RETURN,165,2026-07-27,REF86991,Christina James
INV000393,WH012,PRD00102,OUTBOUND,658,2026-05-16,REF62251,Alvin Anderson
INV000394,WH001,PRD00136,Outbound,646,2026-06-06,REF57367,Tammy Francis
INV000395,WH006,PRD00084,RETURN,454,2026-06-21,REF90218,Michael Leonard
INV000396,WH012,PRD00018,OUTBOUND,150,2026-03-21,REF63435,Charles Blake
INV000397,WH001,PRD00100,RETURN,212,2026-08-09,REF90146,Joshua Schmidt
INV000398,WH007,PRD00099,INBOUND,223,2026-05-30,REF72639,Michael Boyle
INV000399,WH007,PRD00029,inbound,278,2026-04-21,REF17900,Todd Lutz
INV000400,WH010,PRD00016,OUTBOUND,408,2026-06-21,REF35975,Michelle Carlson
INV000401,WH009,PRD00079,INBOUND,108,2026-05-29,REF29419,Patrick Hess
INV000402,WH004,PRD00041,INBOUND,854,2026-04-03,REF79823,Nicole Anderson
INV000403,WH009,PRD00140,INBOUND,811,2026-05-25,REF10882,Amanda Chang
INV000404,WH008,PRD00053,ADJUSTMENT,91,2026-07-24,REF99615,Donald Huang
INV000405,WH002,PRD00043,RETURN,762,2026-06-18,REF51718,Ashley Duran
INV000406,WH008,PRD00054,RETURN,224,2026-05-07,REF10322,Jean Lopez
INV000407,WH001,PRD00026,ADJUSTMENT,203,2026-06-14,REF84487,Melissa Ross
INV000408,WH006,PRD00025,ADJUSTMENT,343,2026-04-09,REF27989,Anna Andrade
INV000409,WH004,PRD00073,inbound,975,2026-07-20,REF57245,John Harper
INV000410,WH008,PRD00016,Outbound,912,2026-03-19,REF33935,Antonio Smith
INV000411,WH004,PRD00025,INBOUND,321,2026-06-13,REF38263,Sydney Montoya
INV000412,WH006,PRD00073,ADJUSTMENT,603,2026-03-25,REF64142,Brandon Miller
INV000413,WH009,PRD00037,ADJUSTMENT,333,2026-06-17,REF13070,Jeremy Clark
INV000414,WH012,PRD00010,ADJUSTMENT,738,2026-07-04,REF35986,Jacqueline Ferguson
INV000415,WH004,PRD00076,RETURN,198,2026-04-11,REF37968,Calvin Mitchell
INV000416,WH002,PRD00016,RETURN,230,2026-05-01,REF42376,Bradley Peterson
INV000417,WH001,PRD00070,INBOUND,156,2026-06-19,REF94459,Nicholas Perez
INV000418,WH014,PRD00149,RETURN,551,2026-04-12,REF78237,Isaac Charles
INV000419,WH002,PRD00143,inbound,645,2026-06-05,REF59048,Steven Herring
INV000420,WH004,PRD00029,INBOUND,693,2026-06-06,REF77984,Daniel Aguilar
INV000421,,PRD00117,INBOUND,904,2026-05-09,REF30235,Michael Williams
INV000422,WH005,PRD00112,ADJUSTMENT,668,2026-06-25,REF42997,Joanna Matthews
INV000423,WH006,PRD00054,INBOUND,821,2026-08-02,REF77923,Ricardo Garcia
INV000424,WH002,PRD00134,RETURN,754,2026-05-05,REF74352,John Macias
INV000425,WH007,PRD00144,INBOUND,422,2026-07-05,REF93642,Brian Manning
INV000426,WH006,PRD00011,INBOUND,315,2026-04-22,REF97749,Morgan Dixon
INV000427,WH003,PRD00004,OUTBOUND,464,2026-05-03,REF18470,Travis Murray
INV000428,WH007,PRD00028,ADJUSTMENT,844,2026-04-12,REF31025,Michael Morales
INV000429,WH012,PRD00003,INBOUND,889,2026-04-30,REF10184,Sheri Stafford
INV000430,WH010,PRD00019,Outbound,541,2026-04-01,REF77917,Troy Davis
INV000431,WH007,PRD00140,inbound,716,2026-07-19,REF12442,Gina French
INV000432,WH013,PRD00109,INBOUND,495,2026-04-24,REF25778,Gary Lewis
INV000433,WH006,PRD00052,RETURN,95,2026-04-13,REF12894,Eric Waters
INV000434,WH004,PRD00091,Outbound,242,2026-04-13,REF68784,Gregory Watkins
INV000435,WH009,PRD00083,Outbound,685,2026-04-23,REF62320,Chad Harrison
INV000436,WH001,PRD00146,INBOUND,450,2026-06-05,REF47564,Nicholas Ortiz
INV000437,,PRD00005,Outbound,817,2026-06-02,REF44133,Alicia Allen
INV000438,WH002,PRD00148,Outbound,643,2026-03-23,REF99746,Evan Jensen
INV000439,WH001,PRD00097,OUTBOUND,282,2026-06-11,REF56747,Connie Jensen
INV000440,WH008,PRD00147,ADJUSTMENT,525,2026-03-18,REF32556,Tara Neal
INV000441,WH015,PRD00120,INBOUND,742,2026-06-16,REF13816,Catherine Singh
INV000442,WH002,PRD00013,ADJUSTMENT,775,2026-06-26,REF93185,Robert Bowman
INV000443,,PRD00081,Outbound,514,2026-05-01,REF16618,John King
INV000444,WH012,PRD00053,ADJUSTMENT,23,2026-05-13,REF94615,Matthew Cohen
INV000445,WH012,PRD00066,ADJUSTMENT,916,2026-06-15,REF16602,Maria Booth
INV000446,WH001,PRD00013,RETURN,489,2026-06-19,REF88290,Matthew Wright
INV000447,WH003,PRD00094,Outbound,51,2026-06-22,REF87865,Mary Rodriguez
INV000448,WH013,PRD00004,inbound,508,2026-04-25,REF30917,Mary Sweeney
INV000449,WH012,PRD00014,OUTBOUND,618,2026-04-26,REF35572,Michelle Rodriguez
INV000450,WH011,PRD00127,INBOUND,669,2026-05-15,REF54179,Chad Boyd
INV000451,WH015,PRD00121,Outbound,726,2026-07-10,REF36274,Sarah Bishop
INV000452,WH015,PRD00076,Outbound,607,2026-05-24,REF18503,Heidi Leonard
INV000453,WH008,PRD00098,inbound,662,2026-08-12,REF30446,Susan Moore
INV000454,WH014,PRD00004,inbound,538,2026-03-26,REF61674,Christopher Lopez
INV000455,WH011,PRD00109,RETURN,998,2026-04-08,REF52364,Nicholas Riggs
INV000456,WH004,PRD00091,ADJUSTMENT,633,2026-06-08,REF54997,Bianca Hill
INV000457,WH014,PRD00028,OUTBOUND,173,2026-06-15,REF78857,Jeremy Johnson
INV000458,WH015,PRD00106,OUTBOUND,659,2026-08-07,REF26468,Elizabeth Simpson
INV000459,WH001,PRD00028,OUTBOUND,526,2026-07-01,REF34483,Julie Huynh
INV000460,WH012,PRD00042,RETURN,578,2026-07-13,REF61392,Monica Jenkins
INV000461,WH007,PRD00007,OUTBOUND,185,2026-05-20,REF74957,James Baker
INV000462,WH005,PRD00077,INBOUND,949,2026-06-22,REF97409,Greg Jones
INV000463,WH003,PRD00072,RETURN,273,2026-06-30,REF79147,Samantha Gould
INV000464,WH009,PRD00078,RETURN,32,2026-07-01,REF74917,Denise Ramirez
INV000465,WH006,PRD00099,OUTBOUND,363,2026-06-19,REF90739,David Crawford
INV000466,WH014,PRD00142,Outbound,92,2026-07-01,REF75192,Adrian Smith
INV000467,WH005,PRD00067,ADJUSTMENT,964,2026-05-15,REF96636,Cory Jones
INV000468,WH010,PRD00006,INBOUND,692,2026-08-12,REF78122,Kenneth Martinez
INV000469,WH012,PRD00052,inbound,429,2026-05-09,REF74182,Gregory Ramirez
INV000470,WH011,PRD00059,OUTBOUND,629,2026-06-13,REF85962,Jeffrey Brown
INV000471,WH007,PRD00095,inbound,269,2026-07-03,REF64006,Tyler Mahoney
INV000472,WH011,PRD00011,RETURN,550,2026-05-22,REF91787,Melissa Davis
INV000473,WH012,PRD00066,inbound,625,2026-05-19,REF22470,Vicki Rhodes
INV000474,WH008,PRD00058,INBOUND,887,2026-06-18,REF42858,Joseph Riley
INV000475,WH010,PRD00054,INBOUND,111,2026-07-25,REF14580,Carl Kaiser
INV000476,WH012,PRD00075,INBOUND,933,2026-03-18,REF97257,Michelle Roman
INV000477,WH004,PRD00061,INBOUND,170,2026-07-20,REF69936,Scott Young
INV000478,WH002,PRD00125,RETURN,768,2026-06-17,REF33033,Gabriela Brown
INV000479,WH014,PRD00051,RETURN,688,2026-07-18,REF98564,Leonard Olson
INV000480,WH001,PRD00111,ADJUSTMENT,399,2026-04-28,REF68022,Matthew Wheeler Jr.
INV000481,WH014,PRD00073,OUTBOUND,503,2026-05-16,REF96317,David Buchanan
INV000482,WH012,PRD00071,RETURN,239,2026-05-29,REF66699,Jeremy Mullins
INV000483,WH013,PRD00007,Outbound,486,2026-07-23,REF57644,Kevin Sullivan
INV000484,WH007,PRD00111,Outbound,855,2026-05-28,REF79007,Derek Romero
INV000485,WH008,PRD00040,ADJUSTMENT,766,2026-05-10,REF55798,James Rowland
INV000486,WH007,PRD00022,INBOUND,25,2026-06-27,REF43666,Sean Brown
INV000487,WH006,PRD00061,ADJUSTMENT,624,2026-04-13,REF18555,Robin Torres
INV000488,WH007,PRD00086,Outbound,826,2026-04-01,REF52809,James Hernandez
INV000489,WH014,PRD00059,RETURN,911,2026-07-28,REF18458,Jacqueline Ward
INV000490,WH002,PRD00077,inbound,905,2026-04-02,REF48916,Joshua Lloyd
INV000491,WH004,PRD00113,RETURN,841,2026-05-05,REF38206,Edward Barber
INV000492,WH015,PRD00038,OUTBOUND,494,2026-06-26,REF10301,Gregory Patton
INV000493,WH010,PRD00095,ADJUSTMENT,56,2026-05-20,REF56774,Gary Rivera
INV000494,WH014,PRD00045,INBOUND,528,2026-06-20,REF55618,Alison Pierce
INV000495,WH012,PRD00004,RETURN,425,2026-08-08,REF26040,Brandon Jones
INV000496,WH004,PRD00077,ADJUSTMENT,458,2026-07-13,REF39522,Amy Gardner
INV000497,WH014,PRD00144,INBOUND,203,2026-07-09,REF76547,Shannon Wallace
INV000498,WH014,PRD00137,Outbound,855,2026-07-11,REF50240,Ellen Sanchez
INV000499,WH007,PRD00112,INBOUND,899,2026-03-28,REF44137,Jennifer Walls
INV000500,WH010,PRD00144,RETURN,105,2026-03-25,REF32518,William Martinez
INV000501,WH006,PRD00070,inbound,401,2026-06-12,REF79438,Deborah Hart
INV000502,WH011,PRD00017,OUTBOUND,449,2026-04-17,REF64203,Michelle Smith
INV000503,WH014,PRD00130,RETURN,83,2026-05-16,REF58312,Sharon Hoover
INV000504,WH011,PRD00003,inbound,967,2026-04-30,REF13457,Dominic Reynolds
INV000505,WH006,PRD00063,Outbound,313,2026-05-07,REF67185,David Hill
INV000506,WH014,PRD00022,Outbound,561,2026-05-18,REF56343,Matthew Pugh
INV000507,WH008,PRD00018,inbound,975,2026-03-23,REF97372,Daniel Smith
INV000508,WH003,PRD00130,ADJUSTMENT,768,2026-07-08,REF68479,Karen Weaver
INV000509,WH008,PRD00005,Outbound,397,2026-03-20,REF87231,Cory Castro
INV000510,WH008,PRD00109,OUTBOUND,733,2026-04-12,REF59470,Mitchell King
INV000511,WH015,PRD00141,OUTBOUND,240,2026-05-29,REF42866,Craig Miller
INV000512,WH004,PRD00083,inbound,127,2026-05-10,REF96062,Ms. Latoya Rogers
INV000513,,PRD00025,OUTBOUND,675,2026-05-30,REF39194,Thomas Brewer
INV000514,WH010,PRD00066,RETURN,446,2026-08-17,REF88490,Derrick Clarke
INV000515,WH012,PRD00094,OUTBOUND,55,2026-06-24,REF32290,Courtney Sherman MD
INV000516,WH013,PRD00082,Outbound,168,2026-05-17,REF90848,Andrew Barker
INV000517,WH012,PRD00106,inbound,626,2026-07-06,REF18202,Caitlyn Franklin
INV000518,WH012,PRD00093,inbound,14,2026-04-07,REF65251,Michael Evans
INV000519,WH005,PRD00109,RETURN,412,2026-07-31,REF75917,Edward Garcia
INV000520,WH007,PRD00117,OUTBOUND,258,2026-06-28,REF39473,Kenneth Harris
INV000521,WH014,PRD00053,OUTBOUND,446,2026-03-22,REF21817,Katie Chambers
INV000522,WH015,PRD00127,RETURN,538,2026-08-07,REF30423,Albert Banks
INV000523,WH007,PRD00023,INBOUND,484,2026-04-13,REF56922,John Davila
INV000524,WH002,PRD00011,INBOUND,699,2026-03-19,REF51980,Noah Green
INV000525,WH008,PRD00141,ADJUSTMENT,562,2026-07-23,REF83507,Tamara Richardson
INV000526,WH003,PRD00089,RETURN,462,2026-06-30,REF99391,Luke Gibson
INV000527,WH002,PRD00041,Outbound,641,2026-03-22,REF18318,Adam Levy
INV000528,WH007,PRD00044,OUTBOUND,514,2026-08-08,REF10799,Annette Smith
INV000529,WH013,PRD00068,INBOUND,60,2026-07-31,REF30629,Judith Cook
INV000530,WH014,PRD00034,RETURN,697,2026-06-14,REF14848,Sharon Moody
INV000531,WH012,PRD00094,INBOUND,427,2026-06-04,REF17831,Jacqueline Swanson
INV000532,WH010,PRD00105,RETURN,152,2026-05-30,REF79688,Rachel Smith
INV000533,WH005,PRD00025,inbound,109,2026-06-29,REF50064,Melissa Duran
INV000534,WH010,PRD00125,RETURN,11,2026-08-07,REF83831,Lindsay Orr
INV000535,WH013,PRD00145,RETURN,57,2026-06-12,REF17278,Lisa Leonard
INV000536,WH013,PRD00129,OUTBOUND,423,2026-07-12,REF33220,David Pollard DDS
INV000537,WH010,PRD00088,RETURN,458,2026-08-14,REF59124,Zachary Park
INV000538,,PRD00145,OUTBOUND,68,2026-06-12,REF28604,Anita Blanchard
INV000539,WH005,PRD00027,Outbound,361,2026-06-22,REF17735,Emily Gates
INV000540,WH010,PRD00003,Outbound,520,2026-03-30,REF67875,Michael Moss
INV000541,WH006,PRD00147,ADJUSTMENT,340,2026-04-25,REF14549,Erica Hughes
INV000542,WH009,PRD00022,ADJUSTMENT,619,2026-04-07,REF50550,Olivia Anderson
INV000543,WH002,PRD00122,RETURN,798,2026-05-10,REF35909,Cindy Villa
INV000544,WH011,PRD00030,Outbound,339,2026-05-13,REF56567,Hannah Walters
INV000545,WH013,PRD00031,OUTBOUND,137,2026-04-17,REF61675,William Henry
INV000546,WH015,PRD00001,inbound,944,2026-06-17,REF91990,Rachel Phillips
INV000547,WH008,PRD00137,RETURN,988,2026-08-05,REF43270,Wesley Nichols
INV000548,WH010,PRD00046,INBOUND,692,2026-08-08,REF24883,Frank Walker
INV000549,,PRD00036,Outbound,980,2026-05-09,REF28340,Charles Cooper
INV000550,WH009,PRD00060,Outbound,968,2026-05-25,REF79320,Johnny Ruiz
INV000551,WH004,PRD00134,RETURN,643,2026-04-24,REF79690,Anthony Thomas
INV000552,WH013,PRD00072,inbound,70,2026-06-16,REF46280,Ricardo Taylor
INV000553,WH003,PRD00005,OUTBOUND,193,2026-04-06,REF58464,Mrs. Olivia Liu
INV000554,WH014,PRD00106,OUTBOUND,641,2026-07-18,REF68889,Isabella Lane
INV000555,WH009,PRD00132,ADJUSTMENT,350,2026-05-06,REF88150,Russell Moore
INV000556,WH005,PRD00072,inbound,450,2026-06-23,REF42940,Margaret Johnson
INV000557,WH006,PRD00020,inbound,108,2026-03-18,REF16733,Jacob Collins
INV000558,WH008,PRD00021,OUTBOUND,639,2026-08-03,REF69094,Susan Thomas
INV000559,WH011,PRD00073,inbound,37,2026-03-24,REF20247,Amanda Vasquez
INV000560,WH010,PRD00038,INBOUND,918,2026-07-12,REF63457,Nicholas Curry
INV000561,WH013,PRD00098,INBOUND,470,2026-07-12,REF40972,Stanley Mcgee
INV000562,WH008,PRD00072,RETURN,135,2026-03-22,REF61097,Jessica Lee
INV000563,WH009,PRD00088,RETURN,106,2026-08-06,REF81049,Michael Santiago
INV000564,WH011,PRD00121,ADJUSTMENT,410,2026-05-29,REF29128,Michael Wise
INV000565,WH002,PRD00030,OUTBOUND,94,2026-07-30,REF52021,Kayla Frazier
INV000566,WH003,PRD00019,RETURN,309,2026-08-13,REF47780,Brenda Baker
INV000567,WH012,PRD00139,RETURN,328,2026-06-26,REF11697,Wesley Smith
INV000568,WH002,PRD00102,INBOUND,616,2026-07-12,REF10294,Kimberly Russell
INV000569,WH013,PRD00139,ADJUSTMENT,564,2026-07-10,REF12454,Scott Thomas
INV000570,WH009,PRD00081,OUTBOUND,51,2026-08-09,REF83651,Paul Ponce
INV000571,WH009,PRD00010,INBOUND,731,2026-05-31,REF20951,Natalie Edwards
INV000572,,PRD00097,inbound,440,2026-06-06,REF68060,James Jones
INV000573,WH012,PRD00132,RETURN,730,2026-06-12,REF75256,Curtis Malone
INV000574,WH014,PRD00096,inbound,378,2026-04-17,REF79925,Larry Martinez
INV000575,WH014,PRD00128,ADJUSTMENT,234,2026-08-08,REF61233,Haley Cunningham
INV000576,WH004,PRD00052,inbound,656,2026-07-25,REF48302,Patricia Martinez
INV000577,WH009,PRD00020,INBOUND,85,2026-05-13,REF22865,David Smith
INV000578,WH014,PRD00104,RETURN,473,2026-08-13,REF30198,Kevin Hood
INV000579,WH006,PRD00075,inbound,235,2026-06-09,REF83875,Kaitlyn Wade
INV000580,WH001,PRD00003,inbound,698,2026-06-26,REF57333,Samantha Patterson
INV000581,WH007,PRD00043,inbound,535,2026-04-05,REF26026,Joseph Johnson
INV000582,WH003,PRD00027,Outbound,973,2026-06-06,REF78711,Elizabeth Kaufman
INV000583,WH012,PRD00126,Outbound,222,2026-04-21,REF86381,Rebecca Vaughan
INV000584,WH015,PRD00126,ADJUSTMENT,58,2026-04-03,REF69633,Ryan Kelly
INV000585,WH008,PRD00086,INBOUND,718,2026-05-22,REF95562,Gloria Walker
INV000586,WH003,PRD00091,inbound,461,2026-07-25,REF14811,Robert Gibson
INV000587,WH010,PRD00100,Outbound,5,2026-05-04,REF24452,Jacqueline Martin
INV000588,WH004,PRD00020,inbound,922,2026-05-26,REF62482,Mark Hines
INV000589,WH012,PRD00031,inbound,733,2026-06-24,REF29643,Leslie Rogers
INV000590,WH006,PRD00028,INBOUND,406,2026-04-20,REF70918,Mary Sanders
INV000591,WH003,PRD00056,INBOUND,752,2026-08-05,REF76902,Christopher Nelson
INV000592,WH001,PRD00005,ADJUSTMENT,316,2026-06-29,REF61133,Marie Baldwin
INV000593,WH006,PRD00121,Outbound,505,2026-04-20,REF31677,Lindsay Lopez
INV000594,WH015,PRD00036,ADJUSTMENT,688,2026-03-19,REF46162,Amanda Wood
INV000595,WH006,PRD00134,inbound,720,2026-04-09,REF91162,Richard Carter
INV000596,WH002,PRD00072,INBOUND,99,2026-06-06,REF46059,Nicholas Powers
INV000597,WH013,PRD00114,INBOUND,96,2026-06-30,REF14780,Kelsey Davis
INV000598,WH004,PRD00132,OUTBOUND,349,2026-06-28,REF84440,James Ward
INV000599,WH001,PRD00011,OUTBOUND,273,2026-05-30,REF31963,Mark Baker
INV000600,WH001,PRD00132,RETURN,219,2026-05-26,REF32438,Nicholas Brady
INV000601,WH012,PRD00099,Outbound,311,2026-03-30,REF93852,Daniel Hanson
INV000602,WH007,PRD00013,OUTBOUND,755,2026-05-10,REF46513,Jacob Woods
INV000603,WH014,PRD00077,ADJUSTMENT,608,2026-04-21,REF62301,Douglas Fernandez
INV000604,WH010,PRD00108,OUTBOUND,656,2026-05-17,REF27614,Maria Barnett
INV000605,WH001,PRD00099,Outbound,531,2026-07-19,REF47105,Ashley Carey
INV000606,WH015,PRD00010,ADJUSTMENT,614,2026-03-21,REF63514,Collin Jones
INV000607,WH014,PRD00029,Outbound,774,2026-04-07,REF51143,Edward Rivas
INV000608,,PRD00006,OUTBOUND,956,2026-08-08,REF14498,Howard Perez
INV000609,,PRD00035,inbound,325,2026-03-27,REF26644,Sean Jones
INV000610,WH001,PRD00034,RETURN,697,2026-04-28,REF82184,Jeremiah Anderson
INV000611,WH013,PRD00147,Outbound,631,2026-03-24,REF10012,Jeffrey Miller
INV000612,WH010,PRD00014,inbound,712,2026-05-28,REF44756,Anna Moyer
INV000613,WH009,PRD00147,OUTBOUND,185,2026-07-07,REF22812,Jaime Sanders
INV000614,WH014,PRD00009,ADJUSTMENT,439,2026-07-27,REF31737,Michael Brown
INV000615,WH008,PRD00039,RETURN,656,2026-06-05,REF20925,Kelly Pugh
INV000616,WH013,PRD00069,Outbound,785,2026-08-06,REF72091,Kevin Thompson
INV000617,WH006,PRD00146,inbound,551,2026-03-31,REF10391,Ryan Jackson
INV000618,WH003,PRD00119,ADJUSTMENT,321,2026-05-07,REF86616,Andrea Franklin
INV000619,WH001,PRD00122,inbound,659,2026-07-22,REF79515,Ryan Baker
INV000620,WH014,PRD00114,RETURN,277,2026-05-03,REF33372,Philip Harris
INV000621,WH007,PRD00011,RETURN,254,2026-05-16,REF77633,Benjamin Gray
INV000622,WH001,PRD00048,ADJUSTMENT,49,2026-06-08,REF24104,Jennifer Russell
INV000623,WH006,PRD00051,RETURN,524,2026-07-28,REF97051,Lisa Watson
INV000624,WH010,PRD00140,INBOUND,262,2026-04-07,REF28912,Alexis Franco
INV000625,WH009,PRD00134,ADJUSTMENT,112,2026-05-07,REF24423,Michaela Johnston
INV000626,WH010,PRD00047,Outbound,51,2026-04-02,REF26141,Shawn George
INV000627,WH009,PRD00016,RETURN,292,2026-03-19,REF55625,Sabrina Pena
INV000628,WH012,PRD00084,RETURN,177,2026-07-27,REF68123,Cindy Villa
INV000629,WH012,PRD00129,Outbound,371,2026-06-29,REF73098,Cory Rodriguez
INV000630,WH001,PRD00031,OUTBOUND,605,2026-08-09,REF99446,Samantha Alexander
INV000631,WH002,PRD00006,OUTBOUND,927,2026-06-15,REF17461,Jessica Huynh
INV000632,WH012,PRD00012,inbound,175,2026-06-27,REF90560,Nicole Martinez
INV000633,WH011,PRD00040,OUTBOUND,185,2026-07-01,REF70838,Makayla Knapp
INV000634,WH001,PRD00042,Outbound,554,2026-07-16,REF83757,Christine Hernandez
INV000635,WH009,PRD00088,OUTBOUND,914,2026-05-25,REF46171,Gene Harris
INV000636,WH013,PRD00111,OUTBOUND,243,2026-08-12,REF28566,Ryan Jones
INV000637,WH012,PRD00017,INBOUND,373,2026-03-29,REF76018,Shawn Miller
INV000638,WH010,PRD00052,Outbound,508,2026-06-14,REF51284,April Raymond
INV000639,WH008,PRD00020,Outbound,125,2026-05-02,REF57451,Thomas Wilson
INV000640,WH008,PRD00004,RETURN,745,2026-06-04,REF32334,Patricia Hurst
INV000641,WH005,PRD00111,Outbound,786,2026-06-13,REF21908,Angela Murphy
INV000642,WH013,PRD00088,inbound,557,2026-08-17,REF92582,Mrs. Mary Wilkins
INV000643,WH013,PRD00023,INBOUND,352,2026-06-23,REF49108,Candace White
INV000644,WH003,PRD00053,ADJUSTMENT,258,2026-05-14,REF31330,Tanya Ware
INV000645,WH010,PRD00018,ADJUSTMENT,599,2026-04-12,REF76993,Robert Baker
INV000646,WH006,PRD00139,RETURN,287,2026-06-28,REF69687,Mrs. Betty Mccormick
INV000647,WH008,PRD00068,INBOUND,390,2026-05-27,REF44043,Kelly Ellis
INV000648,WH002,PRD00072,Outbound,707,2026-06-15,REF27111,Brenda Daniels
INV000649,,PRD00135,INBOUND,983,2026-05-04,REF11661,Michelle Washington
INV000650,WH012,PRD00135,Outbound,140,2026-05-07,REF98355,Michele Barnes
INV000651,WH005,PRD00071,INBOUND,958,2026-07-04,REF23278,Elizabeth Vaughn
INV000652,WH007,PRD00137,RETURN,347,2026-07-04,REF26341,Wendy Baird
INV000653,,PRD00061,inbound,185,2026-07-17,REF15403,Mrs. Tammy Ware
INV000654,WH012,PRD00047,inbound,481,2026-03-23,REF85169,Nicholas Walker
INV000655,WH014,PRD00025,Outbound,444,2026-04-18,REF17352,Terri Holmes
INV000656,WH009,PRD00071,INBOUND,320,2026-05-31,REF66405,Blake Meyer
INV000657,WH008,PRD00046,Outbound,716,2026-07-08,REF21876,Theresa King
INV000658,WH011,PRD00122,Outbound,721,2026-08-16,REF35849,Kelli Martinez
INV000659,WH007,PRD00139,RETURN,899,2026-06-17,REF14025,Holly Green
INV000660,WH003,PRD00061,RETURN,284,2026-04-19,REF97851,Valerie Lewis
INV000661,WH008,PRD00079,OUTBOUND,909,2026-05-17,REF35696,Jerry Conrad
INV000662,,PRD00054,RETURN,348,2026-07-19,REF10644,Eileen Jordan
INV000663,WH013,PRD00067,OUTBOUND,329,2026-05-19,REF78889,Amy Macdonald
INV000664,WH013,PRD00126,RETURN,169,2026-04-22,REF67887,Robert Smith
INV000665,WH008,PRD00072,INBOUND,88,2026-08-13,REF57667,Jason Dunn
INV000666,WH001,PRD00032,RETURN,373,2026-06-25,REF73194,Kelly Andrews
INV000667,WH010,PRD00011,Outbound,827,2026-06-18,REF94936,Ruth Perry
INV000668,WH009,PRD00052,OUTBOUND,809,2026-05-29,REF60575,Michele Donaldson
INV000669,WH013,PRD00005,OUTBOUND,52,2026-08-07,REF71833,Jeffrey Parker
INV000670,WH008,PRD00047,inbound,452,2026-04-26,REF79423,Kayla Garcia
INV000671,WH013,PRD00053,INBOUND,163,2026-07-07,REF86903,Scott Lawrence
INV000672,WH014,PRD00020,OUTBOUND,476,2026-05-03,REF61881,Daniel Murray
INV000673,WH013,PRD00092,inbound,156,2026-04-20,REF76670,Robert Robinson
INV000674,WH009,PRD00064,INBOUND,497,2026-04-02,REF60819,Chad Erickson
INV000675,WH005,PRD00090,OUTBOUND,683,2026-04-05,REF26350,Dale Massey
INV000676,WH012,PRD00046,inbound,61,2026-08-13,REF32904,Ryan Mcdonald
INV000677,WH010,PRD00102,RETURN,833,2026-06-21,REF98695,Brittany Rodriguez
INV000678,WH007,PRD00135,INBOUND,12,2026-06-10,REF30620,Kristopher Vaughan
INV000679,WH004,PRD00016,Outbound,154,2026-07-03,REF31149,Terry Moore
INV000680,WH007,PRD00053,inbound,383,2026-06-27,REF57258,Kimberly Miller
INV000681,WH008,PRD00123,OUTBOUND,210,2026-04-20,REF30259,Damon Hogan
INV000682,WH014,PRD00149,inbound,524,2026-03-22,REF17255,Sarah Rodriguez
INV000683,WH013,PRD00130,ADJUSTMENT,745,2026-03-24,REF55750,David Reynolds
INV000684,WH015,PRD00104,Outbound,895,2026-04-15,REF55201,Samuel Vargas
INV000685,WH005,PRD00024,RETURN,427,2026-06-08,REF55866,William Stuart
INV000686,WH008,PRD00023,inbound,891,2026-07-02,REF53433,Latasha Allen
INV000687,WH008,PRD00046,RETURN,760,2026-05-14,REF23869,Robin Bray
INV000688,,PRD00069,RETURN,605,2026-04-13,REF60997,Crystal Stewart
INV000689,WH009,PRD00033,INBOUND,286,2026-04-06,REF79062,Stephanie Collins
INV000690,WH002,PRD00003,INBOUND,559,2026-06-15,REF88396,Brittany Lee
INV000691,WH011,PRD00047,Outbound,878,2026-03-18,REF10958,Matthew Jackson
INV000692,WH015,PRD00042,RETURN,560,2026-04-05,REF10178,Katie Johnson
INV000693,WH012,PRD00011,OUTBOUND,294,2026-07-13,REF18706,John Adams
INV000694,WH001,PRD00018,Outbound,84,2026-03-20,REF65652,Sarah Wagner
INV000695,WH013,PRD00071,Outbound,530,2026-06-18,REF71250,Elizabeth Warren
INV000696,WH008,PRD00142,RETURN,488,2026-05-01,REF94370,Ryan Jones
INV000697,WH005,PRD00052,ADJUSTMENT,577,2026-05-23,REF51496,Kristi Logan
INV000698,WH003,PRD00083,OUTBOUND,734,2026-06-04,REF14484,Christian Clark
INV000699,,PRD00009,Outbound,990,2026-04-25,REF20561,Savannah Murray
INV000700,WH010,PRD00095,inbound,798,2026-08-06,REF68256,Gregory Craig
INV000701,WH002,PRD00075,OUTBOUND,443,2026-05-12,REF49162,Veronica Parker
INV000702,WH001,PRD00092,inbound,435,2026-08-12,REF41875,Melinda Scott
INV000703,WH015,PRD00086,Outbound,415,2026-08-13,REF53457,Frederick Scott
INV000704,WH011,PRD00035,ADJUSTMENT,171,2026-05-29,REF28352,Jody Decker
INV000705,,PRD00036,inbound,226,2026-05-15,REF82153,Blake Walker
INV000706,,PRD00141,ADJUSTMENT,122,2026-06-22,REF72354,Steven Johnson
INV000707,WH012,PRD00069,INBOUND,15,2026-07-11,REF47358,Cody Munoz
INV000708,WH003,PRD00149,OUTBOUND,187,2026-05-07,REF83427,Stephen Petty
INV000709,WH010,PRD00101,RETURN,452,2026-04-23,REF91796,Cheyenne Hughes
INV000710,WH015,PRD00138,inbound,475,2026-04-11,REF71932,Jennifer Weaver
INV000711,WH014,PRD00040,OUTBOUND,203,2026-03-30,REF57551,Kelsey Snyder
INV000712,WH014,PRD00122,inbound,40,2026-06-04,REF26501,William Shepherd
INV000713,WH009,PRD00145,RETURN,533,2026-05-05,REF53919,Henry Henderson
INV000714,WH014,PRD00044,OUTBOUND,218,2026-07-12,REF97064,Dalton Myers
INV000715,WH015,PRD00098,ADJUSTMENT,11,2026-06-29,REF27075,Andrew Carroll
INV000716,,PRD00062,inbound,714,2026-06-12,REF94378,Reginald Allen
INV000717,WH003,PRD00042,OUTBOUND,983,2026-04-02,REF37071,Nathan Black
INV000718,WH013,PRD00133,Outbound,783,2026-05-22,REF67309,Kimberly Sosa
INV000719,WH010,PRD00145,OUTBOUND,705,2026-07-31,REF58711,Bethany Humphrey
INV000720,WH015,PRD00062,ADJUSTMENT,165,2026-07-30,REF89774,Sarah Archer
INV000721,WH009,PRD00054,inbound,795,2026-05-22,REF99618,Angela Pham
INV000722,WH009,PRD00132,INBOUND,907,2026-07-14,REF64878,Daniel Morgan
INV000723,WH008,PRD00004,INBOUND,104,2026-06-19,REF34127,Raymond Brooks
INV000724,WH004,PRD00129,Outbound,819,2026-04-27,REF84846,Amanda Hunt
INV000725,WH006,PRD00089,ADJUSTMENT,30,2026-06-15,REF12800,William Mitchell
INV000726,WH009,PRD00006,RETURN,506,2026-06-02,REF98138,William Combs
INV000727,WH004,PRD00107,Outbound,197,2026-06-22,REF56774,James Perez
INV000728,,PRD00061,ADJUSTMENT,123,2026-03-20,REF32300,Daniel Hall
INV000729,WH005,PRD00102,Outbound,496,2026-04-22,REF70588,Lisa Herrera
INV000730,WH001,PRD00120,INBOUND,107,2026-04-25,REF65423,Christopher Hall
INV000731,WH007,PRD00015,ADJUSTMENT,268,2026-07-26,REF60690,Joshua Williams
INV000732,WH004,PRD00031,RETURN,407,2026-05-08,REF58123,Melissa Scott
INV000733,WH005,PRD00056,Outbound,405,2026-05-09,REF91013,Larry Moore
INV000734,WH007,PRD00115,INBOUND,554,2026-07-17,REF18551,Kristina Lopez
INV000735,WH015,PRD00135,RETURN,990,2026-07-01,REF93000,Patrick Garcia
INV000736,WH005,PRD00066,RETURN,310,2026-05-17,REF23002,Ryan Morgan
INV000737,WH002,PRD00125,RETURN,909,2026-06-24,REF38620,James Martinez
INV000738,WH014,PRD00126,Outbound,7,2026-07-07,REF53600,Sophia Simmons DVM
INV000739,WH005,PRD00104,ADJUSTMENT,80,2026-05-09,REF18800,Michele Avery
INV000740,WH004,PRD00089,RETURN,914,2026-08-12,REF96867,Kathryn Lin
INV000741,WH015,PRD00114,ADJUSTMENT,894,2026-06-09,REF73032,Sarah Hobbs
INV000742,WH008,PRD00102,ADJUSTMENT,802,2026-04-16,REF87606,Jesse Thompson
INV000743,,PRD00133,ADJUSTMENT,982,2026-05-17,REF90131,Mary Young
INV000744,WH007,PRD00044,Outbound,783,2026-03-22,REF82256,Elizabeth Whitehead
INV000745,WH003,PRD00051,RETURN,642,2026-08-07,REF88868,Tyler Smith
INV000746,WH007,PRD00021,OUTBOUND,581,2026-05-25,REF68057,Brittany Saunders
INV000747,WH002,PRD00109,RETURN,671,2026-06-29,REF98462,John Myers
INV000748,WH005,PRD00089,ADJUSTMENT,502,2026-03-31,REF70016,Tamara Hunter
INV000749,WH008,PRD00098,RETURN,789,2026-06-07,REF95761,Jason Turner
INV000750,WH011,PRD00114,inbound,601,2026-05-13,REF72938,Brenda Robinson
INV000751,WH004,PRD00063,RETURN,195,2026-07-10,REF34117,William Callahan
INV000752,WH006,PRD00119,RETURN,645,2026-08-12,REF38747,Paula Pierce
INV000753,WH002,PRD00050,inbound,806,2026-05-27,REF22394,Joshua Jacobs
INV000754,WH011,PRD00111,INBOUND,630,2026-08-05,REF98002,Adam Noble
INV000755,WH008,PRD00027,inbound,4,2026-05-19,REF82057,Corey Brown
INV000756,WH012,PRD00137,Outbound,976,2026-06-01,REF27219,Bryan White
INV000757,WH001,PRD00110,ADJUSTMENT,779,2026-06-17,REF96620,James Mcdonald
INV000758,WH003,PRD00047,inbound,649,2026-07-08,REF89923,Jennifer Griffith
INV000759,WH001,PRD00029,RETURN,381,2026-05-06,REF36488,Angela Valentine
INV000760,WH012,PRD00074,ADJUSTMENT,757,2026-03-22,REF36493,David Carter
INV000761,WH014,PRD00124,inbound,998,2026-06-10,REF74386,Bridget Walter
INV000762,WH010,PRD00100,OUTBOUND,716,2026-04-11,REF12575,Lori Snyder
INV000763,WH009,PRD00145,OUTBOUND,115,2026-03-19,REF17817,Nicholas Hernandez
INV000764,WH007,PRD00068,RETURN,868,2026-05-07,REF43810,Joanna Cobb
INV000765,WH003,PRD00056,inbound,718,2026-04-09,REF38924,James Richards
INV000766,WH014,PRD00050,RETURN,35,2026-04-20,REF29291,Sherri Charles
INV000767,WH014,PRD00040,Outbound,868,2026-05-03,REF66126,Christopher Walton
INV000768,WH014,PRD00102,Outbound,285,2026-06-13,REF42493,Lisa Mckay
INV000769,WH007,PRD00096,ADJUSTMENT,57,2026-04-12,REF29020,Lisa Lewis
INV000770,WH004,PRD00067,OUTBOUND,485,2026-08-03,REF11180,Catherine Holmes
INV000771,WH012,PRD00103,OUTBOUND,103,2026-07-06,REF26354,Andrew Phillips
INV000772,WH009,PRD00124,Outbound,821,2026-05-02,REF25972,Elizabeth Ayala
INV000773,WH004,PRD00137,OUTBOUND,378,2026-06-09,REF15912,William Ortiz
INV000774,WH001,PRD00022,inbound,258,2026-07-17,REF30399,Craig Cunningham
INV000775,WH014,PRD00064,inbound,737,2026-07-21,REF42838,Kayla Clark
INV000776,WH005,PRD00012,INBOUND,377,2026-08-03,REF10169,Jacob Smith
INV000777,WH006,PRD00071,Outbound,376,2026-04-09,REF50865,Barbara Robbins
INV000778,WH015,PRD00058,inbound,992,2026-08-13,REF30028,Chris Brown
INV000779,WH006,PRD00034,OUTBOUND,81,2026-07-27,REF15452,Jennifer Cooper
INV000780,WH002,PRD00094,INBOUND,42,2026-03-18,REF74472,Katie Phillips
INV000781,WH011,PRD00143,Outbound,339,2026-04-12,REF85833,Sandra Reed
INV000782,WH007,PRD00092,inbound,17,2026-06-17,REF37445,Elizabeth Murphy
INV000783,,PRD00139,Outbound,347,2026-04-03,REF35452,Susan Chandler
INV000784,WH007,PRD00134,Outbound,28,2026-03-19,REF99928,Mrs. Heather Miller DDS
INV000785,,PRD00066,OUTBOUND,483,2026-06-24,REF89791,Denise Cunningham
INV000786,WH006,PRD00033,ADJUSTMENT,212,2026-07-29,REF11699,Marvin Snow
INV000787,WH009,PRD00079,ADJUSTMENT,975,2026-05-12,REF77237,Maureen Mason
INV000788,WH006,PRD00059,inbound,993,2026-05-04,REF28330,Ashley Huff
INV000789,WH014,PRD00066,RETURN,675,2026-03-25,REF16325,Evelyn Rogers
INV000790,WH007,PRD00105,INBOUND,407,2026-06-08,REF19004,Michael Weaver
INV000791,WH004,PRD00042,Outbound,557,2026-06-28,REF69517,Jodi Mcdonald
INV000792,WH014,PRD00127,OUTBOUND,145,2026-07-09,REF57425,Ashley Ross DVM
INV000793,WH007,PRD00086,Outbound,78,2026-07-01,REF93949,Kenneth Chapman
INV000794,WH009,PRD00033,Outbound,161,2026-04-07,REF33333,Jaime Brown MD
INV000795,WH004,PRD00064,RETURN,657,2026-08-01,REF58683,Lance Juarez
INV000796,WH001,PRD00036,ADJUSTMENT,79,2026-07-09,REF77987,Johnathan Harris
INV000797,WH001,PRD00063,INBOUND,68,2026-06-16,REF36167,Rodney Ray
INV000798,WH004,PRD00112,ADJUSTMENT,202,2026-06-14,REF13738,Janet Taylor
INV000799,WH009,PRD00032,RETURN,457,2026-07-07,REF26295,Thomas Garcia
INV000800,WH003,PRD00050,inbound,565,2026-04-18,REF64089,Jessica Hutchinson
INV000801,WH005,PRD00035,RETURN,723,2026-07-20,REF84348,Meredith Cowan
INV000802,WH005,PRD00135,INBOUND,403,2026-06-10,REF58680,Heidi Thomas
INV000803,WH005,PRD00076,OUTBOUND,484,2026-06-19,REF12102,Shannon Walker
INV000804,WH003,PRD00101,RETURN,281,2026-07-22,REF88817,Jonathan Fisher
INV000805,WH014,PRD00076,ADJUSTMENT,558,2026-05-31,REF70659,Heather Franklin
INV000806,WH013,PRD00040,Outbound,968,2026-05-23,REF97251,Joshua Simmons
INV000807,WH003,PRD00080,Outbound,840,2026-03-18,REF78056,Nancy Gallegos
INV000808,WH005,PRD00147,INBOUND,525,2026-07-12,REF48634,Andrew Underwood
INV000809,WH007,PRD00074,RETURN,38,2026-03-21,REF31652,Wendy Massey
INV000810,WH013,PRD00097,ADJUSTMENT,313,2026-07-10,REF96387,Ernest Andrews
INV000811,WH006,PRD00034,OUTBOUND,298,2026-05-28,REF88188,Jasmine Miller
INV000812,WH001,PRD00140,INBOUND,972,2026-06-02,REF20105,Terri Lopez PhD
INV000813,WH004,PRD00093,OUTBOUND,963,2026-04-05,REF86749,John Dalton
INV000814,WH013,PRD00083,Outbound,790,2026-07-19,REF25268,Steven Cruz
INV000815,WH014,PRD00040,OUTBOUND,45,2026-05-05,REF44615,Matthew Blake
INV000816,WH004,PRD00079,ADJUSTMENT,466,2026-04-10,REF50654,Javier Roberts
INV000817,WH014,PRD00052,Outbound,380,2026-05-26,REF31128,Monica Bowman
INV000818,WH009,PRD00064,inbound,648,2026-07-14,REF44097,Anthony Braun
INV000819,WH008,PRD00055,ADJUSTMENT,691,2026-07-08,REF87398,Lisa Cisneros
INV000820,WH015,PRD00088,OUTBOUND,205,2026-08-03,REF50456,Julie Bailey
INV000821,WH012,PRD00138,Outbound,767,2026-04-03,REF52448,Tammy Gonzalez
INV000822,WH014,PRD00055,OUTBOUND,402,2026-06-25,REF45356,Anna Mccann
INV000823,WH015,PRD00138,OUTBOUND,763,2026-08-05,REF51847,Larry Small
INV000824,WH007,PRD00104,ADJUSTMENT,324,2026-04-17,REF38984,Rachel Robinson
INV000825,WH011,PRD00010,inbound,616,2026-06-23,REF34838,Patrick Petersen
INV000826,WH011,PRD00134,INBOUND,665,2026-04-05,REF93881,Amber Sanders
INV000827,,PRD00021,inbound,328,2026-05-08,REF29181,Tammy Mckee
INV000828,WH011,PRD00088,RETURN,810,2026-04-24,REF81133,Cynthia Orr
INV000829,WH002,PRD00064,RETURN,88,2026-06-28,REF38763,Stephanie Gray
INV000830,WH003,PRD00013,inbound,688,2026-08-02,REF99609,David Taylor
INV000831,WH004,PRD00092,INBOUND,541,2026-04-12,REF91688,David Newman
INV000832,WH011,PRD00115,ADJUSTMENT,553,2026-07-16,REF15269,Deanna Booker
INV000833,WH003,PRD00072,Outbound,370,2026-04-21,REF72934,Nicholas Shepherd
INV000834,WH006,PRD00120,ADJUSTMENT,654,2026-07-13,REF44801,James Ortiz
INV000835,WH005,PRD00064,INBOUND,108,2026-06-28,REF99803,Kyle Johns DDS
INV000836,WH002,PRD00036,ADJUSTMENT,236,2026-05-14,REF21025,Ms. Jordan Jackson
INV000837,WH012,PRD00047,ADJUSTMENT,224,2026-03-24,REF21079,Angela Garcia
INV000838,WH012,PRD00082,inbound,607,2026-06-14,REF52487,Victor Warren
INV000839,WH009,PRD00089,Outbound,601,2026-06-30,REF39887,Micheal Murphy
INV000840,WH014,PRD00099,inbound,290,2026-03-25,REF28351,Diane Robinson
INV000841,WH002,PRD00121,Outbound,766,2026-05-20,REF83525,William Santiago
INV000842,WH008,PRD00128,INBOUND,685,2026-05-01,REF20405,Mariah Ramos
INV000843,WH005,PRD00140,ADJUSTMENT,852,2026-04-16,REF23496,Donald Lawson
INV000844,WH003,PRD00146,INBOUND,23,2026-07-13,REF36871,Alicia Sims
INV000845,WH012,PRD00002,RETURN,70,2026-07-30,REF27272,Tyler Walker
INV000846,WH009,PRD00095,inbound,305,2026-04-19,REF75673,Thomas Elliott
INV000847,WH013,PRD00136,Outbound,302,2026-04-21,REF37783,Tina Reyes
INV000848,WH015,PRD00044,OUTBOUND,239,2026-03-21,REF18119,Mary Pitts
INV000849,WH009,PRD00011,RETURN,886,2026-06-28,REF34125,Derek Gray
INV000850,WH009,PRD00004,inbound,456,2026-08-09,REF27134,Phillip Taylor
INV000851,WH003,PRD00078,OUTBOUND,158,2026-04-01,REF15888,Lydia Parrish
INV000852,WH003,PRD00052,RETURN,441,2026-08-01,REF68000,Philip Hartman
INV000853,WH009,PRD00095,Outbound,380,2026-03-18,REF22227,Taylor Tapia
INV000854,WH015,PRD00130,RETURN,744,2026-03-25,REF77891,Maureen Freeman
INV000855,WH013,PRD00010,Outbound,251,2026-04-12,REF62179,Felicia Cummings
INV000856,WH004,PRD00144,RETURN,235,2026-04-11,REF96817,Eddie Norris
INV000857,WH007,PRD00002,INBOUND,561,2026-07-20,REF78062,Andrea Anderson
INV000858,WH012,PRD00114,ADJUSTMENT,534,2026-05-16,REF92299,Brian Patton
INV000859,WH008,PRD00065,inbound,153,2026-05-18,REF86558,Greg Jones
INV000860,WH003,PRD00037,inbound,93,2026-07-22,REF91620,Monica Gonzalez
INV000861,WH014,PRD00064,ADJUSTMENT,171,2026-04-26,REF93595,Kenneth Weaver
INV000862,WH001,PRD00087,inbound,75,2026-07-23,REF63158,Michael Smith
INV000863,WH002,PRD00104,inbound,303,2026-08-06,REF74595,Patricia Sanchez
INV000864,WH006,PRD00026,inbound,211,2026-08-14,REF50069,Priscilla Gregory
INV000865,WH005,PRD00063,inbound,779,2026-05-10,REF22150,Angel Macdonald
INV000866,WH012,PRD00039,Outbound,148,2026-04-30,REF62336,Richard Ortega
INV000867,WH010,PRD00009,ADJUSTMENT,388,2026-08-05,REF80400,Donna Johnson
INV000868,WH009,PRD00080,Outbound,413,2026-04-26,REF63273,Jessica Christensen
INV000869,WH013,PRD00144,Outbound,850,2026-03-29,REF89474,Ms. Kristina Morales MD
INV000870,WH014,PRD00147,OUTBOUND,138,2026-06-29,REF43537,Sean Nash
INV000871,WH010,PRD00131,INBOUND,273,2026-08-12,REF53290,Taylor Edwards
INV000872,WH015,PRD00020,INBOUND,720,2026-06-06,REF89694,Dawn Brown
INV000873,WH007,PRD00103,INBOUND,707,2026-04-03,REF68221,Joshua Barker
INV000874,WH007,PRD00084,OUTBOUND,614,2026-04-11,REF11526,Frances Butler
INV000875,WH009,PRD00064,ADJUSTMENT,791,2026-06-27,REF27387,Paul Hill
INV000876,WH006,PRD00047,OUTBOUND,266,2026-06-29,REF99015,Donald Reed
INV000877,WH003,PRD00038,RETURN,200,2026-03-27,REF90070,Christopher Pruitt
INV000878,WH006,PRD00018,inbound,795,2026-06-16,REF52799,Kathleen Logan
INV000879,WH001,PRD00012,Outbound,594,2026-07-08,REF86362,Sarah Nixon
INV000880,WH013,PRD00131,ADJUSTMENT,440,2026-06-12,REF97081,Mrs. Stephanie Grant
INV000881,WH011,PRD00107,ADJUSTMENT,533,2026-06-13,REF26337,Joe Harris DDS
INV000882,WH006,PRD00068,INBOUND,911,2026-06-08,REF68260,Jaime Wilkerson
INV000883,WH004,PRD00075,INBOUND,810,2026-04-05,REF47578,Kelly Rangel
INV000884,WH005,PRD00116,OUTBOUND,337,2026-08-03,REF29664,Caleb Maldonado
INV000885,WH001,PRD00074,INBOUND,53,2026-03-20,REF93166,Gregory Terrell
INV000886,WH010,PRD00030,OUTBOUND,537,2026-07-25,REF20310,Jonathan Smith
INV000887,WH012,PRD00060,RETURN,68,2026-06-21,REF70246,Jeffrey Sutton
INV000888,WH003,PRD00107,INBOUND,966,2026-04-07,REF55868,Amy Rodriguez
INV000889,WH015,PRD00083,RETURN,737,2026-08-08,REF79504,Chad Mcdaniel
INV000890,,PRD00087,ADJUSTMENT,307,2026-05-10,REF68141,Adam Graham
INV000891,WH013,PRD00024,INBOUND,668,2026-07-21,REF77078,Christina Blake
INV000892,WH008,PRD00077,inbound,788,2026-04-26,REF43224,Travis Henderson
INV000893,WH013,PRD00041,RETURN,795,2026-05-07,REF23227,Linda Henderson MD
INV000894,WH005,PRD00127,inbound,851,2026-07-05,REF57984,Sabrina Gregory
INV000895,WH005,PRD00128,OUTBOUND,467,2026-05-30,REF96331,Nicole Rose
INV000896,WH001,PRD00122,ADJUSTMENT,79,2026-05-20,REF67871,Amy French
INV000897,WH003,PRD00106,OUTBOUND,595,2026-07-17,REF58891,Travis Douglas
INV000898,WH012,PRD00054,Outbound,950,2026-05-31,REF70996,Julie Black
INV000899,WH009,PRD00130,OUTBOUND,398,2026-05-09,REF44765,Adrian Phillips
INV000900,WH013,PRD00088,ADJUSTMENT,19,2026-06-13,REF55142,Lance Golden
INV000901,WH005,PRD00139,ADJUSTMENT,474,2026-07-27,REF57538,Michael Thomas
INV000902,WH007,PRD00084,Outbound,76,2026-06-23,REF86866,Dr. Wayne Gonzales DVM
INV000903,WH008,PRD00007,inbound,143,2026-05-19,REF71518,Andrew Diaz
INV000904,WH006,PRD00028,inbound,255,2026-07-03,REF89491,Patricia Brown
INV000905,WH001,PRD00080,Outbound,209,2026-03-28,REF53529,Sonya Frye
INV000906,WH015,PRD00118,ADJUSTMENT,626,2026-03-20,REF65029,Brian Holmes
INV000907,WH011,PRD00096,ADJUSTMENT,791,2026-07-07,REF52754,Travis Gordon
INV000908,WH010,PRD00047,ADJUSTMENT,812,2026-04-12,REF37451,Julie Hobbs
INV000909,WH003,PRD00127,INBOUND,207,2026-08-04,REF34966,Christopher Richardson
INV000910,WH014,PRD00124,inbound,905,2026-07-29,REF24023,Whitney Bowen
INV000911,,PRD00001,OUTBOUND,702,2026-06-29,REF66189,Rodney Campbell
INV000912,WH010,PRD00095,OUTBOUND,202,2026-07-12,REF79791,Teresa Morgan
INV000913,WH008,PRD00138,RETURN,500,2026-03-25,REF69720,Dr. Jacob Li
INV000914,WH005,PRD00147,INBOUND,533,2026-04-06,REF44842,Jeremy Gomez
INV000915,WH007,PRD00137,inbound,429,2026-08-08,REF12128,Katherine Jones
INV000916,WH015,PRD00011,RETURN,566,2026-04-29,REF26161,Jodi Williamson
INV000917,WH010,PRD00032,INBOUND,816,2026-05-18,REF57321,John Mcgrath
INV000918,WH007,PRD00064,inbound,832,2026-06-13,REF37599,Keith Torres
INV000919,WH003,PRD00136,Outbound,219,2026-05-10,REF19426,William Rivera
INV000920,WH012,PRD00075,OUTBOUND,752,2026-05-19,REF69108,Jacob Thomas
INV000921,WH001,PRD00077,OUTBOUND,540,2026-06-01,REF48361,Jane Rivera
INV000922,WH015,PRD00034,INBOUND,420,2026-06-22,REF40249,Javier Roberts
INV000923,WH004,PRD00125,INBOUND,265,2026-05-20,REF40619,Joel Avila
INV000924,WH006,PRD00019,RETURN,818,2026-08-02,REF14134,George Bentley
INV000925,,PRD00037,ADJUSTMENT,173,2026-04-11,REF64582,Timothy Kent
INV000926,WH010,PRD00012,Outbound,667,2026-05-13,REF23422,Heather Black
INV000927,WH010,PRD00058,RETURN,197,2026-07-30,REF85293,Alexis Cameron
INV000928,WH005,PRD00147,Outbound,541,2026-04-16,REF64394,Brandon Obrien
INV000929,WH002,PRD00017,INBOUND,995,2026-08-12,REF44984,Hannah Thompson
INV000930,WH010,PRD00117,RETURN,420,2026-06-25,REF66670,Mrs. Rose Forbes
INV000931,WH005,PRD00115,OUTBOUND,267,2026-07-24,REF78536,Dr. Stacy Morgan MD
INV000932,WH010,PRD00145,OUTBOUND,105,2026-06-24,REF69241,Leslie Luna
INV000933,WH012,PRD00112,INBOUND,388,2026-05-04,REF87304,Katrina Hester
INV000934,WH005,PRD00041,RETURN,207,2026-07-15,REF11733,Andrew Rodriguez
INV000935,WH001,PRD00138,Outbound,532,2026-04-02,REF38866,Christopher Little
INV000936,WH007,PRD00004,inbound,839,2026-04-01,REF48122,Samantha Kerr
INV000937,WH014,PRD00135,INBOUND,108,2026-05-31,REF48340,Zachary Vincent
INV000938,WH012,PRD00066,RETURN,726,2026-06-25,REF25498,Terry Hall
INV000939,WH009,PRD00067,inbound,208,2026-08-02,REF84945,Justin Jones
INV000940,WH006,PRD00104,inbound,283,2026-04-16,REF52668,Charles Underwood
INV000941,WH011,PRD00130,Outbound,7,2026-05-03,REF91758,Dustin Valentine
INV000942,WH003,PRD00032,OUTBOUND,358,2026-08-12,REF24601,David Simon
INV000943,WH002,PRD00013,INBOUND,623,2026-07-31,REF87927,Austin Brown
INV000944,WH012,PRD00088,ADJUSTMENT,163,2026-05-04,REF27949,Jenny Mcclure
INV000945,WH009,PRD00085,RETURN,162,2026-08-13,REF34623,Gary Lee
INV000946,WH007,PRD00116,RETURN,557,2026-05-03,REF20571,Kristi Walker
INV000947,WH004,PRD00007,OUTBOUND,579,2026-07-16,REF62266,Jonathan Stewart
INV000948,WH004,PRD00076,INBOUND,816,2026-06-15,REF89194,Jerry Gonzalez
INV000949,,PRD00072,RETURN,616,2026-07-09,REF84114,Allison Hayes
INV000950,WH010,PRD00029,INBOUND,956,2026-08-07,REF57582,Billy Barron
INV000951,WH007,PRD00030,OUTBOUND,443,2026-06-01,REF34215,Dr. Daniel Davies DDS
INV000952,WH011,PRD00067,inbound,607,2026-08-16,REF49659,Ariana Wilkerson
INV000953,WH006,PRD00108,OUTBOUND,64,2026-04-11,REF53663,Brianna Holland
INV000954,WH004,PRD00053,ADJUSTMENT,456,2026-04-02,REF84297,Andrew Johnson
INV000955,WH002,PRD00031,Outbound,924,2026-05-29,REF78451,Todd Stevenson
INV000956,WH005,PRD00075,OUTBOUND,806,2026-04-08,REF30472,Crystal Alexander
INV000957,WH013,PRD00108,inbound,225,2026-06-28,REF26635,Denise Thomas
INV000958,WH012,PRD00008,INBOUND,925,2026-05-24,REF50832,Patricia Rivera
INV000959,WH009,PRD00114,inbound,840,2026-04-28,REF33536,Michael Wilson
INV000960,WH002,PRD00102,OUTBOUND,669,2026-04-09,REF10478,Jacob Dixon
INV000961,WH011,PRD00088,Outbound,676,2026-08-11,REF97742,Zachary Evans
INV000962,WH011,PRD00012,INBOUND,501,2026-07-07,REF76569,Larry Newton
INV000963,WH005,PRD00063,ADJUSTMENT,785,2026-05-03,REF25605,Brittany Jones
INV000964,WH005,PRD00101,INBOUND,274,2026-06-09,REF16618,Jason Bradford
INV000965,,PRD00078,RETURN,952,2026-06-30,REF89132,Christie Tate
INV000966,WH003,PRD00037,Outbound,312,2026-03-26,REF92714,David Rojas
INV000967,WH004,PRD00002,inbound,486,2026-06-11,REF59019,James Galvan
INV000968,WH008,PRD00039,INBOUND,86,2026-04-07,REF67165,Sarah Garrett
INV000969,WH013,PRD00092,ADJUSTMENT,570,2026-05-22,REF83529,Jason Mcguire
INV000970,WH009,PRD00122,RETURN,987,2026-04-27,REF44144,Stephanie Williams
INV000971,WH013,PRD00145,Outbound,214,2026-03-23,REF42719,Stephen Maxwell
INV000972,WH013,PRD00136,INBOUND,877,2026-05-18,REF62512,Connie Koch
INV000973,WH006,PRD00136,Outbound,142,2026-04-29,REF31141,Timothy Neal
INV000974,WH004,PRD00006,ADJUSTMENT,800,2026-04-28,REF57661,Kevin Young
INV000975,WH001,PRD00029,Outbound,288,2026-05-13,REF50368,Angela Evans
INV000976,WH009,PRD00056,Outbound,884,2026-04-12,REF39150,Christopher Trujillo
INV000977,WH004,PRD00011,inbound,27,2026-08-04,REF35408,Kylie Bryan
INV000978,WH004,PRD00045,inbound,291,2026-06-12,REF43457,Brittany Reyes
INV000979,WH009,PRD00038,ADJUSTMENT,653,2026-06-30,REF69412,Ms. Brittney Kane MD
INV000980,WH005,PRD00136,ADJUSTMENT,389,2026-04-22,REF62771,Mrs. Heather Hayes DVM
INV000981,WH014,PRD00023,INBOUND,485,2026-05-22,REF39182,Jeffery Garrett
INV000982,WH012,PRD00059,ADJUSTMENT,323,2026-05-01,REF97674,Nicholas Warren Jr.
INV000983,WH013,PRD00120,INBOUND,564,2026-05-17,REF33986,Kyle Harris
INV000984,WH012,PRD00001,RETURN,642,2026-04-22,REF53018,Brett Frost
INV000985,WH008,PRD00105,ADJUSTMENT,908,2026-07-12,REF41516,Ashley Walker
INV000986,WH014,PRD00107,OUTBOUND,861,2026-07-14,REF86698,Ray Long
INV000987,WH005,PRD00030,Outbound,295,2026-08-09,REF31330,Luis Ayers
INV000988,WH008,PRD00105,OUTBOUND,412,2026-08-01,REF23778,Rick Davis
INV000989,WH012,PRD00073,INBOUND,649,2026-08-10,REF96951,Kurt Wyatt
INV000990,WH001,PRD00112,inbound,507,2026-04-19,REF14303,Brian Long
INV000991,WH014,PRD00035,OUTBOUND,945,2026-05-06,REF60929,John Bennett
INV000992,WH010,PRD00008,inbound,299,2026-07-06,REF27039,Sarah Skinner
INV000993,WH006,PRD00044,INBOUND,433,2026-05-31,REF92183,David Jacobs
INV000994,WH014,PRD00013,inbound,209,2026-05-17,REF49025,Jessica Flores
INV000995,WH010,PRD00046,ADJUSTMENT,150,2026-07-03,REF57255,William Wilson
INV000996,WH001,PRD00150,RETURN,176,2026-04-07,REF83730,Lori Roth
INV000997,WH012,PRD00097,Outbound,794,2026-03-31,REF27255,Amy Love
INV000998,WH015,PRD00096,INBOUND,605,2026-07-13,REF26122,Zachary Thomas
INV000999,WH008,PRD00053,Outbound,529,2026-06-14,REF20635,Andrea Parsons
INV001000,WH013,PRD00104,OUTBOUND,556,2026-08-06,REF29944,Stephanie Parsons
INV001001,WH008,PRD00008,ADJUSTMENT,788,2026-08-06,REF69780,William Fletcher
INV001002,WH010,PRD00048,inbound,898,2026-07-13,REF55072,Kayla Reynolds
INV001003,WH005,PRD00105,INBOUND,441,2026-06-18,REF68950,Richard Briggs
INV001004,WH001,PRD00001,INBOUND,747,2026-05-31,REF46108,Tiffany Schroeder
INV001005,WH012,PRD00138,OUTBOUND,689,2026-05-11,REF37772,Tony Brown Jr.
INV001006,WH011,PRD00057,Outbound,626,2026-05-05,REF29687,Maria Gonzalez
INV001007,WH004,PRD00022,OUTBOUND,384,2026-06-23,REF66449,Kathy Cruz
INV001008,WH001,PRD00014,RETURN,137,2026-05-06,REF15744,Ashley Lane
INV001009,WH003,PRD00017,RETURN,95,2026-07-07,REF27012,Margaret Rice
INV001010,WH005,PRD00062,inbound,293,2026-06-18,REF19703,Michael Lyons
INV001011,WH006,PRD00132,INBOUND,108,2026-04-18,REF56325,Joel Hale
INV001012,WH013,PRD00034,OUTBOUND,406,2026-04-17,REF32757,Beth Mckenzie
INV001013,WH011,PRD00053,INBOUND,101,2026-06-02,REF37163,Nicholas Cook
INV001014,WH007,PRD00122,ADJUSTMENT,238,2026-08-17,REF26219,Tyler Gill
INV001015,WH001,PRD00089,RETURN,550,2026-07-22,REF42719,Jill Hughes
INV001016,WH008,PRD00132,OUTBOUND,167,2026-07-12,REF27131,Manuel Price
INV001017,WH003,PRD00012,INBOUND,318,2026-04-30,REF80808,Michael Marshall
INV001018,WH005,PRD00116,OUTBOUND,348,2026-04-27,REF61376,Clarence Cameron
INV001019,WH004,PRD00045,ADJUSTMENT,655,2026-05-27,REF43652,Edwin Hoffman
INV001020,,PRD00012,inbound,243,2026-05-27,REF67315,Michael Brown
INV001021,WH005,PRD00145,OUTBOUND,3,2026-05-20,REF99139,Marc Kramer
INV001022,WH007,PRD00048,RETURN,714,2026-07-27,REF34257,Jeremy Thompson
INV001023,WH005,PRD00110,RETURN,308,2026-04-29,REF16267,Albert Jackson
INV001024,WH011,PRD00037,INBOUND,429,2026-07-23,REF62241,Angela Nelson
INV001025,WH011,PRD00053,inbound,868,2026-07-24,REF53379,Billy Walter
INV001026,WH012,PRD00036,ADJUSTMENT,418,2026-04-12,REF59937,Nicholas Rodriguez
INV001027,WH015,PRD00138,OUTBOUND,750,2026-05-24,REF44189,Jill Clark
INV001028,WH014,PRD00061,Outbound,438,2026-05-23,REF34077,Barbara Salazar
INV001029,WH011,PRD00066,inbound,305,2026-06-17,REF77518,Mr. Phillip Houston
INV001030,WH003,PRD00101,INBOUND,973,2026-08-04,REF42870,Angie Brewer
INV001031,WH001,PRD00129,RETURN,969,2026-06-07,REF13375,Jerry Davis
INV001032,WH001,PRD00110,inbound,871,2026-07-22,REF15667,Mark Holland
INV001033,WH002,PRD00011,OUTBOUND,34,2026-08-02,REF32344,Zachary Ford
INV001034,WH008,PRD00059,inbound,180,2026-03-22,REF78370,Keith Lewis
INV001035,WH013,PRD00045,RETURN,752,2026-08-15,REF95834,Andrea Reynolds
INV001036,WH001,PRD00072,inbound,32,2026-05-28,REF54820,Joseph Bonilla
INV001037,WH004,PRD00091,inbound,187,2026-07-01,REF47624,William Tate
INV001038,WH012,PRD00025,INBOUND,791,2026-05-24,REF68814,Joseph Richard
INV001039,WH014,PRD00061,RETURN,158,2026-04-17,REF99004,Melissa Bryan
INV001040,WH005,PRD00086,Outbound,499,2026-04-09,REF91436,Thomas Atkinson
INV001041,WH012,PRD00077,INBOUND,40,2026-06-18,REF90064,Julie Spence
INV001042,WH006,PRD00096,RETURN,519,2026-06-23,REF14809,Matthew Atkins
INV001043,WH009,PRD00103,INBOUND,320,2026-04-05,REF65143,Erin Morales
INV001044,WH015,PRD00026,INBOUND,380,2026-08-02,REF28526,Jon Perry
INV001045,WH012,PRD00082,Outbound,764,2026-05-28,REF51217,Carol Black
INV001046,WH013,PRD00117,RETURN,882,2026-08-02,REF50461,Sandra Pruitt
INV001047,WH002,PRD00028,ADJUSTMENT,983,2026-07-30,REF82089,Jonathan Simmons
INV001048,WH011,PRD00015,RETURN,217,2026-05-03,REF38925,William Saunders
INV001049,WH013,PRD00094,RETURN,292,2026-03-29,REF64742,Michele Tran
INV001050,WH013,PRD00079,inbound,952,2026-05-15,REF63782,Andrew Boyd
INV001051,WH001,PRD00131,OUTBOUND,932,2026-05-05,REF17871,Catherine Harding
INV001052,WH004,PRD00075,Outbound,68,2026-06-02,REF25677,Hector Wright
INV001053,WH015,PRD00070,RETURN,125,2026-07-11,REF61732,Kyle Parker
INV001054,WH003,PRD00013,INBOUND,479,2026-06-09,REF14112,Kyle Richards
INV001055,WH004,PRD00140,ADJUSTMENT,542,2026-08-09,REF52567,Robert Andrade
INV001056,WH011,PRD00081,inbound,78,2026-04-14,REF85338,Michael Williams
INV001057,WH007,PRD00140,INBOUND,597,2026-04-19,REF14293,Jane Pittman
INV001058,WH005,PRD00129,inbound,301,2026-04-07,REF69252,Anthony Morris
INV001059,WH012,PRD00105,Outbound,151,2026-05-29,REF49472,Kayla Marshall DVM
INV001060,WH014,PRD00029,OUTBOUND,938,2026-05-08,REF96255,Jonathan Burke
INV001061,WH013,PRD00121,Outbound,263,2026-04-17,REF11206,Katelyn Rodgers
INV001062,WH004,PRD00144,Outbound,748,2026-04-21,REF87007,Travis Jones
INV001063,WH006,PRD00054,inbound,90,2026-04-02,REF87772,Crystal Matthews
INV001064,WH011,PRD00134,OUTBOUND,806,2026-04-04,REF14194,Jack Spencer
INV001065,WH008,PRD00104,inbound,649,2026-04-10,REF59298,Katherine Moses
INV001066,WH002,PRD00026,Outbound,223,2026-07-09,REF62377,Katrina Porter
INV001067,WH013,PRD00086,RETURN,314,2026-06-12,REF48963,Joseph Gallagher
INV001068,WH009,PRD00102,inbound,770,2026-05-12,REF28122,Jonathan Levine
INV001069,WH002,PRD00012,ADJUSTMENT,622,2026-06-14,REF44890,William Parker
INV001070,WH008,PRD00082,OUTBOUND,337,2026-06-17,REF16422,Melissa Holmes
INV001071,WH002,PRD00008,OUTBOUND,486,2026-06-06,REF64763,Brandon Olson
INV001072,WH010,PRD00018,OUTBOUND,646,2026-06-23,REF77778,Jason Juarez
INV001073,WH001,PRD00046,Outbound,458,2026-04-26,REF80646,Stephen Gomez
INV001074,,PRD00133,inbound,35,2026-05-15,REF48904,Mario Sims
INV001075,WH003,PRD00059,inbound,311,2026-05-20,REF57377,Steven Edwards
INV001076,WH010,PRD00144,RETURN,901,2026-03-25,REF54834,Bryan Morgan
INV001077,WH010,PRD00110,INBOUND,419,2026-07-24,REF52679,Kim Riley
INV001078,WH015,PRD00060,OUTBOUND,71,2026-06-20,REF84009,Michael Johnson
INV001079,WH009,PRD00108,Outbound,929,2026-07-26,REF89731,Whitney Dean
INV001080,WH007,PRD00067,OUTBOUND,729,2026-06-27,REF47153,Isabella Owen
INV001081,WH013,PRD00008,inbound,144,2026-03-28,REF11327,Jeffrey Johnson
INV001082,WH014,PRD00037,INBOUND,591,2026-03-27,REF74759,Sarah Evans
INV001083,WH010,PRD00019,ADJUSTMENT,324,2026-05-04,REF62401,Aaron Kerr
INV001084,WH009,PRD00003,INBOUND,370,2026-04-01,REF23277,Lauren Williams
INV001085,WH003,PRD00033,Outbound,708,2026-04-23,REF55198,Walter Young
INV001086,WH011,PRD00061,OUTBOUND,700,2026-07-06,REF66326,Wesley Walsh
INV001087,WH010,PRD00133,inbound,262,2026-06-17,REF32235,Ryan Tapia
INV001088,WH013,PRD00063,ADJUSTMENT,855,2026-04-02,REF52224,Stacie Jones
INV001089,WH012,PRD00075,RETURN,425,2026-04-27,REF83817,Sarah Williams
INV001090,WH005,PRD00096,ADJUSTMENT,337,2026-08-08,REF24032,Emily Chang
INV001091,,PRD00114,RETURN,934,2026-07-03,REF76674,Sara Alvarez
INV001092,WH004,PRD00024,INBOUND,197,2026-05-20,REF99565,Kelly Guerrero
INV001093,WH010,PRD00015,inbound,322,2026-05-08,REF21333,Paul Byrd
INV001094,WH010,PRD00007,INBOUND,657,2026-07-24,REF29858,Amy Sawyer
INV001095,WH012,PRD00018,inbound,890,2026-07-12,REF84128,Catherine Lamb
INV001096,WH010,PRD00135,OUTBOUND,300,2026-08-13,REF23126,Mary Maldonado
INV001097,WH002,PRD00124,inbound,819,2026-06-01,REF97677,Alice Davis
INV001098,WH003,PRD00128,inbound,321,2026-06-20,REF23441,Kelly Montoya
INV001099,WH013,PRD00064,INBOUND,591,2026-04-18,REF36367,Anthony Hart
INV001100,WH010,PRD00009,INBOUND,340,2026-04-17,REF54022,Crystal Castillo
INV001101,WH013,PRD00049,RETURN,475,2026-05-15,REF20845,David Davis
INV001102,WH006,PRD00003,RETURN,125,2026-04-18,REF97902,Oscar Garcia
INV001103,WH014,PRD00017,Outbound,776,2026-07-17,REF71423,Kimberly Kelley
INV001104,WH010,PRD00068,ADJUSTMENT,452,2026-05-04,REF23361,Jaime Williams
INV001105,WH009,PRD00137,INBOUND,840,2026-07-21,REF11474,Justin Beard
INV001106,WH003,PRD00132,Outbound,99,2026-04-16,REF85652,Lisa Hall
INV001107,WH009,PRD00096,OUTBOUND,135,2026-06-05,REF81617,Allison Taylor
INV001108,WH007,PRD00029,INBOUND,167,2026-04-25,REF60552,Robert Hall
INV001109,WH003,PRD00050,INBOUND,416,2026-06-11,REF88901,George Wheeler
INV001110,WH009,PRD00088,ADJUSTMENT,114,2026-06-05,REF59962,Mark Lyons
INV001111,WH012,PRD00107,RETURN,209,2026-05-12,REF30688,Timothy Williams
INV001112,WH015,PRD00074,INBOUND,440,2026-08-03,REF62767,Jessica Lee
INV001113,WH006,PRD00113,RETURN,328,2026-06-28,REF60218,Gail Warren
INV001114,WH007,PRD00014,ADJUSTMENT,992,2026-05-25,REF63911,Allison Taylor
INV001115,WH008,PRD00140,ADJUSTMENT,108,2026-05-26,REF57147,Dr. Cody Peterson
INV001116,WH005,PRD00113,Outbound,81,2026-04-14,REF87525,Kristin Harris
INV001117,WH012,PRD00023,ADJUSTMENT,632,2026-05-06,REF61040,Danielle Harrison
INV001118,WH012,PRD00049,inbound,373,2026-06-11,REF83952,Julie West
INV001119,WH007,PRD00093,RETURN,479,2026-05-22,REF39414,Stephanie Huber
INV001120,WH004,PRD00129,inbound,762,2026-03-23,REF76093,Jeremy Dawson
INV001121,WH007,PRD00003,Outbound,905,2026-05-03,REF87964,Matthew Bell
INV001122,WH001,PRD00130,inbound,624,2026-06-20,REF66605,Michael Whitney
INV001123,WH012,PRD00046,inbound,552,2026-07-04,REF33341,Ian Lutz
INV001124,WH011,PRD00051,INBOUND,104,2026-08-04,REF84077,Michael Jarvis
INV001125,WH007,PRD00059,ADJUSTMENT,850,2026-08-09,REF59654,Alexander Hall
INV001126,WH010,PRD00102,OUTBOUND,995,2026-07-09,REF14623,Ariel Wiggins
INV001127,WH002,PRD00084,OUTBOUND,21,2026-04-23,REF86238,Dr. Tyler Meyers
INV001128,WH014,PRD00102,OUTBOUND,859,2026-04-20,REF42484,Jose Jackson
INV001129,WH006,PRD00050,inbound,630,2026-06-27,REF85275,Charlene Matthews
INV001130,WH002,PRD00096,INBOUND,397,2026-06-13,REF70949,Mrs. Cynthia Smith
INV001131,WH013,PRD00016,RETURN,641,2026-05-20,REF41793,Ethan Allen
INV001132,WH004,PRD00097,OUTBOUND,778,2026-08-06,REF95628,Patrick Lloyd
INV001133,WH006,PRD00123,INBOUND,640,2026-07-08,REF73010,Maria Reilly
INV001134,WH007,PRD00085,RETURN,103,2026-04-01,REF61610,Jeffrey James
INV001135,WH009,PRD00008,inbound,88,2026-08-08,REF26059,Misty Miller MD
INV001136,WH014,PRD00066,OUTBOUND,778,2026-06-10,REF29976,Lauren Peterson
INV001137,WH014,PRD00050,Outbound,491,2026-03-28,REF48030,George Gill
INV001138,WH013,PRD00140,inbound,747,2026-05-04,REF93869,Erin Brown
INV001139,WH003,PRD00146,Outbound,287,2026-07-05,REF97147,Jorge Harrison
INV001140,WH014,PRD00144,Outbound,755,2026-06-13,REF34727,Justin Townsend
INV001141,WH012,PRD00096,RETURN,976,2026-05-23,REF92260,Mr. Matthew Montes PhD
INV001142,WH012,PRD00019,inbound,475,2026-04-25,REF99685,Sandra Lynch
INV001143,WH009,PRD00003,INBOUND,708,2026-08-02,REF74117,Tiffany Ellison
INV001144,WH014,PRD00035,OUTBOUND,315,2026-05-17,REF95528,Daniel Mora
INV001145,WH002,PRD00098,RETURN,96,2026-07-09,REF78881,Jake Beard
INV001146,WH015,PRD00035,Outbound,166,2026-07-27,REF89126,Randy Riley
INV001147,WH008,PRD00117,OUTBOUND,202,2026-07-25,REF82355,Anthony Savage
INV001148,WH009,PRD00071,Outbound,222,2026-07-23,REF86688,Paige Wade
INV001149,WH005,PRD00134,OUTBOUND,128,2026-05-26,REF13826,Anthony Bass
INV001150,WH015,PRD00130,ADJUSTMENT,340,2026-06-05,REF16445,Joseph Mccann
INV001151,WH003,PRD00124,inbound,991,2026-04-11,REF37336,Megan White
INV001152,WH007,PRD00092,inbound,252,2026-05-24,REF98160,Michael Reeves
INV001153,WH008,PRD00072,OUTBOUND,454,2026-04-13,REF94959,Jessica Dennis
INV001154,WH006,PRD00072,RETURN,162,2026-04-16,REF75352,Sarah Lopez
INV001155,WH006,PRD00037,OUTBOUND,190,2026-04-30,REF82429,Elaine Golden
INV001156,WH008,PRD00041,OUTBOUND,60,2026-04-08,REF31511,Joshua Lam
INV001157,WH012,PRD00144,OUTBOUND,247,2026-05-27,REF23526,Ashley Harmon
INV001158,WH007,PRD00038,inbound,700,2026-05-22,REF43849,Cory Austin
INV001159,WH003,PRD00088,Outbound,235,2026-04-14,REF30484,Samuel Clark
INV001160,WH010,PRD00098,ADJUSTMENT,702,2026-06-01,REF57131,Mrs. Lynn Anderson
INV001161,WH002,PRD00063,Outbound,823,2026-07-01,REF59832,Jacob Pratt
INV001162,WH014,PRD00149,OUTBOUND,688,2026-08-04,REF59215,Jeffrey Schmidt
INV001163,WH015,PRD00064,RETURN,665,2026-05-03,REF69765,Christine Harrison
INV001164,WH004,PRD00114,Outbound,94,2026-07-01,REF33971,Stephanie Morris
INV001165,WH006,PRD00125,Outbound,83,2026-07-20,REF32475,Shannon Lee
INV001166,WH008,PRD00068,Outbound,697,2026-06-11,REF20009,Steven Garcia
INV001167,WH008,PRD00021,ADJUSTMENT,594,2026-08-13,REF44949,Michael Jones
INV001168,WH002,PRD00015,Outbound,538,2026-04-01,REF43261,Whitney Johnson
INV001169,WH014,PRD00010,inbound,308,2026-08-09,REF17152,Carrie Kelley
INV001170,WH015,PRD00074,INBOUND,77,2026-04-10,REF46990,Kimberly Ross
INV001171,WH013,PRD00073,Outbound,255,2026-05-10,REF19165,Philip Melton
INV001172,WH001,PRD00017,Outbound,687,2026-06-27,REF48472,Kathleen Miller
INV001173,WH012,PRD00078,INBOUND,665,2026-08-04,REF67918,Alexis Poole
INV001174,WH005,PRD00100,RETURN,373,2026-07-06,REF40477,Shawn Woods
INV001175,WH012,PRD00041,RETURN,556,2026-07-25,REF62296,Erica Barry
INV001176,WH009,PRD00130,INBOUND,440,2026-04-14,REF92132,John Porter
INV001177,WH014,PRD00018,OUTBOUND,192,2026-05-15,REF27004,Mr. Michael Garrett DDS
INV001178,WH011,PRD00139,OUTBOUND,278,2026-05-31,REF38255,Aaron Jacobs
INV001179,WH009,PRD00132,OUTBOUND,944,2026-04-23,REF83862,Bradley Adams
INV001180,WH011,PRD00001,RETURN,654,2026-06-08,REF84087,Miranda Campos
INV001181,WH006,PRD00033,Outbound,961,2026-06-11,REF12698,April Strong
INV001182,,PRD00108,INBOUND,681,2026-03-24,REF32748,Linda Johnson
INV001183,WH001,PRD00004,ADJUSTMENT,807,2026-04-27,REF68781,Cindy Mejia
INV001184,WH012,PRD00078,inbound,388,2026-05-31,REF41768,Jeffrey Blair
INV001185,WH005,PRD00051,RETURN,138,2026-08-14,REF88532,Denise Rodriguez
INV001186,WH003,PRD00024,Outbound,646,2026-07-09,REF65465,Ronnie Jones
INV001187,WH014,PRD00051,RETURN,31,2026-05-17,REF12489,Kelsey Cervantes
INV001188,WH008,PRD00097,INBOUND,494,2026-04-25,REF53675,Jamie Williams
INV001189,WH011,PRD00129,ADJUSTMENT,48,2026-07-26,REF88686,Kent Chen
INV001190,,PRD00077,inbound,500,2026-04-02,REF31840,Jason Vasquez
INV001191,WH011,PRD00051,RETURN,342,2026-07-16,REF73304,Jennifer Russell
INV001192,WH002,PRD00012,OUTBOUND,843,2026-04-22,REF20422,Matthew Young
INV001193,WH009,PRD00135,ADJUSTMENT,329,2026-05-12,REF88570,Kimberly Sullivan
INV001194,WH009,PRD00008,INBOUND,144,2026-04-02,REF26985,Nicole Welch
INV001195,,PRD00107,OUTBOUND,736,2026-03-21,REF23674,Robert Allen
INV001196,WH010,PRD00071,INBOUND,410,2026-04-20,REF71134,Adam Mitchell
INV001197,WH012,PRD00089,inbound,887,2026-04-08,REF19697,Joseph Friedman
INV001198,WH004,PRD00094,RETURN,751,2026-08-01,REF47691,Sarah Ward
INV001199,WH014,PRD00056,inbound,954,2026-06-18,REF26299,Scott Scott
INV001200,WH005,PRD00145,OUTBOUND,555,2026-08-16,REF84260,Gregory Williams
INV001201,WH006,PRD00132,ADJUSTMENT,864,2026-03-24,REF12185,Scott Wise
INV001202,WH001,PRD00099,Outbound,794,2026-03-23,REF17612,Cheryl Weber
INV001203,WH003,PRD00083,ADJUSTMENT,707,2026-05-30,REF25385,Jason Barrett
INV001204,WH012,PRD00072,ADJUSTMENT,947,2026-04-08,REF55764,Melissa Pearson
INV001205,WH011,PRD00124,RETURN,75,2026-04-02,REF85768,James Davidson
INV001206,WH003,PRD00071,inbound,721,2026-07-21,REF61851,Aimee Bates
INV001207,WH001,PRD00119,inbound,682,2026-06-06,REF51353,Terri Martinez
INV001208,WH010,PRD00127,RETURN,238,2026-04-16,REF47503,Barbara Tate
INV001209,WH005,PRD00076,Outbound,267,2026-07-22,REF22844,Derek Hart
INV001210,WH006,PRD00117,Outbound,898,2026-04-18,REF36459,Jennifer Sherman
INV001211,WH004,PRD00030,RETURN,432,2026-08-12,REF83699,Rebekah Smith
INV001212,WH004,PRD00073,RETURN,293,2026-08-07,REF88123,Michael Jackson
INV001213,WH014,PRD00068,OUTBOUND,617,2026-03-29,REF86023,Kimberly Fitzgerald
INV001214,WH007,PRD00049,Outbound,321,2026-06-30,REF27273,Courtney Baker
INV001215,WH007,PRD00005,INBOUND,263,2026-07-16,REF30960,Miranda Carpenter
INV001216,WH001,PRD00103,INBOUND,916,2026-08-01,REF40560,Grace Mejia
INV001217,WH008,PRD00035,ADJUSTMENT,324,2026-05-07,REF30631,Sara Beck
INV001218,WH005,PRD00014,OUTBOUND,343,2026-04-19,REF52658,Kathleen Murphy
INV001219,WH008,PRD00142,ADJUSTMENT,796,2026-04-18,REF28611,Desiree Foster
INV001220,WH009,PRD00062,inbound,798,2026-08-05,REF98644,Tiffany Thompson
INV001221,WH014,PRD00126,RETURN,285,2026-05-01,REF48317,Bailey Hopkins
INV001222,WH005,PRD00064,INBOUND,334,2026-08-07,REF44014,Penny Gordon
INV001223,,PRD00091,OUTBOUND,934,2026-04-16,REF45942,Alexis Grimes
INV001224,WH010,PRD00005,ADJUSTMENT,742,2026-05-15,REF75388,Lisa Blair
INV001225,WH005,PRD00044,ADJUSTMENT,968,2026-04-15,REF90459,Todd Gordon
INV001226,WH008,PRD00134,OUTBOUND,985,2026-03-19,REF74710,Tyrone Ross
INV001227,WH007,PRD00142,Outbound,838,2026-08-15,REF31880,Betty Schroeder
INV001228,WH015,PRD00144,RETURN,58,2026-04-01,REF75178,Frank Ramirez
INV001229,WH011,PRD00010,inbound,207,2026-05-07,REF89735,Ricardo Robles
INV001230,WH014,PRD00034,RETURN,859,2026-07-27,REF27364,Lauren Ramos
INV001231,WH013,PRD00130,inbound,124,2026-07-15,REF78711,Dillon Stevens
INV001232,WH004,PRD00055,RETURN,517,2026-05-02,REF86655,Robin Peterson
INV001233,WH004,PRD00136,Outbound,396,2026-08-15,REF26171,Natalie Blanchard
INV001234,WH001,PRD00042,inbound,20,2026-06-13,REF42170,Kristine Lopez
INV001235,WH012,PRD00100,ADJUSTMENT,868,2026-07-20,REF36199,Jessica Jackson
INV001236,WH013,PRD00087,RETURN,65,2026-04-30,REF11111,Colleen Martinez
INV001237,WH006,PRD00065,inbound,312,2026-05-11,REF66230,Kelly Dunn
INV001238,WH012,PRD00072,OUTBOUND,141,2026-04-04,REF86047,James Baker
INV001239,WH003,PRD00078,INBOUND,912,2026-07-31,REF23857,Carlos Caldwell
INV001240,WH008,PRD00118,RETURN,371,2026-06-19,REF99815,Kathryn Kane
INV001241,WH007,PRD00080,ADJUSTMENT,572,2026-07-29,REF55495,Vincent Lopez
INV001242,WH008,PRD00076,OUTBOUND,12,2026-05-21,REF66995,Joyce Richardson
INV001243,WH012,PRD00081,RETURN,549,2026-07-05,REF35824,Sarah Johnson
INV001244,WH002,PRD00056,RETURN,267,2026-05-10,REF63830,James Flores
INV001245,WH012,PRD00011,RETURN,434,2026-07-06,REF51901,James Palmer
INV001246,WH005,PRD00009,INBOUND,615,2026-05-03,REF27806,Mr. Roger Lee
INV001247,WH014,PRD00013,INBOUND,936,2026-05-08,REF78564,Gregory Johnson
INV001248,WH010,PRD00147,OUTBOUND,695,2026-07-19,REF23451,Noah Williamson
INV001249,WH008,PRD00021,ADJUSTMENT,540,2026-03-24,REF84488,Amy Moreno
INV001250,WH015,PRD00141,RETURN,929,2026-04-05,REF17808,Sharon Lee
INV001251,,PRD00019,RETURN,240,2026-07-18,REF10106,Jose Chambers
INV001252,WH003,PRD00118,Outbound,619,2026-07-26,REF78437,Kimberly Pearson
INV001253,,PRD00054,RETURN,169,2026-06-01,REF54830,Nancy Salazar
INV001254,WH001,PRD00051,INBOUND,675,2026-06-16,REF48829,Angela Wolfe
INV001255,WH011,PRD00049,inbound,350,2026-04-13,REF11655,Michael Espinoza
INV001256,WH010,PRD00018,OUTBOUND,879,2026-08-17,REF65278,Sarah Gomez
INV001257,WH007,PRD00100,ADJUSTMENT,844,2026-07-05,REF28986,Briana Hogan
INV001258,WH008,PRD00099,OUTBOUND,511,2026-08-14,REF52336,Kimberly Simpson
INV001259,WH013,PRD00062,inbound,451,2026-03-28,REF85899,Lawrence Carroll
INV001260,WH006,PRD00036,Outbound,598,2026-05-18,REF41405,Allison Jones
INV001261,WH014,PRD00112,Outbound,374,2026-07-02,REF37766,Veronica Chavez
INV001262,WH012,PRD00066,inbound,57,2026-08-03,REF23696,Donna Watson
INV001263,WH015,PRD00070,ADJUSTMENT,905,2026-04-15,REF94861,Julie Mccoy
INV001264,WH012,PRD00021,INBOUND,158,2026-07-08,REF15695,Scott Martinez
INV001265,WH008,PRD00042,inbound,530,2026-04-26,REF95990,Amy Conner
INV001266,,PRD00017,RETURN,517,2026-03-31,REF31821,Mary Dickerson
INV001267,WH005,PRD00033,Outbound,98,2026-06-12,REF31573,Kimberly Larson
INV001268,WH013,PRD00053,Outbound,154,2026-08-03,REF30617,Jacob Powell
INV001269,WH004,PRD00117,RETURN,891,2026-04-24,REF32667,Christian Diaz
INV001270,WH008,PRD00056,ADJUSTMENT,526,2026-06-11,REF23446,Gregory Gates
INV001271,WH008,PRD00071,RETURN,288,2026-07-08,REF67703,Melissa Wolfe
INV001272,WH014,PRD00073,RETURN,948,2026-04-19,REF78264,Dr. David Hernandez V
INV001273,WH003,PRD00003,INBOUND,223,2026-06-15,REF73858,Katherine Fuller
INV001274,WH010,PRD00038,inbound,221,2026-03-23,REF26838,Joshua Delacruz
INV001275,WH011,PRD00055,Outbound,456,2026-06-27,REF94419,Luis Knox
INV001276,WH014,PRD00008,ADJUSTMENT,273,2026-05-14,REF73886,Jessica Henderson
INV001277,,PRD00129,Outbound,287,2026-06-08,REF24500,David Marshall
INV001278,WH009,PRD00008,Outbound,897,2026-07-27,REF90991,Valerie Russell
INV001279,WH003,PRD00064,Outbound,277,2026-08-11,REF71649,Tommy Moore
INV001280,WH003,PRD00045,INBOUND,586,2026-07-22,REF94428,Christina Thompson
INV001281,WH005,PRD00101,RETURN,574,2026-08-10,REF49839,Jeremy Summers
INV001282,WH014,PRD00102,ADJUSTMENT,385,2026-08-17,REF53314,Jill Mcclain
INV001283,WH002,PRD00049,inbound,148,2026-07-02,REF58230,Jason Orr
INV001284,WH006,PRD00028,inbound,503,2026-04-08,REF96224,Jasmine Jackson
INV001285,WH015,PRD00064,inbound,199,2026-05-07,REF92481,Kristin Ortega
INV001286,WH014,PRD00023,inbound,433,2026-04-18,REF48063,Lori Marsh
INV001287,WH014,PRD00118,Outbound,309,2026-07-16,REF70487,Robert Robinson
INV001288,WH009,PRD00063,ADJUSTMENT,921,2026-05-17,REF46704,Molly Johnson
INV001289,WH008,PRD00078,inbound,531,2026-05-19,REF68402,Carlos Clayton
INV001290,WH001,PRD00088,INBOUND,427,2026-05-06,REF49546,Jason Hernandez
INV001291,WH004,PRD00102,inbound,811,2026-07-22,REF30821,Sherry White
INV001292,WH012,PRD00052,RETURN,682,2026-04-02,REF99645,Matthew Gutierrez
INV001293,WH014,PRD00127,INBOUND,105,2026-06-01,REF22630,Amber Saunders
INV001294,WH012,PRD00034,OUTBOUND,690,2026-07-19,REF21469,Richard Simpson
INV001295,WH014,PRD00031,ADJUSTMENT,986,2026-08-16,REF27044,Benjamin Taylor
INV001296,WH008,PRD00062,inbound,931,2026-08-11,REF32766,Sherry Mayo
INV001297,WH009,PRD00025,inbound,847,2026-08-17,REF74428,Charles Thompson
INV001298,WH003,PRD00116,RETURN,863,2026-05-12,REF96460,Dr. Timothy Day
INV001299,WH006,PRD00010,OUTBOUND,958,2026-05-01,REF94739,Kevin Cross
INV001300,WH007,PRD00037,RETURN,1,2026-07-14,REF29220,Gregory Russo
INV001301,WH001,PRD00091,inbound,523,2026-06-05,REF89066,Emily Brown
INV001302,WH015,PRD00125,OUTBOUND,24,2026-08-03,REF14702,David Brooks
INV001303,WH005,PRD00104,INBOUND,333,2026-05-18,REF39538,Brett Morris
INV001304,WH013,PRD00047,ADJUSTMENT,654,2026-07-12,REF68738,Teresa Trevino
INV001305,WH015,PRD00034,RETURN,62,2026-04-05,REF33226,Cody Clark
INV001306,WH001,PRD00085,Outbound,48,2026-08-15,REF18206,Pamela Fletcher
INV001307,WH008,PRD00041,ADJUSTMENT,866,2026-05-07,REF21630,Darrell Rivera
INV001308,WH006,PRD00117,OUTBOUND,741,2026-07-07,REF18018,Patricia Martinez
INV001309,WH001,PRD00138,RETURN,485,2026-04-01,REF19978,Diane Burton
INV001310,WH002,PRD00062,ADJUSTMENT,209,2026-04-01,REF43755,Mrs. Suzanne Wilson
INV001311,WH009,PRD00111,inbound,785,2026-04-02,REF52873,Craig Jones
INV001312,,PRD00114,inbound,243,2026-03-30,REF79817,Renee Washington
INV001313,WH011,PRD00108,ADJUSTMENT,869,2026-07-08,REF34223,Christopher Turner
INV001314,WH001,PRD00019,ADJUSTMENT,61,2026-05-17,REF82888,Jacob Smith
INV001315,WH005,PRD00062,Outbound,874,2026-04-06,REF16767,Riley Schultz
INV001316,WH007,PRD00019,inbound,743,2026-06-13,REF53410,Regina Wallace
INV001317,WH013,PRD00111,ADJUSTMENT,314,2026-07-30,REF25953,Cathy Alvarez
INV001318,WH004,PRD00047,RETURN,380,2026-04-05,REF39434,Laura Ramos
INV001319,WH012,PRD00050,Outbound,112,2026-03-30,REF53086,Debbie Holloway
INV001320,WH002,PRD00059,inbound,526,2026-04-08,REF86685,Dr. Nicole Harper DDS
INV001321,WH004,PRD00146,INBOUND,461,2026-08-04,REF35767,David Bell
INV001322,WH008,PRD00024,ADJUSTMENT,926,2026-08-05,REF13099,Joseph Buck
INV001323,WH012,PRD00106,Outbound,955,2026-04-29,REF71207,Jessica Richards
INV001324,WH007,PRD00104,ADJUSTMENT,910,2026-05-19,REF74515,Roy Friedman
INV001325,WH001,PRD00112,Outbound,220,2026-07-03,REF79101,Philip Bird
INV001326,WH005,PRD00136,RETURN,765,2026-04-16,REF49373,Elizabeth Gutierrez
INV001327,WH004,PRD00118,INBOUND,162,2026-05-25,REF66383,Kelly Bell
INV001328,WH015,PRD00099,ADJUSTMENT,291,2026-08-07,REF23478,Sean Lucas
INV001329,WH006,PRD00048,RETURN,39,2026-05-27,REF57768,Crystal Martin
INV001330,,PRD00060,Outbound,920,2026-04-07,REF35856,Fred Flores
INV001331,WH010,PRD00074,ADJUSTMENT,758,2026-04-24,REF28225,Robert Howard
INV001332,WH009,PRD00062,OUTBOUND,689,2026-04-07,REF67734,James Kelly
INV001333,WH002,PRD00051,INBOUND,279,2026-04-26,REF14085,Richard Banks
INV001334,WH012,PRD00137,Outbound,949,2026-05-10,REF99355,Zachary Livingston
INV001335,WH002,PRD00065,inbound,680,2026-06-03,REF45435,Mike Green
INV001336,WH012,PRD00142,ADJUSTMENT,689,2026-03-25,REF29361,Mikayla Brown
INV001337,WH002,PRD00010,OUTBOUND,190,2026-05-27,REF31304,Miss Tammy Richards
INV001338,WH010,PRD00024,RETURN,524,2026-07-18,REF77471,Dylan Miller
INV001339,WH013,PRD00083,OUTBOUND,113,2026-08-13,REF73167,Catherine Williams MD
INV001340,WH011,PRD00007,ADJUSTMENT,90,2026-04-10,REF17819,Lisa Rivera
INV001341,WH013,PRD00003,inbound,761,2026-06-30,REF49814,Gene Adams
INV001342,WH001,PRD00047,RETURN,153,2026-05-24,REF19949,Ryan Miller
INV001343,WH007,PRD00007,RETURN,332,2026-04-23,REF63994,Lee Stanley
INV001344,WH005,PRD00037,INBOUND,699,2026-04-23,REF23826,Melissa Allen
INV001345,WH014,PRD00123,RETURN,60,2026-07-08,REF71376,Craig Sandoval
INV001346,WH001,PRD00051,inbound,378,2026-08-06,REF91428,Miranda Clark
INV001347,WH005,PRD00050,inbound,492,2026-06-23,REF61082,Stephanie Byrd
INV001348,WH013,PRD00115,inbound,139,2026-03-20,REF57556,Matthew Harris
INV001349,WH005,PRD00024,INBOUND,641,2026-05-13,REF46888,Jill Sullivan
INV001350,WH009,PRD00018,INBOUND,327,2026-04-16,REF65119,Theresa Li
INV001351,WH001,PRD00034,RETURN,274,2026-06-09,REF57625,Megan Cross
INV001352,WH008,PRD00033,Outbound,52,2026-04-23,REF14522,Michael Martinez
INV001353,WH008,PRD00086,OUTBOUND,907,2026-07-18,REF37312,Amanda Lee
INV001354,WH008,PRD00028,Outbound,595,2026-04-18,REF95684,Jeremy Jackson
INV001355,WH011,PRD00049,inbound,901,2026-03-23,REF40539,Zachary Haley
INV001356,WH006,PRD00076,OUTBOUND,161,2026-03-22,REF53139,Jacob Cruz
INV001357,WH003,PRD00059,inbound,477,2026-06-15,REF71364,Patrick Baldwin
INV001358,WH013,PRD00039,RETURN,244,2026-06-29,REF35122,Sara Walker
INV001359,WH012,PRD00008,INBOUND,242,2026-05-29,REF49062,April Sullivan
INV001360,WH007,PRD00009,INBOUND,331,2026-07-06,REF38347,Jennifer Porter
INV001361,WH011,PRD00125,Outbound,580,2026-04-02,REF56100,Robert Colon
INV001362,WH001,PRD00080,RETURN,152,2026-07-28,REF60284,Kimberly Hammond
INV001363,WH005,PRD00086,Outbound,560,2026-06-09,REF73753,Douglas Davis
INV001364,WH009,PRD00104,INBOUND,670,2026-04-20,REF40485,Mrs. Brenda Anderson
INV001365,WH014,PRD00009,inbound,229,2026-03-20,REF47743,Joshua Collins
INV001366,WH003,PRD00079,Outbound,565,2026-04-09,REF99615,Lisa Park
INV001367,WH002,PRD00024,Outbound,267,2026-06-23,REF66003,Melissa Sims
INV001368,WH009,PRD00001,ADJUSTMENT,299,2026-06-15,REF45509,Mark Moore
INV001369,WH003,PRD00067,ADJUSTMENT,743,2026-06-20,REF78672,Shaun Smith
INV001370,WH007,PRD00064,RETURN,405,2026-03-23,REF84981,Andrew Kelley
INV001371,WH015,PRD00046,RETURN,302,2026-06-10,REF36738,Christopher Bennett
INV001372,WH001,PRD00104,OUTBOUND,1,2026-08-15,REF90490,William Warren
INV001373,WH009,PRD00021,INBOUND,779,2026-07-08,REF15017,Kirk Burton
INV001374,WH004,PRD00047,INBOUND,489,2026-05-07,REF39214,Steven Mcdonald
INV001375,WH011,PRD00021,INBOUND,983,2026-07-27,REF16365,Elizabeth Hale
INV001376,WH003,PRD00063,inbound,72,2026-06-04,REF85740,William Hendricks
INV001377,WH011,PRD00086,ADJUSTMENT,914,2026-04-18,REF55682,Andrew Ortiz
INV001378,WH011,PRD00014,ADJUSTMENT,92,2026-05-05,REF19914,Elizabeth Butler
INV001379,WH002,PRD00084,Outbound,229,2026-06-28,REF88023,John Griffin
INV001380,WH015,PRD00003,Outbound,218,2026-04-29,REF65624,Casey Clarke MD
INV001381,WH013,PRD00055,INBOUND,119,2026-05-12,REF61648,Molly Smith
INV001382,WH011,PRD00090,OUTBOUND,190,2026-06-16,REF73670,Dawn Diaz
INV001383,WH005,PRD00091,INBOUND,739,2026-05-27,REF79645,Albert Torres
INV001384,WH013,PRD00141,Outbound,806,2026-04-14,REF46961,Jamie Burgess
INV001385,WH013,PRD00125,OUTBOUND,620,2026-04-11,REF22441,Keith Villegas
INV001386,WH010,PRD00011,Outbound,449,2026-05-25,REF52019,Bianca Webb
INV001387,WH010,PRD00056,INBOUND,237,2026-07-18,REF98531,Alan Webster
INV001388,WH006,PRD00072,INBOUND,619,2026-06-07,REF27409,Diana Garrett
INV001389,WH010,PRD00026,RETURN,687,2026-05-22,REF47630,Isaac White
INV001390,WH014,PRD00137,RETURN,180,2026-04-23,REF17813,Todd Rojas
INV001391,WH006,PRD00076,Outbound,427,2026-06-29,REF83996,Krystal Green
INV001392,WH002,PRD00042,RETURN,177,2026-06-19,REF54622,Chase Craig DDS
INV001393,WH011,PRD00028,Outbound,945,2026-04-30,REF84283,Alexandra Brock
INV001394,WH006,PRD00074,Outbound,795,2026-07-24,REF81439,Connor Jackson
INV001395,WH007,PRD00047,inbound,843,2026-07-31,REF78567,Bryan Watkins
INV001396,WH012,PRD00073,Outbound,558,2026-03-20,REF53888,Joshua Case
INV001397,WH006,PRD00110,Outbound,269,2026-05-13,REF89091,Peter Crawford
INV001398,WH015,PRD00074,ADJUSTMENT,801,2026-05-19,REF50351,Todd Cruz
INV001399,WH008,PRD00037,Outbound,940,2026-07-10,REF26942,Sabrina Herrera
INV001400,WH002,PRD00038,RETURN,366,2026-06-08,REF24427,Diana Fox
