shipment_id,order_ref,warehouse_id,customer_id,vehicle_id,carrier,ship_date,expected_delivery_date,actual_delivery_date,distance_km,weight_kg,freight_cost_usd,status,origin_city,destination_city
SHP001411,ORD000415,WH012,CUST00361,VEH0021,In-house Fleet,2026-02-24,2026-02-28,2026-02-28,1965.2,2449.2,757.56,Out for Delivery,Hamburg,Jamesborough
SHP000017,ORD000571,WH005,CUST00020,VEH0053,FedEx,2026-08-12,2026-08-17,2026-08-17,1654.2,1839.9,1682.93,Delivered,Rotterdam,Alexishaven
SHP001093,ORD000193,WH006,CUST00441,VEH0059,XPO Logistics,2026-03-06,2026-03-16,2026-03-16,62.0,4640.2,3529.94,Delayed,Atlanta,Justinmouth
SHP000784,ORD000381,wh007,CUST00179,VEH0006,BlueDart,2026-03-13,2026-03-22,2026-03-22,1075.1,3270.9,1097.41,Delivered,Delhi,North Shawnberg
SHP001146,ORD001033,WH008,CUST00083,VEH0010,XPO Logistics,2026-04-28,2026-05-07,2026-05-07,537.1,4844.9,2257.69,In Transit,Singapore,East James
SHP001055,ORD000736,WH008,CUST00006,VEH0037,FedEx,2026-03-28,2026-03-31,2026-03-31,844.6,3853.0,624.66,In Transit,Singapore,Davidfurt
SHP000403,ORD000545,WH002,CUST00004,VEH0060,FedEx,2026-04-25,2026-04-28,2026-04-28,314.8,485.4,1931.83,Cancelled,Singapore,Lake Richardland
SHP000638,ORD001104,WH008,CUST00414,VEH0018,Delhivery,2026-07-05,2026-07-12,2026-07-12,2434.4,1777.3,3315.87,Delivered,Singapore,Beverlychester
SHP000895,ORD001121,WH004,CUST00053,VEH0015,XPO Logistics,2026-04-19,2026-04-28,2026-04-28,777.3,1689.0,2236.83,In Transit,Columbus,Jacquelinefurt
SHP001035,ORD000492,WH015,CUST00480,VEH0039,DHL,2026-07-24,2026-07-31,2026-07-31,1075.0,2058.0,2525.93,Delivered,Atlanta,Matthewbury
SHP000472,ORD000002,WH011,CUST00577,VEH0056,Delhivery,2026-04-01,2026-04-11,2026-04-11,1322.7,1231.8,174.39,Delivered,Newark,Dorismouth
SHP001014,ORD000621,WH008,CUST00193,VEH0039,BlueDart,2026-05-14,2026-05-20,2026-05-20,167.3,874.3,3497.72,Delivered,Singapore,Jeremyview
SHP000084,ORD000655,WH005,CUST00363,VEH0055,FedEx,2026-07-13,2026-07-23,2026-07-23,1094.8,4730.2,2231.44,In Transit,Rotterdam,Allenbury
SHP000730,ORD001144,WH010,CUST00599,VEH0015,XPO Logistics,2026-07-21,2026-08-01,2026-08-01,2503.7,2850.3,551.6,Delayed,Newark,Tammyburgh
SHP001167,ORD000582,WH006,CUST00117,VEH0018,In-house Fleet,2026-04-24,2026-04-28,,2179.6,4961.4,279.56,In Transit,Atlanta,New Jose
SHP001221,ORD000346,WH013,CUST00556,VEH0057,DHL,2026-04-20,2026-04-29,2026-04-29,2696.3,1983.3,2027.02,In Transit,Chennai,West Jorgebury
SHP000822,ORD000298,WH003,CUST00004,VEH0027,Delhivery,2026-03-08,2026-03-20,2026-03-20,2666.8,3492.2,2158.89,Out for Delivery,Columbus,East Francisview
SHP000071,ORD001169,WH011,CUST00567,VEH0024,XPO Logistics,2026-06-18,2026-06-27,2026-06-27,-16.6,3245.5,3271.72,Delayed,Newark,Dennismouth
SHP000493,ORD000681,WH009,CUST00231,VEH0035,BlueDart,2026-07-07,2026-07-17,,2725.2,1139.0,1727.73,In Transit,Atlanta,South Emma
SHP000998,ORD000785,WH015,CUST00348,VEH0055,XPO Logistics,2026-05-25,2026-06-02,2026-06-02,-33.9,3297.9,1993.96,Out for Delivery,Atlanta,Port Kimberly
SHP000894,ORD000196,WH004,CUST00596,VEH0025,Delhivery,2026-06-02,2026-06-07,2026-06-07,2051.0,4841.7,1142.86,Delayed,Columbus,Williamsbury
SHP000821,ORD001146,WH001,CUST00303,VEH0048,Delhivery,2026-03-03,2026-03-09,2026-03-09,475.6,3591.2,269.88,Delivered,Chennai,Lake Linda
SHP000222,ORD000329,WH004,CUST00001,VEH0002,BlueDart,2026-04-27,2026-05-04,2026-05-04,766.1,3877.0,3944.39,In Transit,Columbus,Port Nicole
SHP000578,ORD000053,WH007,CUST00173,VEH0041,XPO Logistics,2026-07-07,2026-07-11,2026-07-11,2850.8,4139.3,896.35,Out for Delivery,Delhi,Fullermouth
SHP001060,ORD000015,WH010,CUST00044,VEH0041,BlueDart,2026-02-16,2026-02-27,2026-02-27,1904.9,2494.9,1294.08,Cancelled,Newark,Lorihaven
SHP001409,ORD000089,WH008,CUST00303,VEH0057,DHL,2026-04-08,2026-04-10,2026-04-10,2937.1,3151.2,2265.59,In Transit,Singapore,Lake Jessica
SHP000634,ORD000431,WH001,CUST00094,VEH0021,FedEx,2026-05-29,2026-06-06,2026-06-06,2773.7,1263.3,3091.97,Out for Delivery,Chennai,South Madeline
SHP000070,ORD000627,WH006,CUST00577,VEH0022,In-house Fleet,2026-05-26,2026-06-05,2026-06-05,218.1,1074.9,2386.1,Cancelled,Atlanta,Elizabethport
SHP000698,ORD000270,WH007,CUST00425,VEH0047,DHL,2026-04-05,2026-04-13,2026-04-13,-29.6,1910.3,2967.37,Delayed,Delhi,Garnerbury
SHP001324,ORD000004,WH004,CUST00430,VEH0039,FedEx,2026-05-29,2026-05-31,2026-05-31,2807.4,94.6,2304.15,Delivered,Columbus,Port Jennifer
SHP000510,ORD001102,WH007,CUST00354,VEH0054,XPO Logistics,2026-06-13,2026-06-24,2026-06-24,2706.2,490.1,935.18,Delivered,Delhi,East Ronald
SHP000062,ORD000779,WH006,CUST00146,VEH0031,XPO Logistics,2026-08-11,2026-08-12,2026-08-12,356.3,3884.9,938.78,In Transit,Atlanta,South Charleston
SHP001262,ORD000099,WH009,CUST00037,VEH0034,FedEx,2026-03-04,2026-03-14,2026-03-14,1169.0,1802.5,936.16,Delivered,Atlanta,East Kathy
SHP000356,ORD000521,WH001,CUST00437,VEH0037,Delhivery,2026-04-09,2026-04-14,2026-04-14,319.9,1975.2,1221.77,Delivered,Chennai,Port Mandyland
SHP001070,ORD000567,WH006,CUST00510,VEH0022,BlueDart,2026-03-17,2026-03-22,2026-03-22,1352.2,2013.9,896.11,Delayed,Atlanta,Timothyborough
SHP000819,ORD001055,WH009,CUST00144,VEH0030,In-house Fleet,2026-05-27,2026-06-05,2026-06-05,1494.5,1230.2,427.72,Out for Delivery,Atlanta,Adamton
SHP001116,ORD000597,WH002,CUST00110,VEH0044,BlueDart,2026-07-25,2026-07-30,2026-07-30,1869.5,1945.8,2812.01,Delivered,Singapore,Port Mark
SHP001461,ORD000214,WH004,CUST00567,VEH0059,FedEx,2026-06-05,2026-06-07,,2471.0,3049.0,3282.83,In Transit,Columbus,Bushmouth
SHP000051,ORD000502,WH010,CUST00517,VEH0050,Delhivery,2026-07-23,2026-07-25,2026-07-25,322.4,1499.9,2402.86,Cancelled,Newark,Knappbury
SHP000426,ORD000002,WH001,CUST00261,VEH0055,In-house Fleet,2026-05-01,2026-05-06,2026-05-06,42.6,1431.2,1948.17,Cancelled,Chennai,Michaelshire
SHP001338,ORD000735,WH004,CUST00094,VEH0051,DHL,2026-05-06,2026-05-11,2026-05-11,29.9,3384.4,1969.78,Delayed,Columbus,East Jenniferbury
SHP001436,ORD000512,WH004,CUST00563,VEH0020,XPO Logistics,2026-03-01,2026-03-03,2026-03-03,1494.7,4452.7,2884.61,Delivered,Columbus,East Keith
SHP000870,ORD001198,WH010,CUST00574,VEH0008,BlueDart,2026-05-09,2026-05-17,2026-05-17,532.9,1604.8,2023.49,Delivered,Newark,Amandaborough
SHP000689,ORD000702,WH003,CUST00083,VEH0004,XPO Logistics,2026-05-18,2026-05-24,2026-05-24,726.8,4164.1,1601.22,Delayed,Columbus,Port Mollyborough
SHP000992,ORD000705,WH005,CUST00582,VEH0046,In-house Fleet,2026-07-24,2026-07-29,,2649.9,4207.4,1728.89,In Transit,Rotterdam,New Andreamouth
SHP000611,ORD000471,WH012,CUST00356,VEH0012,In-house Fleet,2026-03-22,2026-03-23,2026-03-23,1710.0,3161.4,3177.62,Delivered,Hamburg,South Mathew
SHP000270,ORD000931,WH011,CUST00407,VEH0023,Delhivery,2026-04-22,2026-04-28,2026-04-28,822.3,248.4,1281.01,Delivered,Newark,Andrewhaven
SHP000104,ORD001092,WH013,CUST00318,VEH0012,In-house Fleet,2026-08-14,2026-08-26,2026-08-26,1960.7,4372.2,3447.32,Delivered,Chennai,Port Felicia
SHP000607,ORD001007,WH003,CUST00378,VEH0018,XPO Logistics,2026-07-13,2026-07-25,,2194.5,620.8,3806.34,In Transit,Columbus,Welchport
SHP000240,ORD001137,WH001,CUST00327,VEH0029,Delhivery,2026-06-25,2026-06-26,2026-06-26,2552.3,4768.4,3334.35,In Transit,Chennai,Port Kenneth
SHP001451,ORD000436,WH008,CUST00199,VEH0012,BlueDart,2026-07-06,2026-07-12,2026-07-12,1186.5,1421.5,3337.93,In Transit,Singapore,North Anneland
SHP000189,ORD000171,WH010,CUST00567,VEH0056,In-house Fleet,2026-05-28,2026-06-05,2026-06-05,404.7,1221.8,66.19,Delayed,Newark,Jeremiahstad
SHP000711,ORD000663,wh012,CUST00188,VEH0012,In-house Fleet,2026-06-04,2026-06-09,2026-06-09,915.5,320.3,2449.71,Delayed,Hamburg,Lake Jonathan
SHP001270,ORD000095,WH013,CUST00170,VEH0022,BlueDart,2026-07-20,2026-08-01,2026-08-01,1491.0,843.6,2912.96,Delivered,Chennai,Toddborough
SHP000304,ORD000662,WH006,CUST00283,VEH0058,XPO Logistics,2026-03-29,2026-03-30,2026-03-30,2688.1,1616.6,3087.06,Out for Delivery,Atlanta,Davidbury
SHP000473,ORD000769,WH011,CUST00447,VEH0004,Delhivery,2026-07-02,2026-07-09,2026-07-09,860.6,4887.0,898.77,Cancelled,Newark,Lauraberg
SHP001197,ORD000225,WH004,CUST00343,VEH0011,XPO Logistics,2026-04-17,2026-04-23,2026-04-23,402.7,1925.4,405.99,Delayed,Columbus,Keithbury
SHP000530,ORD000864,WH002,CUST00482,VEH0043,XPO Logistics,2026-05-02,2026-05-07,,1190.7,3570.8,649.32,In Transit,Singapore,East Javierberg
SHP001487,ORD000683,WH013,CUST00107,VEH0057,In-house Fleet,2026-07-25,2026-08-01,2026-08-01,1181.3,4948.4,3149.74,Delivered,Chennai,South Andrebury
SHP000086,ORD001165,WH001,CUST00232,VEH0031,DHL,2026-05-01,2026-05-05,2026-05-05,621.7,2450.6,134.59,In Transit,Chennai,North Mark
SHP000401,ORD000469,WH001,CUST00210,VEH0025,DHL,2026-02-27,2026-03-04,2026-03-04,1473.5,577.8,779.47,Delivered,Chennai,Fordmouth
SHP001424,ORD000828,WH011,CUST00039,VEH0052,DHL,2026-03-22,2026-04-02,2026-04-02,2710.3,4853.4,2617.22,In Transit,Newark,Kellyhaven
SHP000440,ORD001005,WH007,CUST00325,VEH0051,In-house Fleet,2026-03-31,2026-04-12,,673.1,4370.8,983.04,In Transit,Delhi,East Gary
SHP000855,ORD000910,WH013,CUST00522,VEH0026,DHL,2026-05-24,2026-05-30,2026-05-30,957.9,3213.0,295.18,Delivered,Chennai,North Thomas
SHP000734,ORD000557,WH010,CUST00482,VEH0005,In-house Fleet,2026-05-18,2026-05-29,2026-05-29,198.3,3114.6,3987.08,Delayed,Newark,Alyssaland
SHP001102,ORD000432,WH006,CUST00013,VEH0018,Delhivery,2026-03-03,2026-03-06,2026-03-06,2615.7,1434.7,593.54,Delivered,Atlanta,Lewisborough
SHP000655,ORD000366,WH013,CUST00511,VEH0051,Delhivery,2026-05-05,2026-05-11,2026-05-11,2822.9,2385.0,1824.13,Cancelled,Chennai,North Erinberg
SHP001305,ORD000187,WH003,CUST00527,VEH0051,In-house Fleet,2026-05-09,2026-05-10,2026-05-10,2119.1,1825.2,88.67,Out for Delivery,Columbus,East Jeffery
SHP000230,ORD000584,WH006,CUST00415,VEH0009,In-house Fleet,2026-02-21,2026-03-05,2026-03-05,1270.1,3865.9,1761.85,Delayed,Atlanta,Lake Oliviatown
SHP000195,ORD000006,WH010,CUST00078,VEH0002,Delhivery,2026-04-24,2026-04-30,2026-04-30,2421.7,1991.7,1513.08,In Transit,Newark,North Susanville
SHP000005,ORD000406,WH004,CUST00246,VEH0059,Delhivery,2026-07-03,2026-07-07,2026-07-07,399.9,4917.0,1246.46,Cancelled,Columbus,Port Richard
SHP001339,ORD000979,WH004,CUST00205,VEH0043,XPO Logistics,2026-06-27,2026-07-06,2026-07-06,1566.3,1504.7,3988.31,Delivered,Columbus,Aprilchester
SHP000563,ORD000122,WH005,CUST00035,VEH0032,FedEx,2026-06-30,2026-07-07,2026-07-07,1112.0,30.3,1414.36,Delayed,Rotterdam,Lake Jeffreyland
SHP001475,ORD001141,WH009,CUST00599,VEH0003,Delhivery,2026-07-05,2026-07-17,2026-07-17,1135.3,1193.9,255.46,Delivered,Atlanta,West Aprilmouth
SHP000950,ORD001060,WH005,CUST00029,VEH0050,In-house Fleet,2026-07-01,2026-07-13,2026-07-13,-44.5,4569.5,3528.65,Delayed,Rotterdam,Brianshire
SHP000852,ORD000606,WH007,CUST00261,VEH0048,In-house Fleet,2026-02-27,2026-03-06,2026-03-06,1995.1,2009.0,3721.47,Out for Delivery,Delhi,Lopeztown
SHP001201,ORD000730,WH004,CUST00261,VEH0039,FedEx,2026-05-30,2026-06-08,2026-06-08,165.5,2463.1,1577.3,Cancelled,Columbus,Lake Kimberly
SHP000762,ORD000900,WH005,CUST00533,VEH0036,XPO Logistics,2026-02-21,2026-03-03,2026-03-03,58.6,4016.3,3928.3,Out for Delivery,Rotterdam,Calderonmouth
SHP001390,ORD000842,WH007,CUST00560,VEH0012,DHL,2026-02-18,2026-02-23,2026-02-23,930.1,177.1,2965.19,Delivered,Delhi,Carolshire
SHP001348,ORD000920,WH003,CUST00062,VEH0016,DHL,2026-04-05,2026-04-13,2026-04-13,2824.4,3539.4,788.87,Delivered,Columbus,North Julianmouth
SHP000976,ORD000042,WH003,CUST00119,VEH0003,BlueDart,2026-07-29,2026-08-08,2026-08-08,151.2,4754.7,475.62,Delivered,Columbus,Port Markville
SHP000603,ORD000946,WH014,CUST00093,VEH0042,In-house Fleet,2026-05-22,2026-05-23,2026-05-23,1317.9,3763.9,1513.33,Delivered,Atlanta,New Kristy
SHP000486,ORD000424,WH013,CUST00163,VEH0037,FedEx,2026-07-01,2026-07-10,2026-07-10,2545.6,4941.4,2543.81,Delayed,Chennai,South Michaelchester
SHP000987,ORD001139,WH008,CUST00560,VEH0057,XPO Logistics,2026-03-10,2026-03-19,2026-03-19,1535.7,2704.5,2274.92,Delayed,Singapore,Benjaminside
SHP000425,ORD000760,WH001,CUST00455,VEH0012,BlueDart,2026-04-18,2026-04-26,2026-04-26,1559.9,4354.4,2374.81,Out for Delivery,Chennai,North Stephaniebury
SHP000344,ORD001127,WH001,CUST00106,VEH0008,FedEx,2026-03-29,2026-04-07,,1812.1,2847.5,2375.17,In Transit,Chennai,Davidview
SHP000479,ORD000705,WH004,CUST00408,VEH0025,BlueDart,2026-06-20,2026-06-27,2026-06-27,1552.0,1010.4,589.46,Delivered,Columbus,Kelliberg
SHP000593,ORD000267,WH005,CUST00269,VEH0031,XPO Logistics,2026-03-09,2026-03-12,2026-03-12,1598.6,634.6,3132.42,Delivered,Rotterdam,West Robert
SHP001412,ORD000817,WH001,CUST00204,VEH0059,DHL,2026-04-21,2026-05-03,2026-05-03,481.3,4030.1,2236.74,Delivered,Chennai,Kaitlynhaven
SHP001095,ORD000673,WH014,CUST00557,VEH0052,DHL,2026-03-05,2026-03-08,2026-03-08,783.0,4672.7,3837.8,Out for Delivery,Atlanta,West Crystalton
SHP001151,ORD000876,WH008,CUST00199,VEH0023,Delhivery,2026-04-24,2026-05-06,2026-05-06,2252.6,2957.3,1556.46,Delivered,Singapore,West Colinfort
SHP001236,ORD000947,WH004,CUST00435,VEH0056,DHL,2026-05-23,2026-05-30,2026-05-30,924.9,601.4,3650.86,Out for Delivery,Columbus,Sarafurt
SHP001019,ORD001020,WH001,CUST00330,VEH0055,DHL,2026-08-01,2026-08-06,2026-08-06,1383.0,3796.8,2477.04,Cancelled,Chennai,Port Andrew
SHP000322,ORD000613,WH015,CUST00165,VEH0008,FedEx,2026-03-01,2026-03-03,2026-03-03,1139.0,1522.1,3425.0,In Transit,Atlanta,Lake Bryanshire
SHP000752,ORD000465,WH007,CUST00481,VEH0027,BlueDart,2026-05-20,2026-05-22,2026-05-22,1370.1,4792.4,3113.49,Cancelled,Delhi,Theodoreside
SHP000717,ORD000525,WH007,CUST00120,VEH0024,BlueDart,2026-03-19,2026-03-25,2026-03-25,2300.9,3615.2,1170.56,In Transit,Delhi,Jerrymouth
SHP000457,ORD000823,WH011,CUST00141,VEH0060,DHL,2026-04-06,2026-04-17,2026-04-17,1823.7,3174.1,401.45,Delivered,Newark,Norrisport
SHP000945,ORD000789,WH005,CUST00327,VEH0039,BlueDart,2026-06-09,2026-06-20,2026-06-20,177.1,4031.1,787.21,Delayed,Rotterdam,Millerburgh
SHP001028,ORD000317,WH009,CUST00478,VEH0028,Delhivery,2026-05-03,2026-05-11,2026-05-11,1526.9,744.3,441.68,Out for Delivery,Atlanta,Michellefurt
SHP000100,ORD000327,WH007,CUST00310,VEH0012,DHL,2026-07-18,2026-07-20,2026-07-20,1318.7,1624.5,3698.53,Delayed,Delhi,Starkmouth
SHP001056,ORD001069,WH014,CUST00459,VEH0006,In-house Fleet,2026-02-24,2026-02-25,2026-02-25,29.3,4529.9,2082.74,Out for Delivery,Atlanta,Dawnmouth
SHP000877,ORD000263,WH010,CUST00090,VEH0010,In-house Fleet,2026-06-08,2026-06-17,2026-06-17,1828.6,2853.9,2882.0,Delivered,Newark,East Angelafort
SHP000267,ORD001123,wh001,CUST00049,VEH0029,In-house Fleet,2026-03-03,2026-03-10,2026-03-10,2101.2,197.0,1070.43,Delayed,Chennai,Richardberg
SHP000594,ORD000802,WH006,CUST00234,VEH0014,Delhivery,2026-08-09,2026-08-17,,2882.6,3196.2,2891.81,In Transit,Atlanta,New Jenniferfurt
SHP000351,ORD000316,WH011,CUST00191,VEH0043,BlueDart,2026-05-04,2026-05-09,2026-05-09,510.7,1249.9,292.29,Out for Delivery,Newark,Port Tara
SHP000850,ORD000940,WH010,CUST00312,VEH0022,FedEx,2026-03-28,2026-03-29,2026-03-29,1830.3,2178.3,1614.97,Delivered,Newark,New Robinfort
SHP000596,ORD000855,WH005,CUST00018,VEH0049,Delhivery,2026-07-08,2026-07-13,2026-07-13,671.7,572.3,3605.94,Delivered,Rotterdam,Shafferport
SHP001159,ORD000787,WH003,CUST00354,VEH0056,Delhivery,2026-06-06,2026-06-16,,454.3,2509.3,2633.44,In Transit,Columbus,Crystalport
SHP000171,ORD000763,wh003,CUST00508,VEH0025,XPO Logistics,2026-07-29,2026-08-07,2026-08-07,546.1,3531.1,3539.66,In Transit,Columbus,North Emily
SHP001375,ORD000855,WH007,CUST00263,VEH0025,Delhivery,2026-07-27,2026-08-01,2026-08-01,1764.7,4589.2,1026.58,Cancelled,Delhi,Williamsbury
SHP000353,ORD000736,WH010,CUST00316,VEH0032,BlueDart,2026-05-09,2026-05-16,2026-05-16,2581.6,1150.1,1510.77,Delivered,Newark,Calderonbury
SHP001471,ORD000465,WH015,CUST00308,VEH0041,FedEx,2026-03-19,2026-03-22,2026-03-22,1584.3,3634.8,1038.97,Cancelled,Atlanta,West Tonistad
SHP000325,ORD000335,WH005,CUST00362,VEH0056,In-house Fleet,2026-08-10,2026-08-13,2026-08-13,1186.7,999.6,136.17,Delivered,Rotterdam,Lake Joshuaberg
SHP001013,ORD000384,WH010,CUST00461,VEH0047,Delhivery,2026-08-12,2026-08-17,,1354.9,4454.2,2246.36,In Transit,Newark,Paulport
SHP000745,ORD000961,WH015,CUST00462,VEH0036,XPO Logistics,2026-07-16,2026-07-24,2026-07-24,76.1,3031.8,1677.18,In Transit,Atlanta,New Jeremychester
SHP000194,ORD000042,WH013,CUST00013,VEH0009,XPO Logistics,2026-07-10,2026-07-12,2026-07-12,1179.7,1778.6,2775.06,In Transit,Chennai,Dominguezberg
SHP000647,ORD000053,WH014,CUST00002,VEH0055,DHL,2026-06-17,2026-06-29,2026-06-29,1632.5,4573.6,3858.95,Delivered,Atlanta,Phillipsfort
SHP000379,ORD000663,WH014,CUST00121,VEH0045,Delhivery,2026-04-30,2026-05-03,2026-05-03,722.3,4425.1,3480.92,Delivered,Atlanta,Lopezburgh
SHP000886,ORD000659,WH006,CUST00570,VEH0059,FedEx,2026-04-23,2026-05-04,2026-05-04,2559.4,4826.0,2848.8,Delivered,Atlanta,West Bradley
SHP001396,ORD000744,WH003,CUST00018,VEH0055,XPO Logistics,2026-03-29,2026-04-02,,2737.7,3349.3,1391.98,In Transit,Columbus,New Danielchester
SHP001358,ORD000828,WH013,CUST00498,VEH0026,Delhivery,2026-04-18,2026-04-30,,2051.6,1026.2,2715.94,In Transit,Chennai,Jonathanfurt
SHP001402,ORD000119,WH013,CUST00463,VEH0059,XPO Logistics,2026-02-27,2026-03-05,2026-03-05,1696.2,2430.1,1979.49,Delivered,Chennai,Brownport
SHP000390,ORD001061,WH004,CUST00553,VEH0006,XPO Logistics,2026-04-08,2026-04-15,2026-04-15,1240.3,4282.5,1274.82,Out for Delivery,Columbus,Lake Erin
SHP000977,ORD000343,WH002,CUST00409,VEH0056,In-house Fleet,2026-03-06,2026-03-14,,1511.5,4036.7,2221.07,In Transit,Singapore,Donaldhaven
SHP000747,ORD000459,WH002,CUST00058,VEH0037,Delhivery,2026-06-10,2026-06-15,2026-06-15,1820.2,2376.9,1178.68,Delivered,Singapore,Wrightside
SHP000791,ORD000663,WH010,CUST00413,VEH0002,FedEx,2026-07-08,2026-07-16,2026-07-16,2083.0,4597.7,133.35,Delivered,Newark,Ashleyborough
SHP000264,ORD000079,WH005,CUST00038,VEH0004,XPO Logistics,2026-08-01,2026-08-10,2026-08-10,2254.7,2115.0,3113.05,Delivered,Rotterdam,Millerburgh
SHP000973,ORD000189,WH010,CUST00198,VEH0049,Delhivery,2026-04-05,2026-04-06,2026-04-06,2655.0,4249.4,3053.08,Out for Delivery,Newark,Smithfurt
SHP001473,ORD000720,WH004,CUST00270,VEH0038,XPO Logistics,2026-08-12,2026-08-14,2026-08-14,1704.8,790.9,3115.45,Delivered,Columbus,East Jillianburgh
SHP000340,ORD000962,WH001,CUST00068,VEH0016,DHL,2026-04-08,2026-04-19,2026-04-19,1926.2,1586.2,656.05,Out for Delivery,Chennai,Bethchester
SHP001113,ORD001177,WH015,CUST00265,VEH0008,In-house Fleet,2026-08-12,2026-08-17,2026-08-17,2395.1,1519.7,2201.48,Delivered,Atlanta,Lake Ericbury
SHP000141,ORD001093,WH012,CUST00252,VEH0019,FedEx,2026-03-30,2026-04-02,2026-04-02,282.7,4109.9,3812.58,Delivered,Hamburg,Lake Brandonstad
SHP000291,ORD000031,WH004,CUST00458,VEH0049,XPO Logistics,2026-02-17,2026-02-22,2026-02-22,1712.9,3674.5,2966.06,Delivered,Columbus,Martinezberg
SHP000333,ORD000692,WH010,CUST00333,VEH0051,BlueDart,2026-04-28,2026-05-02,2026-05-02,1344.7,4121.8,2680.41,Delivered,Newark,Ramirezborough
SHP001374,ORD000113,WH002,CUST00209,VEH0060,FedEx,2026-02-28,2026-03-03,2026-03-03,714.6,4365.1,3702.39,Delivered,Singapore,Perkinsfurt
SHP001399,ORD000907,WH008,CUST00394,VEH0001,XPO Logistics,2026-07-26,2026-08-03,2026-08-03,871.7,3235.5,1021.89,Out for Delivery,Singapore,Kristenton
SHP001465,ORD000315,WH015,CUST00242,VEH0011,BlueDart,2026-05-16,2026-05-25,2026-05-25,1577.1,1838.0,2648.51,Delayed,Atlanta,Williamland
SHP000738,ORD000409,WH012,CUST00230,VEH0053,XPO Logistics,2026-06-25,2026-07-04,2026-07-04,2810.2,2219.0,2646.84,Delivered,Hamburg,East Erika
SHP000820,ORD000026,WH009,CUST00032,VEH0016,XPO Logistics,2026-04-15,2026-04-22,2026-04-22,295.1,780.2,3166.33,Delivered,Atlanta,West David
SHP000317,ORD001152,WH012,CUST00263,VEH0019,DHL,2026-02-16,2026-02-19,2026-02-19,2374.6,1794.9,178.84,Delayed,Hamburg,South Markmouth
SHP001090,ORD000828,WH010,CUST00353,VEH0040,FedEx,2026-05-11,2026-05-20,,904.8,1259.5,3090.36,In Transit,Newark,South Patrick
SHP000199,ORD001065,WH014,CUST00180,VEH0021,BlueDart,2026-06-07,2026-06-12,2026-06-12,2465.9,1090.6,2114.71,Delivered,Atlanta,Jessicastad
SHP000217,ORD001055,WH012,CUST00486,VEH0022,BlueDart,2026-04-03,2026-04-05,2026-04-05,1447.4,1940.2,3098.06,Delivered,Hamburg,East Alexandrashire
SHP001442,ORD000623,wh009,CUST00386,VEH0047,XPO Logistics,2026-08-05,2026-08-09,2026-08-09,1063.9,4272.8,1120.73,Out for Delivery,Atlanta,Port Anthony
SHP001450,ORD000023,wh013,CUST00062,VEH0035,BlueDart,2026-06-14,2026-06-21,2026-06-21,2755.1,587.3,1276.16,In Transit,Chennai,Franklinhaven
SHP001488,ORD000623,WH013,CUST00222,VEH0045,XPO Logistics,2026-07-23,2026-07-26,2026-07-26,1554.0,2353.2,937.14,Delivered,Chennai,Priceview
SHP000867,ORD001171,WH007,CUST00380,VEH0052,In-house Fleet,2026-02-19,2026-02-20,,2272.7,898.4,3474.91,In Transit,Delhi,Brownberg
SHP000816,ORD000476,WH006,CUST00562,VEH0031,XPO Logistics,2026-05-19,2026-05-31,2026-05-31,2048.0,2796.3,2027.16,Delivered,Atlanta,Benitezberg
SHP000132,ORD000886,WH015,CUST00181,VEH0031,Delhivery,2026-05-12,2026-05-18,2026-05-18,1228.5,2014.2,1480.66,Delivered,Atlanta,Lake Willie
SHP001188,ORD001014,wh010,CUST00168,VEH0055,In-house Fleet,2026-04-01,2026-04-08,2026-04-08,287.3,3141.4,1423.77,Out for Delivery,Newark,Jimmyville
SHP000205,ORD000879,WH003,CUST00356,VEH0034,XPO Logistics,2026-04-11,2026-04-16,2026-04-16,2946.2,347.3,2397.7,Delivered,Columbus,New Kenneth
SHP000988,ORD000925,WH014,CUST00558,VEH0014,Delhivery,2026-02-20,2026-02-23,,2208.7,1572.4,908.12,In Transit,Atlanta,Port Victoriaburgh
SHP001108,ORD000768,WH009,CUST00401,VEH0013,BlueDart,2026-04-29,2026-05-01,2026-05-01,2784.7,4626.1,2923.19,Cancelled,Atlanta,Martinstad
SHP000499,ORD000340,WH004,CUST00419,VEH0014,XPO Logistics,2026-07-26,2026-07-31,2026-07-31,217.2,310.2,647.22,Delivered,Columbus,Bautistaton
SHP000318,ORD000526,WH004,CUST00449,VEH0009,DHL,2026-07-12,2026-07-24,2026-07-24,1802.2,1253.2,2005.7,Delayed,Columbus,Robertport
SHP001124,ORD000433,WH015,CUST00094,VEH0045,DHL,2026-08-16,2026-08-27,2026-08-27,2632.6,4735.2,440.37,Delivered,Atlanta,West Darryl
SHP000265,ORD000913,WH013,CUST00121,VEH0043,XPO Logistics,2026-05-23,2026-05-24,2026-05-24,2576.1,888.4,2105.31,Delivered,Chennai,Nelsonborough
SHP001345,ORD000639,WH010,CUST00587,VEH0051,BlueDart,2026-06-12,2026-06-19,2026-06-19,929.5,2294.8,2786.28,In Transit,Newark,New Brian
SHP000839,ORD000976,WH001,CUST00335,VEH0020,In-house Fleet,2026-05-12,2026-05-24,2026-05-24,2328.3,899.9,1827.8,Delayed,Chennai,Lake Michaelborough
SHP000938,ORD000653,WH010,CUST00581,VEH0040,In-house Fleet,2026-04-24,2026-05-02,2026-05-02,1864.1,4680.6,526.96,Out for Delivery,Newark,Port Anthonyhaven
SHP000122,ORD001006,WH008,CUST00132,VEH0057,In-house Fleet,2026-04-13,2026-04-14,,2594.7,3193.1,3161.06,In Transit,Singapore,East Elizabeth
SHP000896,ORD000751,WH013,CUST00513,VEH0015,Delhivery,2026-08-16,2026-08-24,2026-08-24,2860.0,2762.4,3567.81,In Transit,Chennai,West Linda
SHP000712,ORD000045,WH014,CUST00015,VEH0012,In-house Fleet,2026-04-02,2026-04-06,2026-04-06,2603.5,2915.8,1210.56,Cancelled,Atlanta,Estradafort
SHP000158,ORD000594,WH001,CUST00149,VEH0042,BlueDart,2026-04-13,2026-04-21,2026-04-21,2697.6,4990.7,2642.92,Out for Delivery,Chennai,North Gabrielleville
SHP001180,ORD000919,WH003,CUST00206,VEH0044,FedEx,2026-07-15,2026-07-22,2026-07-22,2133.8,328.2,3487.54,Cancelled,Columbus,Schwartzstad
SHP001233,ORD000874,WH009,CUST00165,VEH0045,In-house Fleet,2026-07-18,2026-07-25,2026-07-25,1443.5,3927.1,1045.32,Delivered,Atlanta,Smithside
SHP000613,ORD000003,WH007,CUST00226,VEH0004,In-house Fleet,2026-07-19,2026-07-20,2026-07-20,2413.8,1619.3,3558.38,In Transit,Delhi,East Joanne
SHP000066,ORD000063,WH009,CUST00170,VEH0052,FedEx,2026-05-26,2026-06-06,2026-06-06,-45.1,509.0,1048.48,Delivered,Atlanta,New Matthew
SHP000200,ORD000758,WH010,CUST00511,VEH0015,Delhivery,2026-08-10,2026-08-22,2026-08-22,691.1,4369.0,2975.4,Delivered,Newark,Turnerville
SHP000567,ORD000537,WH011,CUST00312,VEH0005,In-house Fleet,2026-06-02,2026-06-07,2026-06-07,72.2,3488.7,2327.73,Cancelled,Newark,Devinfort
SHP000028,ORD000188,WH008,CUST00009,VEH0059,Delhivery,2026-04-01,2026-04-06,2026-04-06,33.4,381.0,226.36,Out for Delivery,Singapore,Port Elizabeth
SHP001261,ORD000908,WH002,CUST00406,VEH0032,In-house Fleet,2026-04-27,2026-05-09,2026-05-09,2944.8,4625.0,3533.85,Delivered,Singapore,New Tiffany
SHP000108,ORD000377,WH015,CUST00060,VEH0009,DHL,2026-04-28,2026-05-06,2026-05-06,1613.4,2211.8,1440.43,Out for Delivery,Atlanta,West Lindaside
SHP000709,ORD001191,WH004,CUST00038,VEH0036,Delhivery,2026-03-12,2026-03-22,2026-03-22,1627.1,683.5,605.26,Delivered,Columbus,Johnsonside
SHP000151,ORD000875,WH011,CUST00503,VEH0038,DHL,2026-05-03,2026-05-10,2026-05-10,1204.6,466.0,2553.4,Delivered,Newark,South Brittanystad
SHP001071,ORD000569,WH011,CUST00246,VEH0054,DHL,2026-08-08,2026-08-09,2026-08-09,101.0,3692.1,500.51,Out for Delivery,Newark,South Kellyborough
SHP001418,ORD000536,WH011,CUST00175,VEH0014,In-house Fleet,2026-05-26,2026-05-31,2026-05-31,1276.5,835.3,1642.29,Cancelled,Newark,Hernandezville
SHP000412,ORD000122,WH007,CUST00560,VEH0057,DHL,2026-03-30,2026-04-04,2026-04-04,2952.5,201.2,1999.95,Delivered,Delhi,East Gwendolyn
SHP000233,ORD000075,WH011,CUST00177,VEH0043,Delhivery,2026-07-04,2026-07-15,2026-07-15,1139.5,2816.3,3951.64,Delivered,Newark,Brownshire
SHP000624,ORD001071,WH007,CUST00592,VEH0043,Delhivery,2026-06-15,2026-06-27,2026-06-27,1193.5,2734.8,1487.42,Out for Delivery,Delhi,Lake Erika
SHP000375,ORD000106,WH005,CUST00356,VEH0046,In-house Fleet,2026-07-16,2026-07-21,2026-07-21,2232.0,1075.7,3305.93,Delayed,Rotterdam,Floresview
SHP000449,ORD001109,WH010,CUST00432,VEH0022,XPO Logistics,2026-07-08,2026-07-14,,595.9,684.7,2763.74,In Transit,Newark,West Scott
SHP000756,ORD001170,WH001,CUST00045,VEH0036,In-house Fleet,2026-03-07,2026-03-11,2026-03-11,137.6,2889.8,1717.21,Delivered,Chennai,Jacobview
SHP000198,ORD000378,WH012,CUST00191,VEH0046,Delhivery,2026-04-03,2026-04-14,2026-04-14,-2.9,2114.5,2592.75,Delivered,Hamburg,South Marcus
SHP000782,ORD001114,WH001,CUST00393,VEH0029,FedEx,2026-06-14,2026-06-17,2026-06-17,474.5,3308.7,1053.41,Delayed,Chennai,East Yolandaberg
SHP000478,ORD000402,WH013,CUST00307,VEH0039,XPO Logistics,2026-08-03,2026-08-08,2026-08-08,1013.7,2892.5,136.14,Delivered,Chennai,Higginsburgh
SHP000788,ORD001013,WH008,CUST00440,VEH0026,BlueDart,2026-06-01,2026-06-04,2026-06-04,1021.9,4116.6,3540.82,Delivered,Singapore,Lake Roberttown
SHP001310,ORD000336,WH007,CUST00389,VEH0032,XPO Logistics,2026-04-28,2026-05-09,2026-05-09,1130.0,2791.8,2706.79,Delivered,Delhi,Thompsonfurt
SHP000966,ORD000117,WH005,CUST00536,VEH0026,FedEx,2026-06-12,2026-06-16,2026-06-16,873.0,4096.5,112.99,Delayed,Rotterdam,Lisachester
SHP001229,ORD001066,WH008,CUST00483,VEH0008,In-house Fleet,2026-02-24,2026-03-08,,2309.3,3682.3,572.91,In Transit,Singapore,Parksstad
SHP000924,ORD000117,WH003,CUST00587,VEH0014,BlueDart,2026-06-13,2026-06-24,2026-06-24,2371.1,2795.5,971.84,Cancelled,Columbus,Heathermouth
SHP000378,ORD000101,WH009,CUST00124,VEH0020,FedEx,2026-04-20,2026-05-01,,1648.4,762.3,664.25,In Transit,Atlanta,Port Kimberlyshire
SHP000588,ORD000803,WH005,CUST00494,VEH0051,In-house Fleet,2026-05-08,2026-05-15,2026-05-15,1943.4,249.0,336.28,Out for Delivery,Rotterdam,Morganbury
SHP000004,ORD000205,WH004,CUST00471,VEH0004,BlueDart,2026-04-16,2026-04-21,2026-04-21,2791.6,1903.0,66.25,Delivered,Columbus,South Crystal
SHP000494,ORD000485,WH007,CUST00190,VEH0012,Delhivery,2026-08-11,2026-08-22,2026-08-22,2783.1,3485.3,3632.39,In Transit,Delhi,Matthewchester
SHP000574,ORD000491,WH013,CUST00391,VEH0045,FedEx,2026-07-04,2026-07-09,2026-07-09,1667.3,3455.1,1622.48,Delivered,Chennai,New Stacey
SHP000928,ORD000744,WH002,CUST00357,VEH0022,Delhivery,2026-03-02,2026-03-11,,2437.9,3570.8,239.85,In Transit,Singapore,Townsendborough
SHP000289,ORD000440,WH008,CUST00506,VEH0011,BlueDart,2026-06-23,2026-06-30,2026-06-30,1873.3,3261.1,112.65,In Transit,Singapore,South Mary
SHP000862,ORD000429,WH011,CUST00020,VEH0030,FedEx,2026-08-06,2026-08-12,2026-08-12,1845.8,4050.3,3340.09,Cancelled,Newark,East Jasmin
SHP001161,ORD000167,WH009,CUST00568,VEH0041,DHL,2026-06-23,2026-07-03,2026-07-03,588.6,1893.4,3588.58,Delivered,Atlanta,Lake Joyceland
SHP000612,ORD001118,WH011,CUST00173,VEH0040,Delhivery,2026-07-09,2026-07-16,2026-07-16,411.3,4112.9,1503.42,Delivered,Newark,Obrienton
SHP001295,ORD001074,WH008,CUST00221,VEH0008,FedEx,2026-06-23,2026-06-26,2026-06-26,2624.0,95.4,3859.16,Delayed,Singapore,Gillespiefort
SHP000149,ORD000791,WH008,CUST00391,VEH0042,XPO Logistics,2026-06-18,2026-06-25,2026-06-25,1813.3,4622.3,2264.58,In Transit,Singapore,North Ronald
SHP001048,ORD000142,WH011,CUST00027,VEH0032,In-house Fleet,2026-03-08,2026-03-14,2026-03-14,975.3,3680.6,292.63,Out for Delivery,Newark,Ashleystad
SHP000161,ORD000603,WH010,CUST00425,VEH0034,In-house Fleet,2026-05-24,2026-05-28,2026-05-28,1376.8,3795.4,3515.54,Out for Delivery,Newark,New Jacobview
SHP000102,ORD001086,WH003,CUST00120,VEH0035,Delhivery,2026-03-08,2026-03-19,2026-03-19,2738.6,2184.2,156.99,In Transit,Columbus,West Brittanybury
SHP000305,ORD000905,WH011,CUST00464,VEH0025,FedEx,2026-04-20,2026-04-29,2026-04-29,2167.7,4792.1,3740.23,Delayed,Newark,Kellytown
SHP001042,ORD000871,WH009,CUST00304,VEH0018,Delhivery,2026-05-11,2026-05-15,2026-05-15,1840.5,3142.6,699.29,Out for Delivery,Atlanta,Barbarachester
SHP000476,ORD000174,WH012,CUST00089,VEH0032,In-house Fleet,2026-07-17,2026-07-26,2026-07-26,-37.0,2019.8,1397.77,Delivered,Hamburg,Port Paulland
SHP001352,ORD001165,WH012,CUST00072,VEH0022,FedEx,2026-07-16,2026-07-28,2026-07-28,2976.5,3334.7,2716.55,Delivered,Hamburg,Rojasfurt
SHP001419,ORD000167,WH012,CUST00174,VEH0009,FedEx,2026-07-03,2026-07-10,2026-07-10,472.1,858.9,1129.87,Out for Delivery,Hamburg,Torreshaven
SHP000113,ORD001095,WH013,CUST00576,VEH0026,In-house Fleet,2026-02-20,2026-03-01,2026-03-01,684.5,1139.0,1859.8,Cancelled,Chennai,Riggsmouth
SHP000319,ORD000791,wh008,CUST00273,VEH0003,Delhivery,2026-03-28,2026-04-05,2026-04-05,1398.4,4252.4,1815.1,Delivered,Singapore,West Anthony
SHP000082,ORD000602,WH014,CUST00169,VEH0033,FedEx,2026-07-28,2026-08-06,2026-08-06,1485.3,764.4,1950.4,Out for Delivery,Atlanta,New Carl
SHP000516,ORD001052,WH012,CUST00046,VEH0056,DHL,2026-07-19,2026-07-31,2026-07-31,1033.5,3934.3,2697.15,In Transit,Hamburg,Robertstad
SHP000145,ORD000199,WH001,CUST00161,VEH0011,BlueDart,2026-02-27,2026-03-07,2026-03-07,2075.9,3339.3,1438.69,Out for Delivery,Chennai,North Vincent
SHP001490,ORD000385,WH002,CUST00023,VEH0023,XPO Logistics,2026-07-13,2026-07-22,2026-07-22,2581.2,1755.3,1056.26,In Transit,Singapore,Lisafort
SHP001249,ORD000499,wh002,CUST00067,VEH0056,BlueDart,2026-08-05,2026-08-10,2026-08-10,505.7,2270.8,3053.41,In Transit,Singapore,East Zoeside
SHP001349,ORD000310,WH008,CUST00086,VEH0045,FedEx,2026-07-19,2026-07-29,2026-07-29,2371.7,281.3,1395.62,Delayed,Singapore,South Tonimouth
SHP000882,ORD000392,WH006,CUST00146,VEH0011,DHL,2026-03-07,2026-03-12,2026-03-12,2327.2,4507.2,2506.27,Cancelled,Atlanta,South Carlos
SHP001152,ORD000443,WH007,CUST00364,VEH0038,FedEx,2026-06-18,2026-06-28,2026-06-28,277.1,3093.3,1277.72,Delayed,Delhi,West Crystalborough
SHP001096,ORD000193,WH011,CUST00371,VEH0059,In-house Fleet,2026-06-14,2026-06-20,2026-06-20,1021.3,404.3,2667.39,Delivered,Newark,Nortonburgh
SHP000417,ORD000246,WH005,CUST00534,VEH0018,Delhivery,2026-03-08,2026-03-12,2026-03-12,2935.7,4428.0,1207.37,Delivered,Rotterdam,Nguyenmouth
SHP000138,ORD000398,WH005,CUST00033,VEH0060,Delhivery,2026-03-22,2026-03-26,2026-03-26,2166.3,1583.9,999.77,Delayed,Rotterdam,Briggsburgh
SHP000846,ORD000353,WH011,CUST00584,VEH0053,In-house Fleet,2026-07-09,2026-07-21,2026-07-21,1840.7,2976.8,1275.99,Delivered,Newark,Brianberg
SHP000980,ORD000007,WH010,CUST00462,VEH0051,BlueDart,2026-04-25,2026-04-29,2026-04-29,1489.2,1221.8,3280.38,Out for Delivery,Newark,Richardbury
SHP000350,ORD000304,wh012,CUST00464,VEH0031,FedEx,2026-04-19,2026-04-30,2026-04-30,2152.9,1469.3,400.21,Cancelled,Hamburg,Perezview
SHP001182,ORD000089,WH005,CUST00174,VEH0032,DHL,2026-06-30,2026-07-06,2026-07-06,2079.4,4530.8,108.23,In Transit,Rotterdam,Lake Tabitha
SHP000609,ORD001023,WH013,CUST00589,VEH0005,DHL,2026-05-23,2026-06-03,2026-06-03,897.8,2448.2,426.2,Delayed,Chennai,East Nathan
SHP001432,ORD000705,WH009,CUST00399,VEH0001,Delhivery,2026-07-17,2026-07-18,2026-07-18,2455.8,635.8,527.1,Delivered,Atlanta,Port Heather
SHP000002,ORD001072,WH004,CUST00060,VEH0057,FedEx,2026-03-23,2026-03-29,2026-03-29,1492.9,4344.9,1320.58,Delivered,Columbus,Costachester
SHP001193,ORD000961,WH015,CUST00306,VEH0012,FedEx,2026-03-06,2026-03-10,2026-03-10,2881.1,2072.5,2705.36,Delayed,Atlanta,East Anthony
SHP000830,ORD000347,WH007,CUST00231,VEH0033,Delhivery,2026-04-17,2026-04-28,2026-04-28,2960.7,2032.0,951.7,Delayed,Delhi,Jenniferbury
SHP001235,ORD000269,WH001,CUST00048,VEH0023,FedEx,2026-03-02,2026-03-14,2026-03-14,1475.9,4629.1,2917.38,Delivered,Chennai,Rogerschester
SHP001156,ORD000765,WH007,CUST00388,VEH0027,XPO Logistics,2026-03-05,2026-03-11,2026-03-11,1485.4,3562.3,2531.63,Out for Delivery,Delhi,Teresaside
SHP000374,ORD000758,WH010,CUST00563,VEH0014,FedEx,2026-02-16,2026-02-22,,2954.2,2824.2,2069.0,In Transit,Newark,Myerston
SHP001364,ORD000833,WH004,CUST00350,VEH0059,BlueDart,2026-03-11,2026-03-12,2026-03-12,2550.5,2126.6,1635.24,Delivered,Columbus,West Amy
SHP000550,ORD000325,WH015,CUST00189,VEH0050,DHL,2026-07-09,2026-07-11,2026-07-11,459.8,832.5,2126.35,Delivered,Atlanta,New Jay
SHP001036,ORD000336,WH012,CUST00132,VEH0055,XPO Logistics,2026-06-05,2026-06-15,2026-06-15,2738.5,2841.4,3728.02,Delivered,Hamburg,Riveratown
SHP000935,ORD000758,WH015,CUST00040,VEH0013,In-house Fleet,2026-08-14,2026-08-15,,914.2,4346.6,2673.83,In Transit,Atlanta,South Nicholas
SHP000555,ORD000003,WH010,CUST00238,VEH0001,In-house Fleet,2026-04-16,2026-04-25,2026-04-25,1883.9,2962.7,1970.59,Delivered,Newark,South Judith
SHP000639,ORD000371,WH015,CUST00511,VEH0020,BlueDart,2026-02-23,2026-03-05,2026-03-05,2530.8,477.9,1623.63,Delivered,Atlanta,Moyershire
SHP000188,ORD000941,WH012,CUST00415,VEH0058,In-house Fleet,2026-04-24,2026-05-03,2026-05-03,2924.0,4152.5,856.35,Out for Delivery,Hamburg,New Marieview
SHP000088,ORD000008,WH015,CUST00427,VEH0008,FedEx,2026-04-13,2026-04-16,2026-04-16,329.8,2142.1,3500.63,Delivered,Atlanta,Jessicaberg
SHP001328,ORD000134,WH004,CUST00314,VEH0036,In-house Fleet,2026-04-24,2026-05-04,2026-05-04,1229.1,2966.9,2775.49,Cancelled,Columbus,South Stevenfort
SHP000361,ORD000923,WH002,CUST00543,VEH0038,DHL,2026-06-29,2026-07-08,2026-07-08,1387.2,2644.6,1812.2,In Transit,Singapore,Joycemouth
SHP001029,ORD000587,WH013,CUST00397,VEH0060,BlueDart,2026-04-29,2026-05-08,2026-05-08,1372.7,2527.6,826.66,Cancelled,Chennai,Saraville
SHP000382,ORD000828,WH004,CUST00462,VEH0002,FedEx,2026-04-11,2026-04-19,2026-04-19,806.9,1284.7,57.0,Delivered,Columbus,New Donna
SHP000817,ORD000362,WH008,CUST00191,VEH0041,DHL,2026-05-09,2026-05-11,2026-05-11,-7.2,1710.4,2847.82,Delivered,Singapore,Lindseyfort
SHP000007,ORD000493,WH001,CUST00362,VEH0060,XPO Logistics,2026-05-22,2026-05-29,2026-05-29,2292.2,4392.8,3548.52,In Transit,Chennai,Sergiofort
SHP000249,ORD000788,WH005,CUST00161,VEH0012,In-house Fleet,2026-05-06,2026-05-15,2026-05-15,2229.7,2350.7,3489.49,Cancelled,Rotterdam,Bradleyside
SHP000891,ORD000486,WH012,CUST00486,VEH0055,In-house Fleet,2026-03-06,2026-03-08,2026-03-08,1903.8,2827.8,2691.03,Out for Delivery,Hamburg,North Maxland
SHP000032,ORD000993,WH010,CUST00179,VEH0021,DHL,2026-06-13,2026-06-21,2026-06-21,1865.5,678.7,1340.45,Delayed,Newark,Hurstfurt
SHP000248,ORD000126,WH014,CUST00238,VEH0045,XPO Logistics,2026-07-28,2026-07-31,2026-07-31,2971.0,688.1,1786.85,Cancelled,Atlanta,West Joseph
SHP000955,ORD000744,WH009,CUST00041,VEH0009,Delhivery,2026-05-16,2026-05-18,2026-05-18,1603.5,4075.3,467.51,Delivered,Atlanta,Port Jeremiahside
SHP001130,ORD000596,WH014,CUST00457,VEH0023,Delhivery,2026-03-08,2026-03-13,2026-03-13,1504.6,1381.8,3685.79,In Transit,Atlanta,South Lindafurt
SHP000775,ORD000512,WH002,CUST00472,VEH0038,FedEx,2026-06-22,2026-07-01,,1211.7,1983.0,2285.69,In Transit,Singapore,Port Tanyastad
SHP000181,ORD000905,WH010,CUST00510,VEH0018,FedEx,2026-03-12,2026-03-21,2026-03-21,2527.3,637.0,569.84,Delayed,Newark,Thomasfurt
SHP000892,ORD000576,WH007,CUST00558,VEH0027,BlueDart,2026-08-16,2026-08-23,2026-08-23,2271.8,4674.6,1626.28,In Transit,Delhi,East Nicholas
SHP001227,ORD000454,WH008,CUST00425,VEH0024,XPO Logistics,2026-05-23,2026-06-01,2026-06-01,2415.0,338.6,954.68,Delayed,Singapore,Stacyside
SHP001183,ORD000124,WH008,CUST00186,VEH0053,FedEx,2026-06-05,2026-06-12,2026-06-12,168.8,1483.4,759.25,Delivered,Singapore,East Robyn
SHP000884,ORD000561,WH009,CUST00333,VEH0038,In-house Fleet,2026-07-10,2026-07-18,2026-07-18,2742.6,3575.8,3375.72,Delivered,Atlanta,Michellebury
SHP001266,ORD001145,WH013,CUST00273,VEH0033,FedEx,2026-05-10,2026-05-17,2026-05-17,559.9,2167.7,2535.09,Delivered,Chennai,Gregoryburgh
SHP000187,ORD000567,WH011,CUST00481,VEH0006,Delhivery,2026-02-17,2026-02-20,2026-02-20,2646.5,4314.5,111.29,Delivered,Newark,West Jamie
SHP001232,ORD000405,WH007,CUST00585,VEH0007,FedEx,2026-04-29,2026-05-09,2026-05-09,2269.1,2283.5,1591.09,Cancelled,Delhi,Henryshire
SHP000269,ORD000706,WH007,CUST00201,VEH0003,BlueDart,2026-04-19,2026-04-29,,2219.5,7.0,3737.59,In Transit,Delhi,Combsburgh
SHP000329,ORD000400,WH004,CUST00405,VEH0044,In-house Fleet,2026-04-06,2026-04-18,2026-04-18,1597.9,3944.3,172.62,In Transit,Columbus,North Sara
SHP000680,ORD000367,WH008,CUST00055,VEH0013,XPO Logistics,2026-08-02,2026-08-08,2026-08-08,579.0,2775.0,788.09,Out for Delivery,Singapore,Brandymouth
SHP000824,ORD000186,WH004,CUST00190,VEH0040,BlueDart,2026-07-08,2026-07-17,2026-07-17,27.0,2130.0,2294.88,Out for Delivery,Columbus,Stoutside
SHP000808,ORD000861,WH007,CUST00316,VEH0001,DHL,2026-03-12,2026-03-19,2026-03-19,-46.1,2984.5,3872.24,In Transit,Delhi,Lake Holly
SHP000167,ORD000733,WH001,CUST00131,VEH0042,In-house Fleet,2026-04-30,2026-05-06,2026-05-06,-4.5,4440.3,3083.75,Out for Delivery,Chennai,Justinshire
SHP000783,ORD000905,WH007,CUST00030,VEH0004,Delhivery,2026-03-04,2026-03-14,2026-03-14,2902.7,2930.1,2745.23,Delivered,Delhi,Caseyburgh
SHP000087,ORD001076,WH002,CUST00526,VEH0006,DHL,2026-07-11,2026-07-14,2026-07-14,1482.9,4834.0,2789.15,Out for Delivery,Singapore,New Michael
SHP000523,ORD001083,WH004,CUST00380,VEH0019,In-house Fleet,2026-06-08,2026-06-20,,257.0,2375.0,1395.55,In Transit,Columbus,Meaganside
SHP001297,ORD000848,WH012,CUST00362,VEH0048,XPO Logistics,2026-07-20,2026-07-25,2026-07-25,2099.0,2078.1,2949.86,Cancelled,Hamburg,Joyceburgh
SHP001110,ORD000113,WH002,CUST00068,VEH0028,Delhivery,2026-02-24,2026-03-01,2026-03-01,2337.3,1405.5,1539.73,In Transit,Singapore,New Williamshire
SHP000443,ORD000192,WH007,CUST00541,VEH0021,BlueDart,2026-08-04,2026-08-16,2026-08-16,503.5,474.9,3969.08,Out for Delivery,Delhi,Christytown
SHP000719,ORD000745,WH007,CUST00360,VEH0049,Delhivery,2026-07-30,2026-08-04,2026-08-04,2129.9,1130.2,132.42,Out for Delivery,Delhi,Lake Hannahland
SHP000124,ORD001136,WH002,CUST00200,VEH0050,Delhivery,2026-06-04,2026-06-05,2026-06-05,1701.0,3948.2,3423.62,In Transit,Singapore,Nancyton
SHP001154,ORD001044,WH004,CUST00001,VEH0056,FedEx,2026-08-12,2026-08-23,2026-08-23,177.6,2021.9,3120.0,Delivered,Columbus,Lake Donald
SHP000244,ORD001117,wh013,CUST00452,VEH0053,In-house Fleet,2026-02-16,2026-02-17,2026-02-17,1343.9,2251.3,2978.7,Delayed,Chennai,Port Jeffrey
SHP000887,ORD000805,WH007,CUST00394,VEH0013,XPO Logistics,2026-03-13,2026-03-15,2026-03-15,1945.5,3095.2,3166.16,Delivered,Delhi,Deannaburgh
SHP000430,ORD000396,WH008,CUST00073,VEH0010,XPO Logistics,2026-06-15,2026-06-18,2026-06-18,2244.2,540.4,1276.49,Delayed,Singapore,Port David
SHP000806,ORD000154,WH014,CUST00089,VEH0001,FedEx,2026-05-08,2026-05-11,2026-05-11,2622.2,1716.6,569.63,Cancelled,Atlanta,Port Christinafort
SHP001005,ORD000909,WH015,CUST00335,VEH0016,FedEx,2026-06-26,2026-07-02,2026-07-02,921.1,4423.5,3558.83,Delivered,Atlanta,Lake Austin
SHP001164,ORD000555,WH008,CUST00372,VEH0041,DHL,2026-06-05,2026-06-08,2026-06-08,628.1,283.9,1195.85,Delivered,Singapore,Joshuaton
SHP001394,ORD000436,WH003,CUST00016,VEH0051,BlueDart,2026-07-13,2026-07-14,2026-07-14,1152.2,4295.2,891.26,Cancelled,Columbus,Stuartton
SHP001347,ORD000516,WH002,CUST00343,VEH0055,Delhivery,2026-08-09,2026-08-15,2026-08-15,524.7,2464.5,3390.62,In Transit,Singapore,Sandersshire
SHP000294,ORD000003,WH012,CUST00330,VEH0060,Delhivery,2026-04-24,2026-05-01,,86.9,3266.1,2218.8,In Transit,Hamburg,South Matthew
SHP001388,ORD000412,WH006,CUST00095,VEH0021,XPO Logistics,2026-05-30,2026-06-09,2026-06-09,1996.5,3727.1,3720.81,Delivered,Atlanta,Lake Frankside
SHP000761,ORD000883,WH009,CUST00130,VEH0030,DHL,2026-03-17,2026-03-28,2026-03-28,1526.8,3469.7,2841.29,Delivered,Atlanta,Jessicaland
SHP000263,ORD000092,WH008,CUST00369,VEH0030,XPO Logistics,2026-04-26,2026-05-06,2026-05-06,813.6,2752.1,1468.58,Delayed,Singapore,Stoneborough
SHP000058,ORD001141,WH007,CUST00016,VEH0002,In-house Fleet,2026-06-03,2026-06-08,2026-06-08,185.7,4867.7,1218.63,Delivered,Delhi,North Kaitlyn
SHP000250,ORD000081,WH002,CUST00008,VEH0048,DHL,2026-05-22,2026-06-03,2026-06-03,465.6,3149.5,3000.17,Delivered,Singapore,Herreraside
SHP000029,ORD000046,WH013,CUST00255,VEH0055,In-house Fleet,2026-05-12,2026-05-24,2026-05-24,1043.9,1828.6,3608.43,Cancelled,Chennai,North Jeffrey
SHP000713,ORD000911,WH002,CUST00157,VEH0004,DHL,2026-04-20,2026-05-01,2026-05-01,2586.1,3217.1,478.49,Delivered,Singapore,Youngborough
SHP000020,ORD000414,WH006,CUST00303,VEH0048,FedEx,2026-08-15,2026-08-16,2026-08-16,2081.4,4815.1,580.12,Out for Delivery,Atlanta,New Jacob
SHP001057,ORD001016,WH007,CUST00488,VEH0030,FedEx,2026-03-15,2026-03-25,,418.0,994.7,522.93,In Transit,Delhi,Christineberg
SHP000587,ORD000401,WH013,CUST00127,VEH0025,DHL,2026-05-31,2026-06-02,2026-06-02,2568.1,2713.5,357.28,In Transit,Chennai,Yvonneside
SHP000707,ORD000459,WH013,CUST00114,VEH0003,In-house Fleet,2026-06-18,2026-06-22,2026-06-22,480.7,3011.5,3571.91,Delivered,Chennai,North Gregory
SHP000657,ORD000059,WH003,CUST00556,VEH0007,Delhivery,2026-06-27,2026-07-04,,1492.7,3945.6,69.73,In Transit,Columbus,Michelleport
SHP001286,ORD000245,WH014,CUST00404,VEH0038,In-house Fleet,2026-07-22,2026-07-25,2026-07-25,2784.3,183.6,3094.35,In Transit,Atlanta,New Jonathanmouth
SHP001276,ORD001104,WH008,CUST00159,VEH0046,FedEx,2026-03-01,2026-03-12,2026-03-12,1780.7,2129.1,1693.84,Delayed,Singapore,East Danielbury
SHP000212,ORD000738,WH010,CUST00031,VEH0036,XPO Logistics,2026-05-10,2026-05-16,2026-05-16,417.0,2686.5,2161.37,In Transit,Newark,Lake Jennifermouth
SHP001479,ORD001043,WH002,CUST00398,VEH0037,FedEx,2026-04-24,2026-04-26,2026-04-26,115.4,4944.2,3560.95,Cancelled,Singapore,West John
SHP000491,ORD000648,WH011,CUST00325,VEH0040,In-house Fleet,2026-05-17,2026-05-27,2026-05-27,1488.1,3218.0,219.85,Delivered,Newark,East Elizabethchester
SHP000617,ORD000496,WH004,CUST00284,VEH0045,Delhivery,2026-05-15,2026-05-25,2026-05-25,2034.7,2006.7,929.05,Delayed,Columbus,Kellymouth
SHP001389,ORD000564,WH010,CUST00136,VEH0056,XPO Logistics,2026-03-25,2026-03-29,2026-03-29,-25.6,651.7,884.56,Out for Delivery,Newark,Jessicaberg
SHP001452,ORD001028,WH004,CUST00296,VEH0013,FedEx,2026-05-29,2026-06-04,2026-06-04,1546.4,342.5,1783.38,Delivered,Columbus,Debraside
SHP000052,ORD000747,WH003,CUST00126,VEH0035,FedEx,2026-04-08,2026-04-14,2026-04-14,817.9,4798.3,1693.54,Cancelled,Columbus,Lake Aprilmouth
SHP000636,ORD000870,WH014,CUST00032,VEH0051,BlueDart,2026-06-13,2026-06-16,2026-06-16,2271.8,1694.3,2934.07,Delivered,Atlanta,Timothyfort
SHP000579,ORD001042,WH002,CUST00244,VEH0059,BlueDart,2026-06-06,2026-06-07,2026-06-07,2127.5,4507.6,1405.12,Cancelled,Singapore,Randyton
SHP000759,ORD000247,WH014,CUST00342,VEH0023,XPO Logistics,2026-06-13,2026-06-19,2026-06-19,1087.4,3754.5,2106.59,Delayed,Atlanta,Justinville
SHP000059,ORD001140,WH002,CUST00084,VEH0046,BlueDart,2026-04-24,2026-05-02,2026-05-02,595.3,162.0,327.24,Cancelled,Singapore,Port Elizabeth
SHP000505,ORD000333,WH015,CUST00134,VEH0015,In-house Fleet,2026-06-30,2026-07-08,2026-07-08,-24.9,4665.3,3008.61,In Transit,Atlanta,Lifort
SHP000728,ORD000408,WH002,CUST00572,VEH0036,In-house Fleet,2026-08-14,2026-08-22,2026-08-22,1562.7,2681.1,2484.5,Delivered,Singapore,Henryfurt
SHP000049,ORD000194,WH003,CUST00537,VEH0054,XPO Logistics,2026-05-04,2026-05-09,,2252.4,4203.5,2567.4,In Transit,Columbus,Lake Jacob
SHP001068,ORD000903,WH007,CUST00416,VEH0033,XPO Logistics,2026-06-11,2026-06-18,2026-06-18,2837.9,4915.0,3244.12,Delivered,Delhi,Brianberg
SHP000043,ORD000288,WH007,CUST00563,VEH0053,DHL,2026-07-13,2026-07-20,2026-07-20,365.3,863.3,1549.03,Delivered,Delhi,Jamesmouth
SHP001296,ORD000210,WH013,CUST00244,VEH0047,DHL,2026-04-11,2026-04-17,2026-04-17,2689.4,1590.2,118.29,Delayed,Chennai,Michaelberg
SHP001318,ORD000799,WH005,CUST00535,VEH0035,Delhivery,2026-03-13,2026-03-19,2026-03-19,-4.0,1917.8,3520.81,Cancelled,Rotterdam,Lake Albertfort
SHP000363,ORD000543,WH003,CUST00111,VEH0043,XPO Logistics,2026-06-02,2026-06-12,2026-06-12,641.4,3244.9,2451.83,In Transit,Columbus,South Bonnie
SHP000553,ORD000013,WH011,CUST00526,VEH0020,BlueDart,2026-05-24,2026-05-27,2026-05-27,1483.5,2791.4,1853.81,Delayed,Newark,New Ashley
SHP000127,ORD000703,WH009,CUST00038,VEH0033,FedEx,2026-02-27,2026-03-04,2026-03-04,721.5,4787.0,2298.0,Delivered,Atlanta,Gardnerside
SHP001329,ORD000974,WH001,CUST00421,VEH0023,Delhivery,2026-04-04,2026-04-05,2026-04-05,510.8,3138.9,1764.72,Delivered,Chennai,East Amanda
SHP000897,ORD001151,WH006,CUST00539,VEH0055,In-house Fleet,2026-05-15,2026-05-17,2026-05-17,563.7,4390.5,3430.2,Cancelled,Atlanta,Myersbury
SHP000575,ORD000617,wh001,CUST00068,VEH0016,Delhivery,2026-08-06,2026-08-08,2026-08-08,2554.5,3195.5,3880.67,Delayed,Chennai,Davidton
SHP001120,ORD000104,WH003,CUST00026,VEH0019,BlueDart,2026-02-20,2026-03-02,2026-03-02,2529.7,2931.0,3227.32,Out for Delivery,Columbus,Loganton
SHP000313,ORD000916,WH014,CUST00553,VEH0015,BlueDart,2026-04-04,2026-04-10,2026-04-10,2122.9,4990.4,3791.02,In Transit,Atlanta,Michaelburgh
SHP000906,ORD000250,WH012,CUST00318,VEH0003,XPO Logistics,2026-05-25,2026-05-30,2026-05-30,2671.9,2088.6,1548.84,Delivered,Hamburg,North Jacqueline
SHP001438,ORD000221,WH013,CUST00256,VEH0026,Delhivery,2026-02-19,2026-02-28,2026-02-28,90.3,697.4,1497.75,Cancelled,Chennai,Fullerborough
SHP000302,ORD000980,WH010,CUST00397,VEH0006,In-house Fleet,2026-03-29,2026-03-30,2026-03-30,358.2,4003.7,2050.64,In Transit,Newark,Anamouth
SHP001016,ORD000942,WH005,CUST00516,VEH0015,DHL,2026-05-28,2026-05-31,,2023.1,4502.1,1050.8,In Transit,Rotterdam,Whitemouth
SHP000120,ORD000768,WH002,CUST00026,VEH0052,FedEx,2026-08-07,2026-08-12,,276.9,1015.9,1029.4,In Transit,Singapore,Tarabury
SHP000288,ORD000377,WH001,CUST00545,VEH0035,In-house Fleet,2026-02-23,2026-02-26,2026-02-26,1249.3,1110.3,38.55,Out for Delivery,Chennai,East Ritaview
SHP000540,ORD001126,WH008,CUST00328,VEH0019,Delhivery,2026-04-07,2026-04-16,2026-04-16,2815.8,2951.4,637.37,Out for Delivery,Singapore,Lake Colin
SHP001209,ORD001058,WH015,CUST00339,VEH0039,XPO Logistics,2026-04-16,2026-04-21,2026-04-21,112.4,1058.5,783.22,Delivered,Atlanta,Port Aliciatown
SHP000604,ORD000977,WH002,CUST00440,VEH0044,In-house Fleet,2026-06-02,2026-06-04,2026-06-04,431.0,3269.0,3832.69,Cancelled,Singapore,Grahamfort
SHP000616,ORD000795,WH013,CUST00391,VEH0024,XPO Logistics,2026-07-29,2026-08-06,2026-08-06,1456.5,4701.4,221.23,Delivered,Chennai,Millerfort
SHP001368,ORD000316,WH008,CUST00146,VEH0044,XPO Logistics,2026-06-03,2026-06-15,2026-06-15,2303.5,3807.3,795.74,In Transit,Singapore,Brandonchester
SHP000031,ORD000292,wh010,CUST00566,VEH0011,XPO Logistics,2026-02-19,2026-03-02,2026-03-02,1403.2,4985.1,956.82,Delivered,Newark,Levyton
SHP001496,ORD000789,WH003,CUST00241,VEH0054,XPO Logistics,2026-02-20,2026-02-21,,83.6,1958.6,1205.13,In Transit,Columbus,Chelseaton
SHP000856,ORD000683,WH002,CUST00543,VEH0024,FedEx,2026-03-03,2026-03-07,2026-03-07,601.6,4636.9,3193.25,Delivered,Singapore,South Julie
SHP000202,ORD000783,WH001,CUST00134,VEH0011,FedEx,2026-04-23,2026-05-05,2026-05-05,2099.5,86.7,2751.65,Delivered,Chennai,Whitneyfurt
SHP000358,ORD001046,WH006,CUST00554,VEH0050,DHL,2026-06-06,2026-06-14,2026-06-14,1761.0,1333.5,780.67,Delivered,Atlanta,Castroborough
SHP000764,ORD000543,WH013,CUST00050,VEH0055,Delhivery,2026-08-08,2026-08-10,2026-08-10,343.1,4741.3,3917.58,In Transit,Chennai,Rebeccabury
SHP000065,ORD000094,WH015,CUST00038,VEH0059,Delhivery,2026-07-28,2026-08-06,2026-08-06,2965.0,1959.8,1906.52,Out for Delivery,Atlanta,North James
SHP000643,ORD000308,WH008,CUST00600,VEH0011,DHL,2026-03-22,2026-03-28,2026-03-28,1370.8,947.1,3656.1,Cancelled,Singapore,Port Richardside
SHP000842,ORD001114,WH001,CUST00306,VEH0037,BlueDart,2026-07-20,2026-07-22,2026-07-22,2390.0,496.0,3924.83,Delivered,Chennai,South Amyview
SHP000179,ORD000913,WH013,CUST00294,VEH0057,In-house Fleet,2026-02-17,2026-03-01,2026-03-01,1733.3,1632.6,1934.14,In Transit,Chennai,Andersonmouth
SHP000710,ORD000978,WH005,CUST00060,VEH0034,BlueDart,2026-04-03,2026-04-05,2026-04-05,2213.5,2284.8,2186.13,Cancelled,Rotterdam,North Josefort
SHP000229,ORD000550,WH008,CUST00436,VEH0014,DHL,2026-07-08,2026-07-09,2026-07-09,2645.5,1187.7,1238.16,Delivered,Singapore,West Megan
SHP001241,ORD000907,WH012,CUST00375,VEH0051,FedEx,2026-06-06,2026-06-14,2026-06-14,2391.3,392.8,3604.31,In Transit,Hamburg,Rhodeshaven
SHP000081,ORD000800,WH001,CUST00053,VEH0005,XPO Logistics,2026-04-03,2026-04-04,2026-04-04,2230.3,3790.8,3341.27,Delivered,Chennai,Beanport
SHP000779,ORD000471,WH006,CUST00072,VEH0044,Delhivery,2026-06-22,2026-07-01,,1453.6,4696.9,39.47,In Transit,Atlanta,Zoeberg
SHP000991,ORD000292,WH004,CUST00321,VEH0038,XPO Logistics,2026-05-10,2026-05-16,2026-05-16,1416.7,3274.9,304.14,Delayed,Columbus,Port Kristifort
SHP000465,ORD000265,WH003,CUST00256,VEH0009,Delhivery,2026-04-08,2026-04-14,2026-04-14,2881.5,2182.9,3459.58,Delivered,Columbus,North Jennifer
SHP001299,ORD000879,WH001,CUST00162,VEH0022,BlueDart,2026-03-07,2026-03-13,2026-03-13,442.2,348.4,2234.63,Delivered,Chennai,South Jeffrey
SHP000328,ORD000599,WH004,CUST00268,VEH0038,In-house Fleet,2026-04-15,2026-04-16,2026-04-16,2027.1,786.4,320.47,Delivered,Columbus,Tracimouth
SHP001333,ORD000093,WH005,CUST00256,VEH0008,Delhivery,2026-08-06,2026-08-10,2026-08-10,165.0,1827.9,208.13,Out for Delivery,Rotterdam,Zamorafort
SHP000285,ORD000848,WH014,CUST00595,VEH0004,FedEx,2026-04-18,2026-04-29,2026-04-29,1419.7,2041.9,3281.59,Out for Delivery,Atlanta,Nicoleton
SHP000890,ORD000128,WH005,CUST00233,VEH0044,BlueDart,2026-02-25,2026-03-05,2026-03-05,923.8,4725.2,148.17,Delivered,Rotterdam,Rodriguezborough
SHP001172,ORD000128,WH010,CUST00361,VEH0008,Delhivery,2026-05-04,2026-05-14,,206.6,4192.8,3083.4,In Transit,Newark,Port Sarah
SHP000672,ORD000500,WH009,CUST00374,VEH0025,FedEx,2026-04-26,2026-05-08,2026-05-08,1269.1,2003.4,3733.78,Cancelled,Atlanta,Port Cynthia
SHP001251,ORD000556,WH005,CUST00569,VEH0033,Delhivery,2026-06-26,2026-06-29,2026-06-29,490.8,4710.2,63.3,Cancelled,Rotterdam,Scottfort
SHP000210,ORD000125,WH010,CUST00108,VEH0030,In-house Fleet,2026-07-29,2026-08-09,2026-08-09,128.5,883.7,43.35,Cancelled,Newark,Hawkinstown
SHP001242,ORD000484,WH007,CUST00013,VEH0012,DHL,2026-05-21,2026-05-25,2026-05-25,501.7,4982.1,3333.48,Cancelled,Delhi,Lake Zachary
SHP000676,ORD000892,WH008,CUST00233,VEH0056,DHL,2026-05-19,2026-05-21,2026-05-21,275.3,1007.3,2102.58,Delivered,Singapore,North Michaelborough
SHP000098,ORD001072,WH009,CUST00487,VEH0060,DHL,2026-04-26,2026-04-28,2026-04-28,1893.1,2969.1,674.8,Delayed,Atlanta,Floresstad
SHP000284,ORD001059,WH011,CUST00368,VEH0051,XPO Logistics,2026-06-17,2026-06-28,2026-06-28,1454.5,2321.8,647.89,Delivered,Newark,North Natalie
SHP001041,ORD000137,WH013,CUST00578,VEH0048,BlueDart,2026-04-25,2026-05-01,2026-05-01,1933.0,267.1,697.77,Delayed,Chennai,Heatherfurt
SHP001226,ORD000452,WH009,CUST00465,VEH0027,In-house Fleet,2026-06-01,2026-06-06,2026-06-06,420.5,2546.2,2782.94,In Transit,Atlanta,West Gabriel
SHP000598,ORD000359,WH010,CUST00462,VEH0054,BlueDart,2026-07-15,2026-07-20,2026-07-20,585.9,4021.4,2558.91,Delivered,Newark,North Joannbury
SHP001015,ORD000028,WH005,CUST00411,VEH0011,DHL,2026-06-13,2026-06-14,2026-06-14,2328.7,1055.2,3851.71,Delayed,Rotterdam,South Jasmine
SHP000841,ORD000310,WH007,CUST00160,VEH0035,In-house Fleet,2026-06-26,2026-07-02,2026-07-02,516.7,3696.8,2695.92,Cancelled,Delhi,West Kimberly
SHP001125,ORD000231,WH003,CUST00092,VEH0016,In-house Fleet,2026-08-08,2026-08-12,2026-08-12,1977.3,33.8,1039.11,Delayed,Columbus,Fischertown
SHP000986,ORD001170,WH006,CUST00342,VEH0048,Delhivery,2026-05-16,2026-05-21,2026-05-21,1284.1,2087.8,1312.65,Delivered,Atlanta,Bellburgh
SHP001437,ORD000677,WH012,CUST00214,VEH0015,FedEx,2026-03-10,2026-03-15,2026-03-15,2392.4,4840.3,3333.78,Delivered,Hamburg,Port Andrew
SHP000336,ORD001036,WH010,CUST00243,VEH0037,In-house Fleet,2026-08-05,2026-08-12,2026-08-12,2230.5,2413.5,3524.74,In Transit,Newark,Lake Rebeccamouth
SHP001323,ORD000938,WH014,CUST00578,VEH0051,XPO Logistics,2026-04-27,2026-05-07,2026-05-07,2761.5,4067.9,1180.67,Out for Delivery,Atlanta,South Roger
SHP000931,ORD000871,WH011,CUST00143,VEH0011,DHL,2026-05-14,2026-05-23,2026-05-23,1355.4,3008.5,643.06,Delayed,Newark,Jamesview
SHP000615,ORD000624,WH010,CUST00166,VEH0060,In-house Fleet,2026-08-04,2026-08-10,2026-08-10,1568.1,952.8,1604.18,Delivered,Newark,South Edward
SHP000362,ORD000275,WH005,CUST00467,VEH0057,DHL,2026-07-16,2026-07-26,2026-07-26,163.7,4230.1,2557.66,Delivered,Rotterdam,West Seanbury
SHP000885,ORD000696,WH010,CUST00026,VEH0035,FedEx,2026-03-31,2026-04-04,2026-04-04,2610.7,1609.2,614.5,Delivered,Newark,Dennisberg
SHP001007,ORD000796,WH005,CUST00158,VEH0003,In-house Fleet,2026-06-10,2026-06-17,2026-06-17,2947.6,3702.8,961.97,Cancelled,Rotterdam,North Tonybury
SHP001219,ORD000337,WH010,CUST00349,VEH0017,XPO Logistics,2026-06-03,2026-06-10,2026-06-10,1103.8,765.7,2474.11,Cancelled,Newark,Howardville
SHP000336,ORD001036,WH010,CUST00243,VEH0037,In-house Fleet,2026-08-05,2026-08-12,2026-08-12,2230.5,2413.5,3524.74,In Transit,Newark,Lake Rebeccamouth
SHP000133,ORD000255,WH012,CUST00230,VEH0027,BlueDart,2026-07-12,2026-07-17,2026-07-17,1596.9,3210.8,2403.52,Out for Delivery,Hamburg,North Davidville
SHP001243,ORD000392,WH010,CUST00175,VEH0011,FedEx,2026-07-19,2026-07-28,2026-07-28,1531.4,509.4,3201.55,Cancelled,Newark,Port Edward
SHP000354,ORD000046,WH001,CUST00381,VEH0029,DHL,2026-08-05,2026-08-07,2026-08-07,2434.6,2398.5,142.22,Delivered,Chennai,Marybury
SHP000073,ORD000088,WH006,CUST00235,VEH0036,DHL,2026-02-26,2026-03-09,2026-03-09,202.7,4775.5,1781.69,Delivered,Atlanta,New Victoriahaven
SHP000549,ORD000197,WH003,CUST00040,VEH0005,XPO Logistics,2026-04-02,2026-04-08,,1017.6,4883.0,3850.64,In Transit,Columbus,Davidfort
SHP000144,ORD000127,wh012,CUST00031,VEH0060,In-house Fleet,2026-05-21,2026-05-25,2026-05-25,298.2,2965.6,3056.17,Out for Delivery,Hamburg,Port Vernonstad
SHP000690,ORD000606,WH011,CUST00137,VEH0042,DHL,2026-04-23,2026-04-29,2026-04-29,575.5,4892.4,1321.88,Delivered,Newark,Odombury
SHP001316,ORD001042,WH006,CUST00146,VEH0028,XPO Logistics,2026-02-23,2026-03-07,2026-03-07,2364.2,4780.4,3620.86,Delayed,Atlanta,Scottton
SHP000800,ORD000471,WH006,CUST00359,VEH0011,XPO Logistics,2026-05-12,2026-05-15,2026-05-15,312.7,783.5,1952.59,Delivered,Atlanta,Zunigaton
SHP001240,ORD001089,WH009,CUST00206,VEH0007,FedEx,2026-04-17,2026-04-25,2026-04-25,178.0,2946.4,3691.73,Out for Delivery,Atlanta,North Robertstad
SHP000381,ORD000822,WH003,CUST00064,VEH0056,FedEx,2026-08-12,2026-08-18,2026-08-18,184.5,3050.2,373.43,Out for Delivery,Columbus,Aimeeborough
SHP001084,ORD000254,WH010,CUST00342,VEH0055,XPO Logistics,2026-05-02,2026-05-03,2026-05-03,1813.6,1879.6,3781.29,In Transit,Newark,West John
SHP000290,ORD000927,WH013,CUST00427,VEH0004,DHL,2026-07-02,2026-07-06,2026-07-06,553.0,1421.5,2003.4,Cancelled,Chennai,South Amanda
SHP000315,ORD000225,wh013,CUST00048,VEH0046,In-house Fleet,2026-06-26,2026-06-29,2026-06-29,339.4,2690.1,455.4,Delivered,Chennai,East Matthewmouth
SHP000726,ORD000298,WH013,CUST00530,VEH0005,BlueDart,2026-06-05,2026-06-16,2026-06-16,402.8,2267.5,826.34,Delayed,Chennai,Woodburgh
SHP001309,ORD000617,WH012,CUST00523,VEH0043,DHL,2026-04-14,2026-04-23,2026-04-23,1856.5,2993.5,213.51,Cancelled,Hamburg,Christopherville
SHP000982,ORD000418,WH003,CUST00047,VEH0023,Delhivery,2026-07-05,2026-07-14,2026-07-14,1866.5,1492.8,323.3,Delivered,Columbus,Thomaschester
SHP001367,ORD001065,WH005,CUST00141,VEH0040,BlueDart,2026-07-31,2026-08-12,2026-08-12,2964.4,3530.7,31.65,Out for Delivery,Rotterdam,Port Kimberlymouth
SHP000500,ORD000939,WH006,CUST00236,VEH0010,FedEx,2026-04-06,2026-04-09,2026-04-09,124.4,1369.4,3517.05,Out for Delivery,Atlanta,Port Samantha
SHP000335,ORD000417,WH010,CUST00426,VEH0056,FedEx,2026-05-08,2026-05-12,2026-05-12,2460.3,1849.7,1191.47,In Transit,Newark,Sarahport
SHP000209,ORD000397,WH003,CUST00269,VEH0035,BlueDart,2026-02-22,2026-03-04,2026-03-04,253.5,455.0,1290.09,Cancelled,Columbus,Kevinstad
SHP000704,ORD001102,WH005,CUST00017,VEH0020,In-house Fleet,2026-02-26,2026-03-04,2026-03-04,-39.2,3513.0,3316.16,Delivered,Rotterdam,Alexandriaburgh
SHP000408,ORD000869,WH011,CUST00181,VEH0016,Delhivery,2026-03-13,2026-03-20,2026-03-20,1667.2,3998.2,1272.16,Delivered,Newark,Jessicamouth
SHP001064,ORD000925,WH012,CUST00334,VEH0012,Delhivery,2026-05-18,2026-05-29,2026-05-29,713.9,2352.7,454.53,In Transit,Hamburg,Jamesport
SHP000627,ORD000551,WH010,CUST00246,VEH0007,BlueDart,2026-04-10,2026-04-11,2026-04-11,1524.0,4417.0,3427.29,Delivered,Newark,Port Jillburgh
SHP001052,ORD000363,WH013,CUST00542,VEH0050,BlueDart,2026-04-28,2026-05-07,2026-05-07,1228.3,424.4,2801.78,Delivered,Chennai,New Jameschester
SHP000889,ORD000197,WH011,CUST00032,VEH0029,DHL,2026-03-24,2026-03-25,2026-03-25,1569.4,4079.1,3716.29,In Transit,Newark,Raymondfort
SHP000155,ORD001003,WH015,CUST00224,VEH0004,Delhivery,2026-07-12,2026-07-23,2026-07-23,691.7,4404.6,2883.2,Cancelled,Atlanta,New Sonya
SHP000881,ORD001145,WH006,CUST00188,VEH0060,In-house Fleet,2026-07-11,2026-07-13,2026-07-13,1724.4,1493.0,2555.07,Cancelled,Atlanta,Jonathanland
SHP000176,ORD001103,WH014,CUST00466,VEH0013,Delhivery,2026-04-22,2026-04-24,2026-04-24,2211.7,989.3,3870.85,Cancelled,Atlanta,New Patriciaburgh
SHP000008,ORD000799,WH010,CUST00418,VEH0030,XPO Logistics,2026-04-06,2026-04-10,2026-04-10,65.1,4898.3,438.04,Cancelled,Newark,East Mistyville
SHP001141,ORD000248,wh008,CUST00527,VEH0020,XPO Logistics,2026-03-17,2026-03-25,2026-03-25,1659.4,4777.6,1651.81,Delivered,Singapore,Johnsonhaven
SHP001355,ORD000995,WH013,CUST00100,VEH0002,BlueDart,2026-07-25,2026-08-03,2026-08-03,121.5,2589.5,3705.73,In Transit,Chennai,Clarkburgh
SHP001301,ORD000306,WH007,CUST00592,VEH0028,DHL,2026-04-18,2026-04-30,2026-04-30,148.7,2536.1,1891.67,Delivered,Delhi,Steinside
SHP000153,ORD000156,WH006,CUST00442,VEH0003,In-house Fleet,2026-04-18,2026-04-28,2026-04-28,396.9,3217.1,919.25,Delayed,Atlanta,Lindseyshire
SHP001371,ORD000752,WH014,CUST00170,VEH0048,BlueDart,2026-04-17,2026-04-27,2026-04-27,354.9,4002.8,100.07,Cancelled,Atlanta,New Stanley
SHP000981,ORD000958,WH013,CUST00160,VEH0017,BlueDart,2026-06-11,2026-06-13,2026-06-13,2838.1,3431.1,3116.36,Delivered,Chennai,North Christopher
SHP000708,ORD001026,WH007,CUST00029,VEH0050,XPO Logistics,2026-04-26,2026-05-06,2026-05-06,922.6,2165.0,337.27,In Transit,Delhi,Dawsonburgh
SHP000239,ORD000934,WH012,CUST00358,VEH0048,Delhivery,2026-04-28,2026-04-29,2026-04-29,2849.3,1180.6,3005.08,Delivered,Hamburg,South Rebeccaside
SHP000360,ORD001193,WH010,CUST00386,VEH0029,FedEx,2026-03-17,2026-03-24,,238.9,4130.5,3130.31,In Transit,Newark,Hernandezfurt
SHP000079,ORD001003,WH004,CUST00444,VEH0001,In-house Fleet,2026-05-21,2026-05-28,2026-05-28,2977.5,4988.7,2208.9,Out for Delivery,Columbus,North Michellestad
SHP000228,ORD000604,WH002,CUST00235,VEH0020,XPO Logistics,2026-08-13,2026-08-24,2026-08-24,1167.7,4196.2,994.28,Delivered,Singapore,South Tiffanychester
SHP000597,ORD000007,WH014,CUST00267,VEH0027,In-house Fleet,2026-03-24,2026-03-29,2026-03-29,728.3,1279.5,1549.98,Delayed,Atlanta,Lake Sean
SHP001478,ORD000507,WH006,CUST00161,VEH0030,BlueDart,2026-06-27,2026-07-05,,1197.3,674.8,1470.37,In Transit,Atlanta,Heidiberg
SHP000117,ORD001002,WH014,CUST00158,VEH0041,XPO Logistics,2026-04-05,2026-04-09,2026-04-09,508.0,1782.2,2467.5,In Transit,Atlanta,West James
SHP000324,ORD000452,WH012,CUST00549,VEH0030,XPO Logistics,2026-06-21,2026-06-22,2026-06-22,1825.4,4716.7,425.93,Cancelled,Hamburg,Albertville
SHP000147,ORD000769,WH004,CUST00273,VEH0049,FedEx,2026-08-01,2026-08-04,2026-08-04,2556.1,609.4,2165.76,Delivered,Columbus,Port Toddton
SHP001443,ORD000617,WH006,CUST00061,VEH0058,In-house Fleet,2026-07-19,2026-07-27,2026-07-27,1035.6,1881.2,2954.45,Delivered,Atlanta,Robinbury
SHP000488,ORD000258,WH004,CUST00005,VEH0010,BlueDart,2026-05-31,2026-06-09,2026-06-09,2629.6,1725.3,1022.48,Delivered,Columbus,Lake Laura
SHP000174,ORD000395,WH004,CUST00297,VEH0015,In-house Fleet,2026-07-27,2026-08-04,2026-08-04,1455.1,3403.1,2681.13,In Transit,Columbus,Reedberg
SHP000693,ORD000565,wh002,CUST00236,VEH0042,Delhivery,2026-03-21,2026-04-02,2026-04-02,2561.2,2923.7,790.38,Cancelled,Singapore,West Kristina
SHP001149,ORD000637,WH014,CUST00222,VEH0043,DHL,2026-05-16,2026-05-20,2026-05-20,2839.1,807.9,108.82,Out for Delivery,Atlanta,Rhondahaven
SHP000047,ORD000275,WH013,CUST00166,VEH0010,XPO Logistics,2026-04-15,2026-04-24,2026-04-24,522.7,2121.4,1580.33,Out for Delivery,Chennai,South Brandonshire
SHP000675,ORD000904,WH004,CUST00506,VEH0033,Delhivery,2026-08-10,2026-08-14,2026-08-14,1326.4,2640.2,2336.61,Delivered,Columbus,Bensonside
SHP001289,ORD001100,WH003,CUST00423,VEH0001,BlueDart,2026-05-01,2026-05-05,2026-05-05,469.7,97.7,582.25,Delivered,Columbus,New Kelsey
SHP000744,ORD000426,WH011,CUST00457,VEH0052,BlueDart,2026-03-26,2026-04-03,2026-04-03,2464.7,1194.7,667.76,Out for Delivery,Newark,Phillipmouth
SHP000148,ORD000628,WH014,CUST00413,VEH0049,DHL,2026-05-13,2026-05-19,2026-05-19,182.6,2417.1,1271.41,Cancelled,Atlanta,North Kerribury
SHP000415,ORD000168,WH012,CUST00381,VEH0045,DHL,2026-08-06,2026-08-16,2026-08-16,2982.4,2375.6,1941.21,Delivered,Hamburg,Lopezfurt
SHP000154,ORD000145,WH009,CUST00315,VEH0014,BlueDart,2026-06-28,2026-07-01,2026-07-01,845.1,2420.2,1635.77,In Transit,Atlanta,Dannymouth
SHP000572,ORD000621,WH010,CUST00301,VEH0003,BlueDart,2026-04-16,2026-04-26,2026-04-26,322.2,49.4,1236.2,Delivered,Newark,Boydland
SHP001363,ORD000606,WH005,CUST00448,VEH0016,BlueDart,2026-06-11,2026-06-22,2026-06-22,292.3,3363.8,1467.63,Delayed,Rotterdam,South Alison
SHP000428,ORD000061,WH010,CUST00494,VEH0035,DHL,2026-04-28,2026-04-30,2026-04-30,1624.9,1194.1,2599.81,Delivered,Newark,East Thomas
SHP000165,ORD000548,WH009,CUST00404,VEH0053,FedEx,2026-06-12,2026-06-14,2026-06-14,1427.2,583.9,1109.86,Delayed,Atlanta,Lake Andrew
SHP001484,ORD000439,WH011,CUST00553,VEH0028,XPO Logistics,2026-05-21,2026-05-28,2026-05-28,878.8,4605.3,1344.49,In Transit,Newark,Hensonfort
SHP000948,ORD000293,WH011,CUST00562,VEH0005,XPO Logistics,2026-07-11,2026-07-12,2026-07-12,1459.4,1236.7,3212.87,Cancelled,Newark,Cherylfort
SHP000632,ORD000914,WH012,CUST00252,VEH0018,BlueDart,2026-08-03,2026-08-14,2026-08-14,76.3,362.5,783.31,Cancelled,Hamburg,Janetland
SHP001497,ORD001064,WH011,CUST00002,VEH0030,BlueDart,2026-08-02,2026-08-03,2026-08-03,1448.0,862.1,1644.54,Delivered,Newark,East Richardport
SHP001494,ORD000391,WH008,CUST00122,VEH0042,In-house Fleet,2026-07-12,2026-07-15,2026-07-15,1899.8,395.5,1108.2,Out for Delivery,Singapore,Atkinsonmouth
SHP001279,ORD001053,WH005,CUST00116,VEH0009,Delhivery,2026-03-04,2026-03-10,2026-03-10,1251.3,434.0,1734.43,Delayed,Rotterdam,Kellybury
SHP000387,ORD000974,WH003,CUST00297,VEH0058,BlueDart,2026-06-10,2026-06-13,2026-06-13,1936.0,1369.4,2009.97,Delivered,Columbus,Lake Aaronhaven
SHP000236,ORD000460,WH002,CUST00116,VEH0012,Delhivery,2026-03-09,2026-03-11,2026-03-11,1957.7,3981.0,850.48,Cancelled,Singapore,West David
SHP000123,ORD001072,wh001,CUST00348,VEH0017,XPO Logistics,2026-07-12,2026-07-22,2026-07-22,1675.8,2750.9,299.38,Out for Delivery,Chennai,Charlenebury
SHP000096,ORD001034,WH008,CUST00066,VEH0001,Delhivery,2026-06-08,2026-06-19,2026-06-19,1396.4,907.0,2797.76,Out for Delivery,Singapore,New Taylorchester
SHP000211,ORD000577,WH010,CUST00170,VEH0051,In-house Fleet,2026-04-10,2026-04-20,2026-04-20,26.9,3170.6,3011.62,Delivered,Newark,Christinamouth
SHP000046,ORD000830,WH004,CUST00378,VEH0003,BlueDart,2026-07-19,2026-07-30,2026-07-30,2622.4,850.3,2269.35,Delivered,Columbus,North Benjaminfurt
SHP001283,ORD000917,WH008,CUST00162,VEH0052,FedEx,2026-07-18,2026-07-24,2026-07-24,2057.8,1179.9,1733.94,Delivered,Singapore,South Jose
SHP000585,ORD000655,WH013,CUST00293,VEH0018,BlueDart,2026-03-25,2026-04-03,2026-04-03,2940.8,1903.8,1957.79,Delivered,Chennai,Christianmouth
SHP000163,ORD000743,WH004,CUST00455,VEH0001,BlueDart,2026-04-16,2026-04-20,,2644.8,2439.1,1376.13,In Transit,Columbus,Port Marcburgh
SHP000383,ORD001155,WH014,CUST00477,VEH0019,FedEx,2026-03-20,2026-03-24,2026-03-24,386.5,2681.5,3077.99,In Transit,Atlanta,Angelstad
SHP000854,ORD000516,wh008,CUST00074,VEH0004,XPO Logistics,2026-06-23,2026-06-30,2026-06-30,1673.3,4225.8,3013.59,Delivered,Singapore,Michelleberg
SHP000459,ORD000996,WH015,CUST00455,VEH0018,BlueDart,2026-06-26,2026-06-28,2026-06-28,1850.3,433.2,2709.31,Delayed,Atlanta,Cainland
SHP000703,ORD000662,WH012,CUST00507,VEH0013,In-house Fleet,2026-08-09,2026-08-20,,692.5,3437.3,1307.81,In Transit,Hamburg,Christinaberg
SHP000983,ORD000390,WH004,CUST00241,VEH0024,Delhivery,2026-07-09,2026-07-10,2026-07-10,71.5,2507.9,2136.4,Cancelled,Columbus,Lake Jeffreyport
SHP001458,ORD000521,WH009,CUST00360,VEH0049,FedEx,2026-08-13,2026-08-25,2026-08-25,2407.3,4530.7,33.27,In Transit,Atlanta,Fosterfort
SHP000721,ORD000321,WH011,CUST00471,VEH0024,XPO Logistics,2026-03-25,2026-03-31,2026-03-31,113.3,1503.0,1095.45,Out for Delivery,Newark,New Reginaldburgh
SHP000860,ORD000187,wh009,CUST00538,VEH0048,DHL,2026-06-30,2026-07-02,2026-07-02,1917.3,4961.8,373.75,Delayed,Atlanta,Mileshaven
SHP000191,ORD001110,WH007,CUST00480,VEH0053,FedEx,2026-07-12,2026-07-22,2026-07-22,1735.1,3759.4,3639.46,Delivered,Delhi,Carrollfort
SHP000566,ORD000029,WH013,CUST00345,VEH0054,XPO Logistics,2026-02-25,2026-03-08,2026-03-08,1352.9,902.7,3065.48,Delivered,Chennai,West Kathleen
SHP000942,ORD000205,WH010,CUST00487,VEH0052,FedEx,2026-02-21,2026-03-01,2026-03-01,2253.5,220.0,3608.04,Delivered,Newark,New Randyside
SHP000875,ORD000983,WH013,CUST00069,VEH0038,DHL,2026-05-30,2026-06-01,2026-06-01,1452.8,4750.8,3541.63,In Transit,Chennai,Lake Markborough
SHP001225,ORD000217,WH015,CUST00201,VEH0059,DHL,2026-08-10,2026-08-22,2026-08-22,1107.3,1073.6,1322.59,Cancelled,Atlanta,New Johnnyland
SHP001485,ORD000285,WH009,CUST00232,VEH0026,XPO Logistics,2026-03-15,2026-03-17,2026-03-17,2382.4,3967.2,3384.81,Delivered,Atlanta,West Donnatown
SHP000169,ORD000955,wh009,CUST00142,VEH0054,XPO Logistics,2026-06-27,2026-07-05,2026-07-05,1469.2,2023.3,1728.57,Delayed,Atlanta,Lake Samanthaborough
SHP000256,ORD000741,WH007,CUST00365,VEH0021,XPO Logistics,2026-02-28,2026-03-07,2026-03-07,24.6,2750.9,858.44,Delivered,Delhi,West Nicoleland
SHP000092,ORD001034,WH013,CUST00294,VEH0015,In-house Fleet,2026-05-06,2026-05-12,2026-05-12,912.7,706.5,1199.64,Out for Delivery,Chennai,South Amyport
SHP001326,ORD000991,WH006,CUST00464,VEH0028,BlueDart,2026-08-16,2026-08-19,2026-08-19,2980.9,1151.7,3447.35,Delayed,Atlanta,Melissaton
SHP001023,ORD000573,WH003,CUST00154,VEH0007,BlueDart,2026-04-24,2026-05-04,2026-05-04,2069.4,380.3,33.26,Delivered,Columbus,Brandonstad
SHP000857,ORD000597,WH010,CUST00124,VEH0020,Delhivery,2026-05-14,2026-05-26,2026-05-26,2103.4,2827.4,2013.25,Delayed,Newark,West John
SHP000814,ORD000654,WH007,CUST00263,VEH0057,Delhivery,2026-07-04,2026-07-12,2026-07-12,164.9,4082.8,883.87,Delayed,Delhi,Ramirezborough
SHP000750,ORD000307,WH014,CUST00118,VEH0025,DHL,2026-05-22,2026-05-25,2026-05-25,1118.1,2291.9,73.05,Delivered,Atlanta,Brennanmouth
SHP000582,ORD000605,WH013,CUST00176,VEH0032,XPO Logistics,2026-03-18,2026-03-21,2026-03-21,1958.8,4767.1,2612.41,In Transit,Chennai,North Justinport
SHP001200,ORD000342,WH004,CUST00162,VEH0030,Delhivery,2026-08-16,2026-08-21,2026-08-21,1827.8,275.1,2201.16,Cancelled,Columbus,North Stevenville
SHP000251,ORD000035,WH007,CUST00428,VEH0024,In-house Fleet,2026-06-03,2026-06-14,,2689.6,420.6,3051.26,In Transit,Delhi,New Stefanie
SHP000371,ORD001199,WH001,CUST00403,VEH0008,XPO Logistics,2026-07-15,2026-07-22,2026-07-22,1300.6,4658.7,3815.13,Delivered,Chennai,Port Cheryl
SHP001421,ORD000269,WH015,CUST00191,VEH0055,BlueDart,2026-03-22,2026-03-30,2026-03-30,2553.4,3444.9,127.71,Cancelled,Atlanta,South Steven
SHP000170,ORD000696,WH012,CUST00260,VEH0010,XPO Logistics,2026-03-30,2026-04-02,2026-04-02,-1.7,3784.4,1218.77,Delivered,Hamburg,Port Kevinshire
SHP000074,ORD000044,WH011,CUST00244,VEH0007,XPO Logistics,2026-05-05,2026-05-11,2026-05-11,1987.2,1399.2,3860.32,Delivered,Newark,Alvarezbury
SHP001280,ORD000846,WH011,CUST00357,VEH0052,XPO Logistics,2026-07-04,2026-07-11,2026-07-11,383.2,4887.0,1723.63,Delivered,Newark,Powellhaven
SHP000041,ORD001122,wh012,CUST00301,VEH0027,DHL,2026-04-19,2026-04-21,2026-04-21,1664.7,3692.4,3102.61,In Transit,Hamburg,Lake Claudia
SHP000769,ORD000467,WH008,CUST00404,VEH0028,XPO Logistics,2026-03-18,2026-03-20,2026-03-20,570.4,4070.1,1957.94,In Transit,Singapore,Vargasshire
SHP000688,ORD000472,WH007,CUST00275,VEH0040,In-house Fleet,2026-08-05,2026-08-16,2026-08-16,900.3,3222.5,3437.89,In Transit,Delhi,Christianbury
SHP000394,ORD001107,WH008,CUST00041,VEH0050,In-house Fleet,2026-04-02,2026-04-10,2026-04-10,707.9,3248.2,1039.67,In Transit,Singapore,Lake Erica
SHP001313,ORD000634,WH006,CUST00268,VEH0049,FedEx,2026-07-18,2026-07-20,2026-07-20,2463.7,1810.7,224.91,Cancelled,Atlanta,North Jerrychester
SHP000569,ORD000475,WH007,CUST00042,VEH0032,Delhivery,2026-03-26,2026-04-01,2026-04-01,2970.7,581.8,3905.75,Cancelled,Delhi,Shepardtown
SHP000944,ORD000559,WH005,CUST00345,VEH0031,Delhivery,2026-04-04,2026-04-06,2026-04-06,1119.2,944.1,3215.88,Delayed,Rotterdam,Stephaniemouth
SHP000424,ORD000719,WH012,CUST00063,VEH0053,Delhivery,2026-03-26,2026-04-06,2026-04-06,1111.8,2798.7,1503.72,Out for Delivery,Hamburg,Riveraberg
SHP000348,ORD000553,WH015,CUST00166,VEH0054,XPO Logistics,2026-07-12,2026-07-14,2026-07-14,286.6,18.0,567.25,In Transit,Atlanta,Gilmoremouth
SHP000823,ORD000844,WH010,CUST00513,VEH0025,DHL,2026-04-19,2026-04-27,2026-04-27,1685.5,4379.0,2993.81,Out for Delivery,Newark,Colinborough
SHP000422,ORD000734,WH005,CUST00212,VEH0021,DHL,2026-07-08,2026-07-14,2026-07-14,171.7,975.4,3819.7,Cancelled,Rotterdam,Castilloside
SHP001037,ORD000950,WH014,CUST00227,VEH0029,XPO Logistics,2026-08-09,2026-08-14,2026-08-14,2518.4,3101.1,3343.59,In Transit,Atlanta,Caldwellfurt
SHP000601,ORD000238,WH011,CUST00058,VEH0018,XPO Logistics,2026-06-24,2026-07-02,2026-07-02,121.9,1845.8,2000.97,Delivered,Newark,Davismouth
SHP001133,ORD000647,wh007,CUST00418,VEH0039,BlueDart,2026-03-06,2026-03-16,2026-03-16,2237.9,1599.5,3864.62,Delivered,Delhi,West Troystad
SHP000748,ORD000916,wh009,CUST00077,VEH0053,BlueDart,2026-03-10,2026-03-14,2026-03-14,748.8,4532.0,711.3,Delayed,Atlanta,Port Marybury
SHP000834,ORD000763,WH011,CUST00449,VEH0042,DHL,2026-07-22,2026-08-03,2026-08-03,2991.7,123.2,1946.25,Cancelled,Newark,Davidfort
SHP000571,ORD001150,WH005,CUST00529,VEH0024,In-house Fleet,2026-06-03,2026-06-04,2026-06-04,874.3,930.0,3262.59,Delivered,Rotterdam,East Bryan
SHP001168,ORD000487,WH006,CUST00478,VEH0023,XPO Logistics,2026-02-21,2026-02-27,2026-02-27,981.3,4871.8,1612.8,Cancelled,Atlanta,West Dana
SHP000297,ORD000342,WH015,CUST00267,VEH0004,Delhivery,2026-06-12,2026-06-22,2026-06-22,282.5,4875.8,2686.64,Delivered,Atlanta,Port David
SHP001106,ORD000295,WH007,CUST00455,VEH0041,FedEx,2026-07-21,2026-07-29,2026-07-29,2277.9,3288.7,2362.53,Delayed,Delhi,Obrienchester
SHP000116,ORD000648,WH006,CUST00056,VEH0009,Delhivery,2026-05-29,2026-06-10,2026-06-10,-31.1,811.3,1022.49,Cancelled,Atlanta,Destinybury
SHP001470,ORD000877,WH012,CUST00486,VEH0011,XPO Logistics,2026-03-26,2026-03-31,2026-03-31,2008.0,1153.8,3200.55,Delayed,Hamburg,Schwartzview
SHP001308,ORD000180,WH009,CUST00437,VEH0034,FedEx,2026-04-23,2026-04-25,2026-04-25,1494.3,3933.9,1937.47,In Transit,Atlanta,East Amberborough
SHP000469,ORD000626,WH003,CUST00224,VEH0031,In-house Fleet,2026-08-16,2026-08-17,2026-08-17,2554.5,3275.3,700.75,Delivered,Columbus,Schmidtmouth
SHP000902,ORD000436,WH007,CUST00191,VEH0055,DHL,2026-04-11,2026-04-22,2026-04-22,2738.8,3967.7,3574.37,Delivered,Delhi,West James
SHP000451,ORD000464,WH013,CUST00259,VEH0046,In-house Fleet,2026-04-05,2026-04-08,2026-04-08,1894.4,1275.7,3850.83,In Transit,Chennai,South Tiffanyhaven
SHP001118,ORD000187,WH011,CUST00078,VEH0059,DHL,2026-06-20,2026-06-22,2026-06-22,58.6,2921.9,2529.47,Out for Delivery,Newark,Lake Janetberg
SHP001076,ORD000371,WH007,CUST00438,VEH0045,BlueDart,2026-07-29,2026-08-01,2026-08-01,794.5,1173.8,1256.74,In Transit,Delhi,Port Alexandraside
SHP000751,ORD000620,WH002,CUST00371,VEH0031,Delhivery,2026-05-19,2026-05-31,2026-05-31,2440.9,151.5,396.29,Delivered,Singapore,Pittston
SHP000515,ORD001013,WH001,CUST00390,VEH0043,BlueDart,2026-05-03,2026-05-07,2026-05-07,683.8,4240.8,2288.16,Delivered,Chennai,Daniellemouth
SHP000483,ORD000928,WH014,CUST00561,VEH0024,Delhivery,2026-05-25,2026-06-05,2026-06-05,667.4,4609.0,3416.99,Delivered,Atlanta,Duffyborough
SHP000952,ORD000378,WH007,CUST00123,VEH0038,XPO Logistics,2026-04-23,2026-04-26,2026-04-26,2305.5,4426.8,2616.67,Delayed,Delhi,South Johnny
SHP000807,ORD000138,WH010,CUST00336,VEH0042,Delhivery,2026-02-24,2026-02-28,2026-02-28,373.6,3906.5,1588.01,Delivered,Newark,West Kerry
SHP001474,ORD000515,WH007,CUST00408,VEH0026,In-house Fleet,2026-05-02,2026-05-06,2026-05-06,399.9,3172.6,2287.16,Delivered,Delhi,Ryanfurt
SHP000388,ORD001016,wh015,CUST00569,VEH0054,BlueDart,2026-02-27,2026-03-02,2026-03-02,652.3,3792.7,25.36,In Transit,Atlanta,Lake Julieberg
SHP000203,ORD001135,WH009,CUST00394,VEH0005,Delhivery,2026-02-17,2026-02-18,2026-02-18,2960.4,338.2,3024.34,Delayed,Atlanta,East Brettchester
SHP000503,ORD000599,WH008,CUST00338,VEH0058,Delhivery,2026-04-28,2026-05-03,,2269.4,2579.8,341.86,In Transit,Singapore,Lake Lisaport
SHP001082,ORD001148,WH002,CUST00534,VEH0045,BlueDart,2026-06-19,2026-06-20,2026-06-20,741.8,1904.9,829.54,Delayed,Singapore,Port Sarah
SHP001175,ORD000245,WH011,CUST00253,VEH0016,XPO Logistics,2026-04-30,2026-05-06,2026-05-06,583.0,1567.4,2667.28,Delivered,Newark,Chanmouth
SHP000954,ORD001024,WH009,CUST00245,VEH0014,In-house Fleet,2026-06-20,2026-06-21,2026-06-21,856.4,520.5,3845.57,In Transit,Atlanta,Lake Christopher
SHP000110,ORD000056,WH009,CUST00051,VEH0051,XPO Logistics,2026-04-27,2026-05-04,,688.3,3578.9,1943.29,In Transit,Atlanta,Christopherfurt
SHP000143,ORD000399,wh013,CUST00228,VEH0040,XPO Logistics,2026-04-25,2026-05-06,2026-05-06,682.5,335.9,1055.67,Cancelled,Chennai,South Angela
SHP000844,ORD000855,WH008,CUST00053,VEH0048,In-house Fleet,2026-08-10,2026-08-20,2026-08-20,1629.1,4253.5,990.46,In Transit,Singapore,Port Lauren
SHP001344,ORD000011,wh004,CUST00538,VEH0008,Delhivery,2026-05-10,2026-05-11,,846.5,3001.0,724.81,In Transit,Columbus,Silvaville
SHP000159,ORD000135,WH013,CUST00191,VEH0037,XPO Logistics,2026-05-28,2026-05-31,2026-05-31,1731.3,3986.5,1391.15,Out for Delivery,Chennai,Port Jesse
SHP001343,ORD000387,WH005,CUST00474,VEH0003,BlueDart,2026-05-06,2026-05-09,2026-05-09,913.0,353.0,3658.94,Cancelled,Rotterdam,Heatherburgh
SHP001190,ORD000017,WH008,CUST00399,VEH0041,Delhivery,2026-05-23,2026-05-24,2026-05-24,2617.7,680.0,1010.57,Delivered,Singapore,Murrayside
SHP001136,ORD000786,WH011,CUST00152,VEH0004,BlueDart,2026-05-28,2026-06-03,2026-06-03,346.4,3229.2,2365.05,Cancelled,Newark,Lake Rachel
SHP000215,ORD000104,WH004,CUST00369,VEH0054,In-house Fleet,2026-04-28,2026-05-02,,1215.6,2555.3,1630.89,In Transit,Columbus,Port Lauraberg
SHP001259,ORD000900,WH001,CUST00561,VEH0060,FedEx,2026-06-11,2026-06-14,2026-06-14,2803.5,3660.4,2835.63,Out for Delivery,Chennai,West Andrew
SHP001092,ORD000293,WH007,CUST00414,VEH0054,XPO Logistics,2026-07-29,2026-08-03,2026-08-03,1074.3,564.9,1265.32,Delivered,Delhi,East Geneton
SHP001391,ORD000023,wh010,CUST00572,VEH0030,FedEx,2026-05-16,2026-05-18,2026-05-18,425.5,4096.7,3090.79,Delivered,Newark,Codyfurt
SHP000621,ORD000830,WH004,CUST00269,VEH0004,XPO Logistics,2026-05-25,2026-06-05,2026-06-05,754.0,3420.1,2122.33,Cancelled,Columbus,South Mike
SHP000331,ORD000528,WH004,CUST00533,VEH0010,BlueDart,2026-02-24,2026-03-01,2026-03-01,2078.6,4274.8,254.44,In Transit,Columbus,Youngport
SHP000781,ORD000642,WH014,CUST00060,VEH0030,XPO Logistics,2026-06-29,2026-07-05,2026-07-05,803.7,1292.0,851.67,Delivered,Atlanta,Griffithfurt
SHP001221,ORD000346,WH013,CUST00556,VEH0057,DHL,2026-04-20,2026-04-29,2026-04-29,2696.3,1983.3,2027.02,In Transit,Chennai,West Jorgebury
SHP001131,ORD000875,WH014,CUST00143,VEH0018,BlueDart,2026-06-26,2026-07-08,2026-07-08,1479.6,554.3,2422.59,Delivered,Atlanta,Petersonfort
SHP000429,ORD001187,WH013,CUST00340,VEH0048,In-house Fleet,2026-05-31,2026-06-05,2026-06-05,2898.3,538.5,3604.95,Delivered,Chennai,New Brandontown
SHP000899,ORD000879,WH015,CUST00456,VEH0058,FedEx,2026-04-14,2026-04-16,2026-04-16,448.0,2925.1,2974.42,Delivered,Atlanta,North Timothyburgh
SHP000880,ORD000396,wh001,CUST00066,VEH0001,In-house Fleet,2026-08-13,2026-08-19,2026-08-19,404.8,4312.4,2484.55,Cancelled,Chennai,East Matthewville
SHP000586,ORD001190,WH002,CUST00576,VEH0031,In-house Fleet,2026-05-03,2026-05-07,,892.1,182.8,3721.91,In Transit,Singapore,Murrayton
SHP001098,ORD000595,WH013,CUST00591,VEH0055,XPO Logistics,2026-05-20,2026-05-30,2026-05-30,2606.6,2864.6,1942.86,Cancelled,Chennai,Cervanteston
SHP001210,ORD000556,WH003,CUST00069,VEH0020,DHL,2026-08-09,2026-08-21,2026-08-21,2972.2,988.1,293.88,Delayed,Columbus,Mikeport
SHP000714,ORD000804,WH014,CUST00030,VEH0052,DHL,2026-02-22,2026-03-05,2026-03-05,808.0,2232.5,2151.47,Delivered,Atlanta,Fishermouth
SHP000838,ORD000463,WH003,CUST00105,VEH0027,In-house Fleet,2026-03-21,2026-04-01,2026-04-01,2097.6,2045.0,2708.76,Delivered,Columbus,Martinland
SHP000448,ORD001019,WH002,CUST00102,VEH0041,Delhivery,2026-03-27,2026-04-04,2026-04-04,242.2,4965.4,123.98,Delivered,Singapore,Drewmouth
SHP000805,ORD000121,WH004,CUST00588,VEH0030,BlueDart,2026-08-14,2026-08-26,,2891.9,3597.9,721.73,In Transit,Columbus,Riverachester
SHP000668,ORD001148,WH005,CUST00456,VEH0022,XPO Logistics,2026-06-20,2026-06-29,2026-06-29,809.4,3274.9,2902.35,In Transit,Rotterdam,Karenland
SHP000825,ORD000480,WH001,CUST00526,VEH0043,BlueDart,2026-05-13,2026-05-14,2026-05-14,1940.3,1598.1,658.61,Out for Delivery,Chennai,Vegashire
SHP000517,ORD000320,WH005,CUST00130,VEH0035,In-house Fleet,2026-08-03,2026-08-08,,1439.5,1064.9,547.48,In Transit,Rotterdam,Morganchester
SHP000564,ORD000456,WH012,CUST00008,VEH0045,Delhivery,2026-07-11,2026-07-18,2026-07-18,2736.6,1621.7,3251.08,Cancelled,Hamburg,Christopherfurt
SHP000273,ORD000114,WH014,CUST00032,VEH0011,FedEx,2026-07-23,2026-07-26,2026-07-26,1902.7,4233.0,1222.43,Out for Delivery,Atlanta,East Andrew
SHP001434,ORD000420,WH005,CUST00507,VEH0041,DHL,2026-03-07,2026-03-19,2026-03-19,1398.1,3616.2,322.65,Delivered,Rotterdam,West Jacob
SHP000140,ORD000329,wh011,CUST00102,VEH0027,In-house Fleet,2026-07-23,2026-07-28,2026-07-28,795.9,417.0,3094.61,Delayed,Newark,Lawrencebury
SHP000741,ORD000143,WH006,CUST00520,VEH0012,DHL,2026-05-12,2026-05-15,2026-05-15,572.6,3842.3,2512.67,In Transit,Atlanta,Barnettborough
SHP000649,ORD000482,WH015,CUST00213,VEH0006,Delhivery,2026-07-02,2026-07-06,2026-07-06,2493.0,3190.1,3148.12,Delivered,Atlanta,Shepherdtown
SHP001449,ORD000079,WH012,CUST00303,VEH0042,Delhivery,2026-02-18,2026-02-24,2026-02-24,1008.8,3936.3,1370.77,Delivered,Hamburg,Patrickborough
SHP000432,ORD000305,WH005,CUST00589,VEH0012,DHL,2026-04-23,2026-05-02,2026-05-02,2865.3,2763.2,3766.24,In Transit,Rotterdam,Isabellamouth
SHP001460,ORD000752,WH003,CUST00591,VEH0002,In-house Fleet,2026-05-23,2026-06-02,2026-06-02,1958.3,3049.8,365.77,Delivered,Columbus,Gregoryfort
SHP001298,ORD000013,WH003,CUST00479,VEH0005,FedEx,2026-04-23,2026-05-04,2026-05-04,2892.3,4260.8,3426.66,Out for Delivery,Columbus,Ashleeborough
SHP001429,ORD000890,WH015,CUST00112,VEH0044,BlueDart,2026-06-13,2026-06-14,2026-06-14,2137.7,2923.2,3435.02,Cancelled,Atlanta,South Rickychester
SHP000753,ORD000251,WH003,CUST00532,VEH0016,Delhivery,2026-03-08,2026-03-19,2026-03-19,2009.0,3941.0,3265.9,Out for Delivery,Columbus,Greenburgh
SHP001207,ORD000762,WH007,CUST00057,VEH0001,XPO Logistics,2026-07-05,2026-07-11,2026-07-11,2629.8,3991.5,3051.62,Delivered,Delhi,Holtfort
SHP001382,ORD000839,WH015,CUST00532,VEH0048,In-house Fleet,2026-06-03,2026-06-06,2026-06-06,2791.5,1428.2,3965.84,Cancelled,Atlanta,Kevinfort
SHP001112,ORD000654,WH014,CUST00417,VEH0032,In-house Fleet,2026-06-27,2026-07-08,2026-07-08,446.9,873.5,1711.91,In Transit,Atlanta,Port Amyhaven
SHP001366,ORD000006,WH001,CUST00564,VEH0009,DHL,2026-06-02,2026-06-05,2026-06-05,2035.8,3481.2,3854.86,In Transit,Chennai,Sanchezstad
SHP001273,ORD000051,WH002,CUST00233,VEH0039,XPO Logistics,2026-08-06,2026-08-12,2026-08-12,938.9,338.8,281.95,Out for Delivery,Singapore,Lake Lisa
SHP001054,ORD001054,WH002,CUST00279,VEH0002,DHL,2026-07-16,2026-07-28,,1699.4,2437.7,1738.37,In Transit,Singapore,Jordantown
SHP001342,ORD000670,WH008,CUST00036,VEH0015,FedEx,2026-07-25,2026-08-03,2026-08-03,2382.5,2138.3,318.2,In Transit,Singapore,Angelabury
SHP000129,ORD000014,wh002,CUST00394,VEH0059,FedEx,2026-04-07,2026-04-11,2026-04-11,900.5,4562.7,1015.21,In Transit,Singapore,New Stanley
SHP000009,ORD000264,WH001,CUST00598,VEH0007,XPO Logistics,2026-02-23,2026-02-26,2026-02-26,1791.9,929.6,2237.1,Delivered,Chennai,Alexanderborough
SHP000312,ORD001132,WH015,CUST00575,VEH0045,Delhivery,2026-02-21,2026-03-02,2026-03-02,1444.6,2566.7,3104.07,Delivered,Atlanta,Ramirezfurt
SHP001222,ORD000604,WH013,CUST00147,VEH0060,BlueDart,2026-08-13,2026-08-19,2026-08-19,240.1,3466.8,3956.84,Out for Delivery,Chennai,Wileyville
SHP000527,ORD000063,WH012,CUST00548,VEH0002,DHL,2026-06-14,2026-06-21,,1216.0,1798.3,1971.29,In Transit,Hamburg,East Carolyn
SHP001081,ORD000010,wh003,CUST00351,VEH0022,BlueDart,2026-07-09,2026-07-15,2026-07-15,664.4,1865.9,1297.02,Delayed,Columbus,Williamsland
SHP001080,ORD000134,WH005,CUST00025,VEH0047,FedEx,2026-02-25,2026-03-01,2026-03-01,581.7,3073.0,3940.14,Cancelled,Rotterdam,East Craigfort
SHP000207,ORD000018,WH010,CUST00004,VEH0023,Delhivery,2026-07-08,2026-07-19,2026-07-19,892.2,139.6,2089.94,Cancelled,Newark,New Josephport
SHP001445,ORD000040,WH010,CUST00397,VEH0015,XPO Logistics,2026-03-14,2026-03-19,2026-03-19,1111.1,578.0,3148.07,Delayed,Newark,Bellfurt
SHP000847,ORD000589,WH008,CUST00111,VEH0034,Delhivery,2026-02-17,2026-02-18,2026-02-18,1610.2,3660.1,2731.83,Out for Delivery,Singapore,Mooreland
SHP000920,ORD000473,WH006,CUST00321,VEH0017,In-house Fleet,2026-04-13,2026-04-15,2026-04-15,1904.8,2048.8,544.83,Delivered,Atlanta,Bautistashire
SHP000204,ORD000615,WH013,CUST00111,VEH0010,DHL,2026-04-14,2026-04-18,2026-04-18,1796.6,3558.3,2042.96,Out for Delivery,Chennai,Andreashire
SHP000055,ORD000561,WH001,CUST00121,VEH0046,BlueDart,2026-06-26,2026-07-07,2026-07-07,876.1,4634.9,2065.1,Cancelled,Chennai,West Kyle
SHP001122,ORD000376,WH002,CUST00348,VEH0016,In-house Fleet,2026-04-15,2026-04-23,2026-04-23,2855.0,2756.8,3372.55,Delayed,Singapore,Robertland
SHP000489,ORD000580,WH014,CUST00478,VEH0022,Delhivery,2026-03-18,2026-03-26,2026-03-26,657.7,3298.6,3605.34,In Transit,Atlanta,North April
SHP000541,ORD000496,WH009,CUST00428,VEH0023,BlueDart,2026-08-13,2026-08-21,2026-08-21,-16.2,4148.7,832.85,In Transit,Atlanta,Sandramouth
SHP001231,ORD000204,WH004,CUST00125,VEH0013,Delhivery,2026-05-30,2026-06-09,2026-06-09,2881.7,4045.8,3856.26,Out for Delivery,Columbus,North Coryburgh
SHP000190,ORD000908,WH009,CUST00151,VEH0049,Delhivery,2026-07-09,2026-07-15,2026-07-15,99.5,1972.7,705.45,Delivered,Atlanta,South Vanessa
SHP000109,ORD000842,WH005,CUST00254,VEH0035,XPO Logistics,2026-08-16,2026-08-18,2026-08-18,557.2,2895.8,3141.98,In Transit,Rotterdam,New Bonniefurt
SHP000538,ORD001075,WH011,CUST00450,VEH0052,XPO Logistics,2026-07-04,2026-07-05,2026-07-05,342.8,281.4,2153.05,Delayed,Newark,New Ashley
SHP000522,ORD000864,WH013,CUST00144,VEH0053,DHL,2026-05-29,2026-06-08,2026-06-08,2946.7,1388.5,197.36,In Transit,Chennai,New Danielle
SHP000898,ORD000231,WH003,CUST00168,VEH0002,Delhivery,2026-07-20,2026-07-25,2026-07-25,745.0,1209.6,3132.74,Delivered,Columbus,South Jamesfort
SHP000551,ORD000098,WH002,CUST00177,VEH0003,Delhivery,2026-06-03,2026-06-09,2026-06-09,1644.6,3432.5,1463.88,Delayed,Singapore,Port Davidhaven
SHP000023,ORD000710,WH005,CUST00164,VEH0052,Delhivery,2026-05-11,2026-05-15,2026-05-15,2257.2,4602.7,2970.78,Delayed,Rotterdam,North Vincent
SHP000377,ORD000917,WH005,CUST00006,VEH0015,In-house Fleet,2026-06-08,2026-06-14,2026-06-14,409.5,1626.6,1374.75,In Transit,Rotterdam,Fordfort
SHP000949,ORD001112,WH012,CUST00127,VEH0019,FedEx,2026-05-05,2026-05-16,2026-05-16,2953.1,4643.2,3519.28,Delivered,Hamburg,Waltersshire
SHP000595,ORD000591,WH013,CUST00503,VEH0015,FedEx,2026-04-05,2026-04-17,2026-04-17,2707.6,215.7,895.55,Delivered,Chennai,Briantown
SHP001351,ORD001046,WH013,CUST00250,VEH0053,XPO Logistics,2026-06-11,2026-06-21,2026-06-21,1058.9,4385.5,621.85,In Transit,Chennai,Martinezland
SHP000206,ORD000182,WH006,CUST00492,VEH0025,BlueDart,2026-07-25,2026-07-31,2026-07-31,2066.6,2161.4,3743.04,In Transit,Atlanta,New Jesse
SHP000094,ORD000750,WH003,CUST00248,VEH0031,DHL,2026-02-22,2026-02-28,2026-02-28,1928.2,4483.2,2066.13,Delivered,Columbus,Weberport
SHP000225,ORD000030,WH005,CUST00130,VEH0045,In-house Fleet,2026-05-22,2026-05-29,2026-05-29,1667.0,4044.8,1163.22,Out for Delivery,Rotterdam,North Kristenchester
SHP001307,ORD000604,WH005,CUST00599,VEH0022,Delhivery,2026-08-11,2026-08-13,2026-08-13,1615.5,4296.2,27.56,Delivered,Rotterdam,West Sarahville
SHP001078,ORD001184,WH010,CUST00173,VEH0010,BlueDart,2026-08-13,2026-08-15,2026-08-15,1115.5,3046.2,1086.73,Delivered,Newark,Hillton
SHP001257,ORD000199,WH011,CUST00458,VEH0023,BlueDart,2026-04-10,2026-04-18,2026-04-18,1044.6,1451.6,2696.43,Out for Delivery,Newark,Dawnview
SHP001135,ORD000321,WH005,CUST00265,VEH0022,Delhivery,2026-02-25,2026-02-27,2026-02-27,963.6,3207.4,3867.54,Cancelled,Rotterdam,Willieburgh
SHP000441,ORD000657,wh001,CUST00529,VEH0045,In-house Fleet,2026-08-11,2026-08-21,2026-08-21,341.5,3075.7,1414.75,Out for Delivery,Chennai,Alexanderville
SHP000589,ORD000495,WH008,CUST00263,VEH0025,BlueDart,2026-08-10,2026-08-13,2026-08-13,1439.7,193.4,3242.77,Cancelled,Singapore,Port Chelseaburgh
SHP000878,ORD000310,WH001,CUST00217,VEH0012,In-house Fleet,2026-02-24,2026-03-06,2026-03-06,207.4,67.1,1661.63,Delivered,Chennai,New Anthonyberg
SHP001069,ORD000954,WH007,CUST00576,VEH0044,FedEx,2026-04-22,2026-04-25,2026-04-25,46.7,3939.1,979.42,Delivered,Delhi,Heatherland
SHP000746,ORD000380,WH013,CUST00227,VEH0032,Delhivery,2026-07-06,2026-07-14,2026-07-14,1362.0,3718.7,1323.79,In Transit,Chennai,Riddlehaven
SHP000093,ORD000548,WH005,CUST00091,VEH0016,Delhivery,2026-06-30,2026-07-03,2026-07-03,710.5,1495.9,760.44,Out for Delivery,Rotterdam,West Ericatown
SHP000989,ORD000338,WH004,CUST00487,VEH0028,In-house Fleet,2026-04-14,2026-04-26,2026-04-26,1487.7,1289.3,99.68,Cancelled,Columbus,Nicholsland
SHP001012,ORD001052,WH012,CUST00420,VEH0017,DHL,2026-05-21,2026-05-24,2026-05-24,2505.2,3590.4,1343.43,Delivered,Hamburg,Dennisberg
SHP000271,ORD000894,WH006,CUST00349,VEH0024,Delhivery,2026-07-13,2026-07-22,2026-07-22,2375.3,4781.2,2596.2,Out for Delivery,Atlanta,West Michelleside
SHP001260,ORD000032,WH007,CUST00130,VEH0045,FedEx,2026-03-13,2026-03-24,2026-03-24,1400.3,4714.8,3217.56,Cancelled,Delhi,East Diamond
SHP001353,ORD000225,WH007,CUST00162,VEH0041,BlueDart,2026-06-28,2026-07-05,2026-07-05,2573.8,120.4,2947.64,Delayed,Delhi,East Maryfort
SHP000076,ORD000620,WH013,CUST00177,VEH0047,Delhivery,2026-03-12,2026-03-23,,2758.0,2823.4,511.34,In Transit,Chennai,Micheleton
SHP000972,ORD000826,WH010,CUST00389,VEH0060,XPO Logistics,2026-04-22,2026-04-24,2026-04-24,95.6,3544.0,3541.91,Delayed,Newark,South Robinside
SHP001153,ORD001068,WH002,CUST00064,VEH0052,FedEx,2026-05-26,2026-06-04,2026-06-04,1055.4,398.7,546.58,In Transit,Singapore,North Scottberg
SHP001500,ORD000579,WH010,CUST00200,VEH0025,Delhivery,2026-03-21,2026-03-22,2026-03-22,1357.2,3314.1,320.51,Out for Delivery,Newark,East Ricardo
SHP000561,ORD000940,WH004,CUST00204,VEH0018,DHL,2026-07-03,2026-07-14,2026-07-14,1897.8,535.0,1906.66,Cancelled,Columbus,Grosstown
SHP000793,ORD000862,WH005,CUST00072,VEH0036,FedEx,2026-03-06,2026-03-12,2026-03-12,1379.6,2031.6,755.42,Out for Delivery,Rotterdam,West Troy
SHP001128,ORD000834,WH003,CUST00595,VEH0032,DHL,2026-03-16,2026-03-27,2026-03-27,378.5,2954.4,3812.43,Delivered,Columbus,Alexishaven
SHP000905,ORD000342,WH006,CUST00446,VEH0046,In-house Fleet,2026-06-16,2026-06-23,2026-06-23,289.8,3796.8,2415.68,Delayed,Atlanta,Monicaburgh
SHP000247,ORD001012,WH006,CUST00549,VEH0009,BlueDart,2026-07-19,2026-07-29,2026-07-29,2883.4,1584.4,1213.96,Delivered,Atlanta,Jennifershire
SHP001392,ORD001110,WH012,CUST00273,VEH0017,In-house Fleet,2026-05-05,2026-05-15,2026-05-15,208.2,208.6,2015.48,In Transit,Hamburg,Paynestad
SHP001053,ORD001079,WH006,CUST00235,VEH0009,FedEx,2026-06-21,2026-06-25,2026-06-25,1623.7,1400.4,3089.35,Delivered,Atlanta,Traviston
SHP000470,ORD000109,WH014,CUST00328,VEH0030,In-house Fleet,2026-06-14,2026-06-20,2026-06-20,2998.5,577.1,1444.4,Delayed,Atlanta,Port Victoriaburgh
SHP001499,ORD000669,WH002,CUST00359,VEH0060,XPO Logistics,2026-08-16,2026-08-18,2026-08-18,813.6,2768.4,754.1,Delivered,Singapore,Martinton
SHP001385,ORD001173,WH013,CUST00376,VEH0027,In-house Fleet,2026-06-10,2026-06-15,2026-06-15,1871.9,1292.6,1183.99,Delivered,Chennai,East Crystal
SHP001145,ORD000459,WH012,CUST00230,VEH0034,XPO Logistics,2026-05-17,2026-05-18,2026-05-18,682.6,1443.9,2207.8,Cancelled,Hamburg,Lake Davidville
SHP000131,ORD000723,WH003,CUST00168,VEH0053,DHL,2026-06-17,2026-06-19,2026-06-19,2984.4,4763.4,2282.1,Delayed,Columbus,Elaineborough
SHP001263,ORD000339,wh015,CUST00318,VEH0010,BlueDart,2026-03-28,2026-04-05,2026-04-05,907.5,975.4,1991.13,Delivered,Atlanta,Snyderberg
SHP000025,ORD000411,WH002,CUST00343,VEH0032,DHL,2026-02-27,2026-03-01,2026-03-01,2154.0,3116.7,684.58,Delivered,Singapore,South Patrickstad
SHP000584,ORD000983,WH001,CUST00097,VEH0013,DHL,2026-05-09,2026-05-21,2026-05-21,1472.5,3296.2,2994.17,Delivered,Chennai,Port Michelleborough
SHP000392,ORD000571,WH003,CUST00224,VEH0029,BlueDart,2026-04-14,2026-04-18,2026-04-18,336.1,1108.9,414.48,In Transit,Columbus,Michaelport
SHP000720,ORD000801,WH015,CUST00351,VEH0057,FedEx,2026-07-07,2026-07-14,2026-07-14,2891.2,4579.3,1340.72,Delivered,Atlanta,Diazport
SHP001171,ORD000124,WH001,CUST00481,VEH0054,FedEx,2026-04-19,2026-04-30,2026-04-30,2726.1,2587.2,1595.32,Delivered,Chennai,Lake Collinfurt
SHP001379,ORD000539,WH001,CUST00066,VEH0009,XPO Logistics,2026-08-07,2026-08-10,2026-08-10,1231.2,3253.4,620.32,Cancelled,Chennai,Kristamouth
SHP000792,ORD000745,WH006,CUST00238,VEH0046,FedEx,2026-08-06,2026-08-17,2026-08-17,2797.3,2153.5,1998.54,In Transit,Atlanta,Port Josephmouth
SHP000026,ORD000558,WH005,CUST00512,VEH0045,XPO Logistics,2026-03-23,2026-04-02,2026-04-02,1155.2,2674.0,330.81,In Transit,Rotterdam,East Robertton
SHP000156,ORD000629,WH004,CUST00593,VEH0005,DHL,2026-05-30,2026-06-05,2026-06-05,2466.1,2473.5,3038.82,Out for Delivery,Columbus,Carlview
SHP001440,ORD000848,WH008,CUST00452,VEH0045,In-house Fleet,2026-08-14,2026-08-25,2026-08-25,1277.5,3939.8,987.73,Cancelled,Singapore,Markchester
SHP000775,ORD000512,WH002,CUST00472,VEH0038,FedEx,2026-06-22,2026-07-01,,1211.7,1983.0,2285.69,In Transit,Singapore,Port Tanyastad
SHP000543,ORD000279,WH010,CUST00417,VEH0026,BlueDart,2026-04-08,2026-04-12,2026-04-12,2159.6,61.2,3979.03,Delivered,Newark,Valerietown
SHP000960,ORD000779,WH003,CUST00506,VEH0020,XPO Logistics,2026-07-02,2026-07-03,2026-07-03,2653.0,1693.6,3240.09,Delivered,Columbus,Rachelborough
SHP000670,ORD000286,WH001,CUST00172,VEH0011,DHL,2026-03-02,2026-03-10,2026-03-10,1511.0,1425.7,3502.69,Delivered,Chennai,Port Janetfurt
SHP000671,ORD000589,WH001,CUST00266,VEH0055,In-house Fleet,2026-06-11,2026-06-22,2026-06-22,138.5,4659.6,1606.0,In Transit,Chennai,Murphyburgh
SHP001127,ORD000391,wh011,CUST00318,VEH0002,BlueDart,2026-06-24,2026-06-25,2026-06-25,794.4,3268.9,3019.88,Delivered,Newark,North Lori
SHP000678,ORD000078,WH014,CUST00365,VEH0042,BlueDart,2026-05-10,2026-05-17,2026-05-17,2064.2,1655.7,1639.38,In Transit,Atlanta,South Ashleyton
SHP000446,ORD000554,WH005,CUST00516,VEH0018,BlueDart,2026-05-16,2026-05-24,2026-05-24,2718.5,4139.5,663.7,Delivered,Rotterdam,Lucaschester
SHP000686,ORD001176,WH010,CUST00237,VEH0051,FedEx,2026-07-09,2026-07-11,2026-07-11,806.8,696.9,1692.58,Out for Delivery,Newark,Ambermouth
SHP001357,ORD000896,WH011,CUST00141,VEH0050,BlueDart,2026-07-22,2026-07-25,2026-07-25,901.3,2305.5,1816.78,Out for Delivery,Newark,Onealfort
SHP000963,ORD000923,WH002,CUST00071,VEH0001,Delhivery,2026-04-14,2026-04-20,2026-04-20,69.4,1983.0,702.18,Delivered,Singapore,Hannahton
SHP000180,ORD000329,WH014,CUST00482,VEH0014,In-house Fleet,2026-04-21,2026-04-28,2026-04-28,1971.6,291.3,1917.35,Delayed,Atlanta,Lake Michaelville
SHP001422,ORD000718,WH010,CUST00581,VEH0002,FedEx,2026-07-13,2026-07-17,2026-07-17,1989.5,3113.2,866.55,Cancelled,Newark,Ericaland
SHP001359,ORD000349,WH013,CUST00102,VEH0029,XPO Logistics,2026-02-19,2026-02-24,2026-02-24,2449.2,216.1,3082.45,Cancelled,Chennai,Lake Monique
SHP001495,ORD000255,WH007,CUST00583,VEH0019,FedEx,2026-03-18,2026-03-23,2026-03-23,1432.4,3537.9,809.02,Cancelled,Delhi,East Michael
SHP000011,ORD000180,WH004,CUST00044,VEH0007,Delhivery,2026-06-21,2026-06-23,2026-06-23,2419.1,1921.6,1480.94,Delivered,Columbus,South Tonya
SHP000355,ORD000393,WH007,CUST00026,VEH0042,FedEx,2026-07-15,2026-07-20,2026-07-20,2074.8,4213.3,3552.47,In Transit,Delhi,New Steven
SHP000068,ORD000257,WH014,CUST00278,VEH0032,DHL,2026-02-19,2026-02-25,2026-02-25,2941.3,628.8,3430.86,Delayed,Atlanta,North David
SHP001386,ORD000682,WH013,CUST00127,VEH0036,Delhivery,2026-05-09,2026-05-13,2026-05-13,1551.7,2883.7,1849.85,Delivered,Chennai,Watkinsview
SHP000146,ORD000025,WH002,CUST00055,VEH0032,DHL,2026-07-26,2026-07-29,2026-07-29,2085.2,3309.8,736.34,Out for Delivery,Singapore,Mcgeeport
SHP001138,ORD000455,WH003,CUST00284,VEH0042,DHL,2026-05-31,2026-06-04,2026-06-04,1465.1,3554.7,3050.2,Delivered,Columbus,East Virginiaburgh
SHP000416,ORD000749,WH001,CUST00045,VEH0049,XPO Logistics,2026-07-22,2026-07-31,2026-07-31,1226.8,1323.1,1929.5,Delayed,Chennai,Duanefurt
SHP000914,ORD000159,wh015,CUST00173,VEH0011,Delhivery,2026-06-03,2026-06-14,,1311.4,783.7,231.84,In Transit,Atlanta,Lake Robertport
SHP000507,ORD000876,WH012,CUST00062,VEH0002,DHL,2026-06-21,2026-07-02,2026-07-02,1344.3,4127.5,3057.17,Delivered,Hamburg,Matthewtown
SHP000301,ORD000311,WH011,CUST00288,VEH0003,XPO Logistics,2026-05-13,2026-05-24,2026-05-24,996.0,296.6,1797.69,In Transit,Newark,Amandatown
SHP000524,ORD001041,WH003,CUST00537,VEH0054,DHL,2026-06-09,2026-06-19,2026-06-19,118.0,3444.9,182.62,Delivered,Columbus,Port Samantha
SHP001469,ORD000896,WH008,CUST00168,VEH0025,BlueDart,2026-04-10,2026-04-11,2026-04-11,2385.0,3917.2,3434.5,In Transit,Singapore,Carlaview
SHP001134,ORD000870,WH004,CUST00031,VEH0053,DHL,2026-07-30,2026-08-09,2026-08-09,1229.3,4665.9,2088.44,In Transit,Columbus,North Johnville
SHP000438,ORD000218,WH003,CUST00303,VEH0001,Delhivery,2026-04-25,2026-05-02,,1664.5,4312.1,1626.23,In Transit,Columbus,South Raymondfurt
SHP001169,ORD000718,WH003,CUST00045,VEH0015,FedEx,2026-05-19,2026-05-28,2026-05-28,2293.0,1755.9,3490.05,Delivered,Columbus,Haleyton
SHP000812,ORD000049,WH010,CUST00233,VEH0004,FedEx,2026-03-14,2026-03-22,2026-03-22,925.6,2143.1,2506.81,Out for Delivery,Newark,South Coleside
SHP000843,ORD000942,WH005,CUST00400,VEH0007,DHL,2026-04-26,2026-05-01,2026-05-01,953.7,314.9,435.52,Delivered,Rotterdam,North Maryberg
SHP000139,ORD000833,WH011,CUST00537,VEH0047,BlueDart,2026-02-21,2026-02-22,2026-02-22,1964.0,1580.2,3720.15,Delivered,Newark,Danielborough
SHP001234,ORD000153,WH004,CUST00171,VEH0041,DHL,2026-04-05,2026-04-17,,2046.3,1182.6,1185.38,In Transit,Columbus,Joshuaside
SHP000196,ORD000405,WH005,CUST00310,VEH0029,FedEx,2026-05-07,2026-05-19,2026-05-19,2738.8,3519.2,521.81,In Transit,Rotterdam,South Clifford
SHP001327,ORD000047,WH008,CUST00204,VEH0002,In-house Fleet,2026-04-12,2026-04-18,2026-04-18,2268.7,4844.4,3375.97,Delivered,Singapore,New Larry
SHP000450,ORD000298,WH013,CUST00002,VEH0001,In-house Fleet,2026-03-24,2026-04-02,2026-04-02,1250.9,181.4,1271.41,Delivered,Chennai,East Brianna
SHP001162,ORD000468,WH004,CUST00158,VEH0035,XPO Logistics,2026-06-03,2026-06-09,2026-06-09,1718.9,16.3,1940.51,Delayed,Columbus,Hendrixshire
SHP001202,ORD000009,WH009,CUST00525,VEH0043,In-house Fleet,2026-05-22,2026-06-02,2026-06-02,-23.9,928.3,2388.4,Delivered,Atlanta,New Jeremystad
SHP000731,ORD001000,WH005,CUST00546,VEH0026,XPO Logistics,2026-06-26,2026-07-03,2026-07-03,740.6,36.0,2589.61,Delayed,Rotterdam,Brendaton
SHP001178,ORD000425,WH009,CUST00405,VEH0031,BlueDart,2026-06-10,2026-06-22,2026-06-22,539.5,3732.1,2076.25,Delayed,Atlanta,Meganburgh
SHP000175,ORD000598,WH012,CUST00308,VEH0024,DHL,2026-03-05,2026-03-09,2026-03-09,2959.2,1155.2,889.74,Delivered,Hamburg,New Matthewchester
SHP000223,ORD000027,WH004,CUST00002,VEH0020,BlueDart,2026-04-16,2026-04-28,2026-04-28,2895.4,3073.3,2413.2,Out for Delivery,Columbus,Andreamouth
SHP000255,ORD000324,WH003,CUST00369,VEH0050,Delhivery,2026-03-02,2026-03-05,2026-03-05,1429.4,1067.9,2882.23,Out for Delivery,Columbus,South Dianafort
SHP001381,ORD000676,WH007,CUST00202,VEH0018,BlueDart,2026-05-20,2026-06-01,2026-06-01,610.7,2115.7,638.67,In Transit,Delhi,North Madeline
SHP000386,ORD000447,WH011,CUST00297,VEH0012,XPO Logistics,2026-03-06,2026-03-18,2026-03-18,1595.3,1231.1,2830.47,Delayed,Newark,New Ashleyland
SHP000832,ORD000791,WH011,CUST00510,VEH0038,DHL,2026-07-24,2026-08-05,2026-08-05,2703.3,1776.5,2819.12,In Transit,Newark,Williamborough
SHP001427,ORD000942,WH014,CUST00148,VEH0049,BlueDart,2026-05-06,2026-05-13,2026-05-13,2178.4,907.0,275.79,Delayed,Atlanta,Lake Andrew
SHP000826,ORD001038,WH006,CUST00525,VEH0031,FedEx,2026-04-17,2026-04-29,2026-04-29,2235.5,39.1,3373.81,Out for Delivery,Atlanta,Lake Ashley
SHP001482,ORD000443,WH006,CUST00553,VEH0052,DHL,2026-05-13,2026-05-21,2026-05-21,1177.3,1824.8,1389.92,Cancelled,Atlanta,Christown
SHP000035,ORD000134,WH014,CUST00308,VEH0051,DHL,2026-05-24,2026-05-30,2026-05-30,152.5,886.8,944.11,Cancelled,Atlanta,Crawfordside
SHP000810,ORD001068,WH002,CUST00383,VEH0059,FedEx,2026-07-12,2026-07-21,,485.7,2899.9,1850.84,In Transit,Singapore,Alexandraland
SHP000266,ORD000979,WH013,CUST00545,VEH0058,BlueDart,2026-03-29,2026-04-04,2026-04-04,850.0,3897.1,530.84,Delayed,Chennai,West Alexander
SHP000558,ORD000310,WH005,CUST00084,VEH0011,DHL,2026-04-11,2026-04-15,2026-04-15,2946.5,887.3,1567.75,Delayed,Rotterdam,Crystalhaven
SHP000090,ORD000227,WH014,CUST00327,VEH0005,DHL,2026-08-02,2026-08-08,2026-08-08,1986.2,3402.9,722.29,Delivered,Atlanta,Leeview
SHP000778,ORD000925,WH008,CUST00506,VEH0041,DHL,2026-07-25,2026-08-06,2026-08-06,1839.7,4049.6,2109.52,Delivered,Singapore,East Jacobside
SHP001158,ORD001054,WH012,CUST00312,VEH0059,Delhivery,2026-03-16,2026-03-20,2026-03-20,2971.4,190.2,3002.8,Out for Delivery,Hamburg,South Nicoleside
SHP001066,ORD000959,WH006,CUST00271,VEH0045,FedEx,2026-08-09,2026-08-19,2026-08-19,1675.8,3510.0,1246.59,Out for Delivery,Atlanta,New Belinda
SHP000001,ORD000116,WH015,CUST00250,VEH0016,Delhivery,2026-07-05,2026-07-12,2026-07-12,1240.1,2216.1,1816.14,Delivered,Atlanta,Ortizborough
SHP001186,ORD000751,WH007,CUST00384,VEH0040,DHL,2026-04-22,2026-05-03,2026-05-03,2780.7,344.0,3353.49,Delayed,Delhi,East Diane
SHP000614,ORD000463,WH001,CUST00084,VEH0008,BlueDart,2026-04-22,2026-04-28,2026-04-28,2169.4,638.7,2196.78,Delivered,Chennai,South Zachary
SHP000006,ORD000497,WH015,CUST00062,VEH0037,DHL,2026-05-13,2026-05-19,2026-05-19,890.3,3846.1,2460.81,Out for Delivery,Atlanta,Marshallton
SHP000343,ORD001079,WH015,CUST00024,VEH0010,XPO Logistics,2026-08-05,2026-08-09,2026-08-09,2354.3,1737.2,3345.98,Delivered,Atlanta,Stoutshire
SHP000893,ORD000772,WH001,CUST00343,VEH0040,BlueDart,2026-08-06,2026-08-15,2026-08-15,39.9,3867.7,3030.33,In Transit,Chennai,New Jonathan
SHP000102,ORD001086,WH003,CUST00120,VEH0035,Delhivery,2026-03-08,2026-03-19,2026-03-19,2738.6,2184.2,156.99,In Transit,Columbus,West Brittanybury
SHP001387,ORD000237,WH003,CUST00056,VEH0032,DHL,2026-05-23,2026-06-01,,683.6,4741.0,1069.38,In Transit,Columbus,Port Brian
SHP000040,ORD000821,WH003,CUST00335,VEH0053,FedEx,2026-07-03,2026-07-12,2026-07-12,1748.6,511.5,2733.94,Out for Delivery,Columbus,Port Thomas
SHP000529,ORD001021,WH013,CUST00301,VEH0042,In-house Fleet,2026-04-26,2026-04-29,,80.7,194.3,1893.39,In Transit,Chennai,Sandersfurt
SHP000666,ORD000872,WH005,CUST00193,VEH0048,BlueDart,2026-04-12,2026-04-13,2026-04-13,-6.3,3367.1,2504.73,Out for Delivery,Rotterdam,Cuevasfort
SHP000453,ORD000917,WH011,CUST00423,VEH0058,Delhivery,2026-06-23,2026-07-04,2026-07-04,1575.2,2607.5,1262.17,Cancelled,Newark,Zoefurt
SHP000661,ORD001064,wh002,CUST00025,VEH0019,DHL,2026-02-20,2026-02-26,2026-02-26,1204.7,1620.7,2985.97,Cancelled,Singapore,Maldonadoborough
SHP000125,ORD000078,WH011,CUST00482,VEH0002,Delhivery,2026-08-03,2026-08-05,2026-08-05,2915.1,1545.4,1212.86,Delivered,Newark,Lake Allen
SHP000178,ORD000374,WH005,CUST00529,VEH0022,BlueDart,2026-04-06,2026-04-11,2026-04-11,1262.3,299.8,1958.71,Out for Delivery,Rotterdam,Taylorview
SHP000137,ORD000970,WH001,CUST00444,VEH0043,Delhivery,2026-06-11,2026-06-17,2026-06-17,1730.2,934.0,583.64,Delivered,Chennai,Port Sean
SHP000337,ORD000804,WH004,CUST00471,VEH0003,DHL,2026-08-04,2026-08-13,2026-08-13,846.6,4040.9,756.43,Delivered,Columbus,Mooreborough
SHP000119,ORD000464,WH008,CUST00123,VEH0046,FedEx,2026-08-15,2026-08-27,2026-08-27,1606.6,1137.8,2988.41,Delivered,Singapore,New Phillip
SHP001083,ORD000859,WH005,CUST00491,VEH0039,XPO Logistics,2026-05-21,2026-05-25,2026-05-25,977.7,3452.0,33.38,Cancelled,Rotterdam,Port Henry
SHP001408,ORD000331,WH009,CUST00272,VEH0026,Delhivery,2026-05-17,2026-05-18,2026-05-18,2035.4,4590.8,407.73,Out for Delivery,Atlanta,East Carmen
SHP000506,ORD000606,WH003,CUST00120,VEH0055,FedEx,2026-05-26,2026-06-05,2026-06-05,-10.7,511.9,465.65,Cancelled,Columbus,Monicaport
SHP001267,ORD001113,wh011,CUST00048,VEH0012,Delhivery,2026-06-05,2026-06-15,2026-06-15,1948.2,2823.2,2596.82,Delivered,Newark,Brentmouth
SHP000618,ORD001018,WH015,CUST00265,VEH0044,DHL,2026-08-07,2026-08-13,2026-08-13,2536.2,2274.9,2952.23,In Transit,Atlanta,Jonmouth
SHP000979,ORD000823,WH003,CUST00096,VEH0032,XPO Logistics,2026-05-16,2026-05-26,2026-05-26,2478.1,4104.7,2005.96,Delivered,Columbus,New Jacobville
SHP000871,ORD000187,WH005,CUST00440,VEH0036,In-house Fleet,2026-05-01,2026-05-09,2026-05-09,1108.2,1478.9,1892.44,Delayed,Rotterdam,New Lukehaven
SHP000193,ORD000193,WH002,CUST00103,VEH0039,DHL,2026-07-21,2026-07-24,2026-07-24,1371.7,18.1,3060.39,Delivered,Singapore,Reedhaven
SHP001407,ORD000037,WH010,CUST00032,VEH0011,DHL,2026-04-18,2026-04-25,2026-04-25,1318.7,596.5,289.52,Out for Delivery,Newark,Rhodesshire
SHP001272,ORD000217,WH014,CUST00543,VEH0023,FedEx,2026-07-23,2026-07-31,2026-07-31,1358.3,3843.0,1986.66,Out for Delivery,Atlanta,Dannyhaven
SHP001492,ORD000859,WH002,CUST00380,VEH0046,In-house Fleet,2026-06-15,2026-06-24,2026-06-24,2894.5,1845.5,326.68,In Transit,Singapore,West Zacharyburgh
SHP000801,ORD000276,WH010,CUST00131,VEH0025,FedEx,2026-03-17,2026-03-21,2026-03-21,367.0,2021.3,1714.62,Out for Delivery,Newark,East Shannonside
SHP000136,ORD000661,WH005,CUST00102,VEH0018,FedEx,2026-03-01,2026-03-12,2026-03-12,497.4,3170.2,546.74,Delivered,Rotterdam,East Kimbury
SHP000245,ORD000805,WH006,CUST00022,VEH0032,Delhivery,2026-03-24,2026-03-31,2026-03-31,1587.0,3192.9,3707.96,Cancelled,Atlanta,New Jenniferfort
SHP000461,ORD000822,WH009,CUST00073,VEH0032,Delhivery,2026-06-20,2026-06-23,2026-06-23,2352.5,1013.9,1108.63,In Transit,Atlanta,Shawland
SHP000042,ORD000301,WH015,CUST00383,VEH0006,DHL,2026-03-27,2026-04-02,2026-04-02,107.2,2371.8,1253.76,Delivered,Atlanta,West Francesborough
SHP000724,ORD000836,WH010,CUST00591,VEH0026,BlueDart,2026-06-06,2026-06-10,2026-06-10,1350.7,2486.0,2907.88,Delayed,Newark,East Kimberlystad
SHP000904,ORD001099,WH005,CUST00363,VEH0056,DHL,2026-08-06,2026-08-16,2026-08-16,2655.6,3838.4,807.3,In Transit,Rotterdam,East Johnathanmouth
SHP000637,ORD000686,WH014,CUST00068,VEH0051,In-house Fleet,2026-05-14,2026-05-17,2026-05-17,1379.0,22.8,388.37,Delivered,Atlanta,Hinesshire
SHP000359,ORD000117,WH003,CUST00315,VEH0035,BlueDart,2026-08-10,2026-08-16,2026-08-16,2274.7,824.0,1450.53,In Transit,Columbus,Morrowborough
SHP001143,ORD000530,WH011,CUST00440,VEH0023,FedEx,2026-07-06,2026-07-11,2026-07-11,2732.5,4453.9,896.06,Cancelled,Newark,Castroside
SHP000298,ORD000533,WH007,CUST00198,VEH0022,In-house Fleet,2026-06-12,2026-06-24,2026-06-24,562.8,1505.0,2246.79,Cancelled,Delhi,Muellertown
SHP000797,ORD001143,WH013,CUST00240,VEH0047,DHL,2026-03-30,2026-03-31,2026-03-31,1207.8,4935.1,879.04,Cancelled,Chennai,Stewartburgh
SHP001415,ORD000549,WH013,CUST00337,VEH0009,In-house Fleet,2026-03-26,2026-04-03,2026-04-03,2304.9,2699.1,40.65,In Transit,Chennai,West Monica
SHP000518,ORD000488,WH015,CUST00511,VEH0044,In-house Fleet,2026-07-24,2026-07-25,2026-07-25,2309.3,704.8,1237.57,Delivered,Atlanta,Port Marychester
SHP000559,ORD000911,WH013,CUST00261,VEH0022,In-house Fleet,2026-06-18,2026-06-26,2026-06-26,671.3,614.8,2653.68,Cancelled,Chennai,South Richard
SHP001101,ORD000679,WH012,CUST00447,VEH0019,FedEx,2026-06-05,2026-06-08,2026-06-08,976.5,37.8,2551.64,In Transit,Hamburg,Hortonhaven
SHP000619,ORD000544,WH007,CUST00550,VEH0026,XPO Logistics,2026-06-23,2026-07-03,2026-07-03,1953.1,786.0,1219.67,Delivered,Delhi,Lake Walter
SHP000466,ORD000056,WH005,CUST00492,VEH0060,DHL,2026-03-29,2026-03-30,2026-03-30,193.0,1116.5,2033.19,Cancelled,Rotterdam,Carrollfort
SHP000411,ORD000451,WH015,CUST00301,VEH0055,BlueDart,2026-06-05,2026-06-13,2026-06-13,128.4,101.3,3423.7,Delivered,Atlanta,New Jennifer
SHP000922,ORD001045,WH013,CUST00396,VEH0008,BlueDart,2026-03-16,2026-03-22,2026-03-22,1208.0,1485.6,3951.48,In Transit,Chennai,Lyonshaven
SHP001258,ORD000421,WH001,CUST00047,VEH0002,XPO Logistics,2026-04-19,2026-04-30,2026-04-30,1170.4,617.8,3949.5,In Transit,Chennai,Morrisshire
SHP001062,ORD000119,WH002,CUST00141,VEH0003,DHL,2026-05-05,2026-05-07,2026-05-07,1643.8,4289.7,2168.63,Cancelled,Singapore,Veronicaborough
SHP000039,ORD000323,WH011,CUST00449,VEH0009,DHL,2026-06-06,2026-06-15,2026-06-15,763.2,3646.7,553.87,Delayed,Newark,Hernandezshire
SHP000679,ORD000200,WH013,CUST00326,VEH0004,In-house Fleet,2026-04-01,2026-04-06,2026-04-06,223.4,439.9,2595.77,Delivered,Chennai,Meltonburgh
SHP000080,ORD000852,WH013,CUST00062,VEH0030,Delhivery,2026-07-22,2026-08-01,2026-08-01,106.5,665.5,1319.71,Delayed,Chennai,Port Christianside
SHP001319,ORD000117,wh006,CUST00196,VEH0034,DHL,2026-03-13,2026-03-17,2026-03-17,1151.0,1316.5,449.09,Delivered,Atlanta,West Sarahborough
SHP000687,ORD000384,WH002,CUST00418,VEH0032,Delhivery,2026-05-15,2026-05-16,2026-05-16,38.7,1699.8,3224.67,Cancelled,Singapore,Lambertborough
SHP000492,ORD000497,WH009,CUST00559,VEH0015,XPO Logistics,2026-05-31,2026-06-07,2026-06-07,487.8,2920.2,2774.9,Out for Delivery,Atlanta,New Danielport
SHP000528,ORD000290,WH012,CUST00445,VEH0042,In-house Fleet,2026-04-27,2026-05-06,2026-05-06,2262.7,3951.2,3371.13,Out for Delivery,Hamburg,East Jessica
SHP000912,ORD000595,WH012,CUST00020,VEH0045,In-house Fleet,2026-08-10,2026-08-14,2026-08-14,1081.2,2658.2,1523.44,Delivered,Hamburg,Lake Tyler
SHP000760,ORD000100,WH015,CUST00597,VEH0038,XPO Logistics,2026-08-11,2026-08-16,2026-08-16,2473.1,4172.1,2355.21,Out for Delivery,Atlanta,Cookhaven
SHP001294,ORD000428,wh008,CUST00266,VEH0045,DHL,2026-05-05,2026-05-10,2026-05-10,622.2,1302.3,2516.49,Delayed,Singapore,Lake Madison
SHP000939,ORD001134,WH001,CUST00305,VEH0012,XPO Logistics,2026-02-21,2026-02-25,2026-02-25,1736.1,3302.5,208.67,Delivered,Chennai,New Johnhaven
SHP000959,ORD000393,wh006,CUST00150,VEH0010,BlueDart,2026-06-30,2026-07-07,,168.7,3783.5,1671.35,In Transit,Atlanta,North Beth
SHP001466,ORD000189,WH006,CUST00411,VEH0009,DHL,2026-07-12,2026-07-23,2026-07-23,2578.6,4554.8,2536.99,In Transit,Atlanta,Mccormicktown
SHP000694,ORD000367,WH003,CUST00363,VEH0054,FedEx,2026-07-14,2026-07-18,2026-07-18,728.1,2363.5,2962.56,Delivered,Columbus,West Matthewtown
SHP000903,ORD000553,WH011,CUST00460,VEH0004,FedEx,2026-07-07,2026-07-18,2026-07-18,2517.2,1406.9,3756.32,Delivered,Newark,Williamsside
SHP000421,ORD000025,WH007,CUST00560,VEH0010,FedEx,2026-06-04,2026-06-16,2026-06-16,2100.2,148.5,239.06,Delivered,Delhi,Roytown
SHP001195,ORD000488,WH001,CUST00031,VEH0043,DHL,2026-04-14,2026-04-24,2026-04-24,2819.4,2312.2,3468.03,Delivered,Chennai,East Jacqueline
SHP001350,ORD000779,WH009,CUST00315,VEH0031,In-house Fleet,2026-02-19,2026-02-28,2026-02-28,2192.2,865.6,2445.89,Out for Delivery,Atlanta,North Michael
SHP001350,ORD000779,WH009,CUST00315,VEH0031,In-house Fleet,2026-02-19,2026-02-28,2026-02-28,2192.2,865.6,2445.89,Out for Delivery,Atlanta,North Michael
SHP001457,ORD000450,WH008,CUST00490,VEH0007,Delhivery,2026-05-31,2026-06-04,2026-06-04,2928.9,22.4,2548.73,Cancelled,Singapore,West Juanchester
SHP000591,ORD000301,WH015,CUST00300,VEH0060,FedEx,2026-05-22,2026-05-29,2026-05-29,1928.2,2862.8,3919.16,Delivered,Atlanta,Hodgeview
SHP001268,ORD000570,WH013,CUST00089,VEH0012,XPO Logistics,2026-07-24,2026-08-01,2026-08-01,1469.7,2071.3,2587.29,Cancelled,Chennai,East Brittanybury
SHP000458,ORD000390,WH007,CUST00547,VEH0021,DHL,2026-04-14,2026-04-26,2026-04-26,2346.7,1636.2,203.15,Delayed,Delhi,Marcusshire
SHP000767,ORD001050,WH015,CUST00066,VEH0054,Delhivery,2026-05-27,2026-06-08,2026-06-08,-39.4,2679.9,3757.83,Out for Delivery,Atlanta,Port Carolynmouth
SHP000112,ORD001110,WH009,CUST00095,VEH0030,XPO Logistics,2026-06-12,2026-06-18,2026-06-18,1319.9,4325.2,1713.93,In Transit,Atlanta,Franklinburgh
SHP000872,ORD000857,WH011,CUST00083,VEH0045,XPO Logistics,2026-06-03,2026-06-04,2026-06-04,812.7,2810.4,382.85,Delivered,Newark,West Evelyn
SHP000917,ORD000652,WH011,CUST00117,VEH0020,Delhivery,2026-08-09,2026-08-17,2026-08-17,748.3,149.8,2815.98,Cancelled,Newark,Lake Paulborough
SHP001123,ORD000570,WH009,CUST00178,VEH0033,DHL,2026-03-15,2026-03-22,2026-03-22,451.9,2183.3,381.9,Out for Delivery,Atlanta,Michaelside
SHP000936,ORD000409,WH005,CUST00475,VEH0057,BlueDart,2026-07-06,2026-07-17,2026-07-17,2953.2,2119.5,2225.3,Out for Delivery,Rotterdam,East Penny
SHP000957,ORD000012,WH008,CUST00579,VEH0042,XPO Logistics,2026-07-28,2026-08-06,2026-08-06,2405.1,3372.0,2717.28,Delayed,Singapore,Johnchester
SHP000974,ORD000879,WH007,CUST00270,VEH0027,BlueDart,2026-05-08,2026-05-12,2026-05-12,2571.7,4525.8,1154.28,Delivered,Delhi,Lake Melissa
SHP000103,ORD000479,WH005,CUST00525,VEH0013,DHL,2026-02-24,2026-02-26,2026-02-26,1457.5,4226.4,140.08,In Transit,Rotterdam,West Morgan
SHP000455,ORD000366,WH009,CUST00330,VEH0038,XPO Logistics,2026-02-18,2026-02-20,2026-02-20,2126.6,1681.0,1742.71,Delayed,Atlanta,Port Katrina
SHP001238,ORD000692,WH008,CUST00111,VEH0010,XPO Logistics,2026-06-23,2026-06-25,2026-06-25,1909.2,3052.4,1049.97,Delivered,Singapore,Wrightburgh
SHP001044,ORD000708,WH004,CUST00163,VEH0059,XPO Logistics,2026-05-06,2026-05-10,2026-05-10,312.1,1675.0,322.87,Delivered,Columbus,North Jasonstad
SHP000664,ORD000017,WH007,CUST00011,VEH0018,Delhivery,2026-08-12,2026-08-23,2026-08-23,1433.5,4831.8,1529.51,Out for Delivery,Delhi,Norrisburgh
SHP001483,ORD000961,WH004,CUST00335,VEH0055,XPO Logistics,2026-04-29,2026-05-08,2026-05-08,793.8,4799.3,2170.78,Delayed,Columbus,Colechester
SHP001032,ORD000605,WH004,CUST00538,VEH0060,XPO Logistics,2026-06-14,2026-06-23,,178.1,2408.8,3893.8,In Transit,Columbus,Tracyton
SHP001306,ORD000129,wh015,CUST00340,VEH0044,BlueDart,2026-07-08,2026-07-11,2026-07-11,2704.4,778.0,1180.6,Out for Delivery,Atlanta,Christopherberg
SHP001252,ORD000968,WH007,CUST00516,VEH0018,XPO Logistics,2026-05-13,2026-05-21,2026-05-21,2421.3,1790.6,2222.88,Out for Delivery,Delhi,Adamsland
SHP000757,ORD000869,WH002,CUST00231,VEH0040,FedEx,2026-05-20,2026-05-30,2026-05-30,1178.0,1763.0,1822.81,Delivered,Singapore,Port Michael
SHP001211,ORD000064,WH001,CUST00010,VEH0051,Delhivery,2026-06-02,2026-06-10,2026-06-10,2163.5,4323.4,3788.78,Delivered,Chennai,North Heidiside
SHP001001,ORD000023,WH005,CUST00525,VEH0059,BlueDart,2026-03-01,2026-03-02,2026-03-02,988.2,1972.5,3706.08,Delivered,Rotterdam,Jordantown
SHP001441,ORD000026,WH002,CUST00402,VEH0033,In-house Fleet,2026-07-26,2026-07-31,2026-07-31,1700.5,2219.1,2789.16,Delivered,Singapore,Wagnerside
SHP000932,ORD000326,WH013,CUST00104,VEH0001,DHL,2026-06-29,2026-07-06,2026-07-06,1128.1,4262.3,1365.49,Out for Delivery,Chennai,Mcclureport
SHP000115,ORD000320,wh013,CUST00300,VEH0043,In-house Fleet,2026-02-23,2026-03-03,2026-03-03,1422.0,447.9,665.0,Delivered,Chennai,Port Steven
SHP000069,ORD000676,WH005,CUST00476,VEH0053,In-house Fleet,2026-06-08,2026-06-11,2026-06-11,1539.0,3029.8,615.64,Out for Delivery,Rotterdam,South Mary
SHP000916,ORD001111,WH003,CUST00418,VEH0023,XPO Logistics,2026-08-03,2026-08-04,2026-08-04,1640.3,2798.8,1938.29,In Transit,Columbus,New Jordan
SHP000547,ORD000143,WH007,CUST00157,VEH0053,Delhivery,2026-04-12,2026-04-22,2026-04-22,1176.2,3911.9,2333.45,Delivered,Delhi,Vanessafurt
SHP000718,ORD000453,wh012,CUST00047,VEH0028,FedEx,2026-05-28,2026-06-05,2026-06-05,751.9,1931.9,2572.44,Delayed,Hamburg,North Rachel
SHP001420,ORD000213,wh009,CUST00568,VEH0045,BlueDart,2026-05-04,2026-05-05,2026-05-05,2935.4,1541.9,1810.79,Delivered,Atlanta,Michelleberg
SHP000727,ORD000357,WH001,CUST00466,VEH0011,DHL,2026-06-19,2026-06-24,,1742.1,724.4,2763.84,In Transit,Chennai,East Ashleyview
SHP000900,ORD000264,WH015,CUST00404,VEH0046,BlueDart,2026-04-03,2026-04-11,2026-04-11,2319.5,1216.1,1060.25,Delivered,Atlanta,Jacobmouth
SHP000650,ORD000785,WH006,CUST00006,VEH0013,DHL,2026-06-08,2026-06-10,2026-06-10,685.2,77.6,1250.34,Delayed,Atlanta,Lake Brandon
SHP000272,ORD000650,WH008,CUST00293,VEH0014,In-house Fleet,2026-07-12,2026-07-21,2026-07-21,1863.9,1208.2,3311.55,Out for Delivery,Singapore,Danielport
SHP000964,ORD001047,WH009,CUST00222,VEH0036,Delhivery,2026-07-07,2026-07-09,2026-07-09,448.3,4466.8,1019.16,Delivered,Atlanta,Lopezbury
SHP000787,ORD000497,WH012,CUST00312,VEH0016,In-house Fleet,2026-06-27,2026-07-08,2026-07-08,2777.1,2104.1,1239.14,In Transit,Hamburg,Danielstad
SHP000253,ORD000736,WH003,CUST00268,VEH0001,BlueDart,2026-06-25,2026-07-07,2026-07-07,2218.7,3162.9,2926.85,Delivered,Columbus,North Jenniferstad
SHP000990,ORD001063,WH009,CUST00252,VEH0016,DHL,2026-02-20,2026-03-02,2026-03-02,1353.2,1855.7,688.2,Delivered,Atlanta,New Karen
SHP000785,ORD000598,WH004,CUST00389,VEH0037,XPO Logistics,2026-05-07,2026-05-15,2026-05-15,1434.5,4175.4,1371.74,Delivered,Columbus,West Teresastad
SHP001205,ORD001187,WH014,CUST00422,VEH0044,Delhivery,2026-08-10,2026-08-22,2026-08-22,2138.6,4679.0,111.17,Cancelled,Atlanta,Hurleyshire
SHP000135,ORD000024,WH002,CUST00319,VEH0015,FedEx,2026-06-26,2026-07-05,2026-07-05,1843.0,1270.3,1288.41,Cancelled,Singapore,Johnchester
SHP001365,ORD000558,WH005,CUST00113,VEH0048,DHL,2026-07-15,2026-07-20,2026-07-20,778.4,1116.8,2171.12,Delivered,Rotterdam,Juanton
SHP001140,ORD000106,WH014,CUST00218,VEH0013,XPO Logistics,2026-03-27,2026-04-07,2026-04-07,430.7,826.7,3647.28,In Transit,Atlanta,Greenport
SHP001043,ORD001119,WH005,CUST00126,VEH0021,BlueDart,2026-04-11,2026-04-18,2026-04-18,646.1,395.9,2998.81,Cancelled,Rotterdam,Odomfurt
SHP001039,ORD000744,WH013,CUST00032,VEH0036,FedEx,2026-04-16,2026-04-20,2026-04-20,1308.0,235.6,1450.66,Delayed,Chennai,West Jeffreyhaven
SHP000659,ORD000534,WH010,CUST00002,VEH0060,FedEx,2026-02-26,2026-03-08,2026-03-08,645.3,618.5,3926.38,In Transit,Newark,Villanuevatown
SHP000128,ORD000124,WH013,CUST00362,VEH0009,DHL,2026-07-29,2026-08-01,,2230.3,4231.8,3506.46,In Transit,Chennai,Port Nicholasside
SHP001423,ORD000924,WH008,CUST00413,VEH0033,In-house Fleet,2026-07-12,2026-07-21,2026-07-21,1685.5,72.9,3405.26,Out for Delivery,Singapore,Ramseyshire
SHP001378,ORD000099,WH010,CUST00084,VEH0009,Delhivery,2026-03-29,2026-04-01,,1486.3,4273.1,2061.05,In Transit,Newark,Michaelbury
SHP001129,ORD000757,WH004,CUST00244,VEH0057,In-house Fleet,2026-08-05,2026-08-16,2026-08-16,1134.5,2898.9,2214.94,Out for Delivery,Columbus,Ericmouth
SHP000238,ORD000560,WH001,CUST00342,VEH0049,DHL,2026-03-02,2026-03-03,,2429.2,4986.3,87.0,In Transit,Chennai,East Sarahland
SHP001369,ORD000778,WH006,CUST00103,VEH0036,XPO Logistics,2026-06-27,2026-06-28,2026-06-28,571.9,812.4,1800.91,Out for Delivery,Atlanta,North Clarencebury
SHP001103,ORD000052,WH001,CUST00525,VEH0026,FedEx,2026-07-07,2026-07-12,2026-07-12,2315.4,4293.1,2540.45,Delayed,Chennai,Jessicaport
SHP000460,ORD000855,WH011,CUST00350,VEH0020,FedEx,2026-06-06,2026-06-18,2026-06-18,204.6,3121.5,635.55,Delayed,Newark,Payneburgh
SHP001142,ORD000775,WH013,CUST00115,VEH0022,XPO Logistics,2026-04-02,2026-04-14,2026-04-14,258.0,4289.1,2568.57,In Transit,Chennai,East Jessicaside
SHP000056,ORD000134,WH010,CUST00545,VEH0024,In-house Fleet,2026-04-23,2026-04-24,2026-04-24,1673.9,4309.3,3988.61,Delivered,Newark,Garymouth
SHP000770,ORD000392,WH004,CUST00457,VEH0039,In-house Fleet,2026-07-19,2026-07-29,2026-07-29,812.1,3477.5,3228.23,Delivered,Columbus,Lake Jeffrey
SHP000075,ORD000589,WH015,CUST00167,VEH0052,DHL,2026-07-25,2026-08-05,2026-08-05,2058.4,657.3,1311.4,Out for Delivery,Atlanta,South Kayla
SHP001176,ORD000449,WH012,CUST00177,VEH0037,BlueDart,2026-04-22,2026-04-24,2026-04-24,2758.2,2524.6,1514.58,Out for Delivery,Hamburg,Woodwardborough
SHP000106,ORD000382,WH014,CUST00481,VEH0025,DHL,2026-05-19,2026-05-30,,1933.4,631.7,54.56,In Transit,Atlanta,Lake Christina
SHP000164,ORD000846,WH012,CUST00589,VEH0038,FedEx,2026-05-07,2026-05-13,2026-05-13,238.8,2660.9,3014.49,In Transit,Hamburg,Rogersmouth
SHP001111,ORD000228,wh015,CUST00004,VEH0039,XPO Logistics,2026-05-26,2026-05-28,2026-05-28,34.3,527.9,3156.85,Delivered,Atlanta,Port Samuel
SHP000958,ORD000209,WH010,CUST00274,VEH0004,Delhivery,2026-07-29,2026-08-03,2026-08-03,2473.6,4453.8,513.74,Delivered,Newark,Powersberg
SHP000956,ORD000931,WH015,CUST00395,VEH0021,FedEx,2026-02-28,2026-03-01,2026-03-01,2691.7,1070.6,1575.15,Cancelled,Atlanta,East Catherine
SHP001089,ORD000451,WH008,CUST00169,VEH0043,BlueDart,2026-08-13,2026-08-14,2026-08-14,2233.4,182.0,3645.46,Out for Delivery,Singapore,West Ronaldfort
SHP000640,ORD000040,WH001,CUST00246,VEH0048,XPO Logistics,2026-05-28,2026-06-04,2026-06-04,1319.0,2209.2,375.45,Out for Delivery,Chennai,South Manuelshire
SHP001284,ORD001027,WH012,CUST00100,VEH0049,FedEx,2026-06-21,2026-06-22,2026-06-22,1380.2,2743.2,1181.18,Delivered,Hamburg,Wintersview
SHP001406,ORD001134,WH003,CUST00145,VEH0012,FedEx,2026-03-11,2026-03-23,2026-03-23,2988.1,2668.4,3106.21,Delivered,Columbus,North Donald
SHP000519,ORD000751,WH005,CUST00536,VEH0030,FedEx,2026-04-03,2026-04-13,2026-04-13,314.5,2693.1,1226.15,Delivered,Rotterdam,West Colleen
SHP001265,ORD000124,wh003,CUST00362,VEH0024,FedEx,2026-06-01,2026-06-05,2026-06-05,1193.2,354.3,2317.28,Out for Delivery,Columbus,East Antonio
SHP000592,ORD000605,WH013,CUST00229,VEH0031,XPO Logistics,2026-06-24,2026-07-03,2026-07-03,-25.4,1072.4,3336.48,Delivered,Chennai,Lake Jillfort
SHP001010,ORD000401,WH010,CUST00083,VEH0046,Delhivery,2026-07-29,2026-08-10,2026-08-10,232.1,1054.1,2270.25,Delivered,Newark,New Jessicaside
SHP000771,ORD000524,WH004,CUST00039,VEH0036,DHL,2026-07-16,2026-07-27,2026-07-27,249.8,2249.4,2498.49,Delayed,Columbus,Port Victoria
SHP000413,ORD000720,wh014,CUST00369,VEH0037,XPO Logistics,2026-04-13,2026-04-20,2026-04-20,1281.9,2576.8,2844.29,Cancelled,Atlanta,Port Zacharyhaven
SHP001433,ORD000083,WH003,CUST00389,VEH0059,Delhivery,2026-04-16,2026-04-18,2026-04-18,2919.5,4104.8,307.65,Delivered,Columbus,Chavezport
SHP000556,ORD000578,WH004,CUST00118,VEH0009,Delhivery,2026-05-24,2026-05-27,2026-05-27,1221.7,1880.6,1346.85,Delivered,Columbus,Espinozaberg
SHP000544,ORD000562,WH002,CUST00434,VEH0048,XPO Logistics,2026-05-02,2026-05-08,2026-05-08,1940.8,4605.3,117.68,Delayed,Singapore,Marcustown
SHP000934,ORD000519,WH010,CUST00393,VEH0031,FedEx,2026-03-24,2026-03-28,2026-03-28,1619.4,2490.2,3800.92,Out for Delivery,Newark,West Andrew
SHP000537,ORD000653,WH008,CUST00080,VEH0051,Delhivery,2026-02-16,2026-02-20,2026-02-20,1818.8,1772.8,2203.42,In Transit,Singapore,Gabrielamouth
SHP001088,ORD001182,WH007,CUST00309,VEH0031,BlueDart,2026-03-24,2026-03-31,2026-03-31,2683.0,1277.9,1182.17,Out for Delivery,Delhi,Port Kennethberg
SHP000911,ORD001077,WH013,CUST00500,VEH0004,DHL,2026-02-24,2026-02-26,2026-02-26,870.9,4931.1,713.77,Out for Delivery,Chennai,Beasleyfurt
SHP001039,ORD000744,WH013,CUST00032,VEH0036,FedEx,2026-04-16,2026-04-20,2026-04-20,1308.0,235.6,1450.66,Delayed,Chennai,West Jeffreyhaven
SHP001191,ORD000916,WH006,CUST00002,VEH0047,DHL,2026-04-06,2026-04-09,2026-04-09,2030.4,3670.4,3422.15,Delivered,Atlanta,New Jamesborough
SHP000625,ORD000406,WH006,CUST00394,VEH0006,BlueDart,2026-06-24,2026-07-01,2026-07-01,1081.8,317.9,2560.72,Delivered,Atlanta,West Jessicahaven
SHP000407,ORD000854,WH003,CUST00493,VEH0013,BlueDart,2026-08-05,2026-08-16,2026-08-16,1740.7,1265.7,1749.41,Out for Delivery,Columbus,Sanchezshire
SHP001312,ORD001063,WH005,CUST00531,VEH0017,Delhivery,2026-04-04,2026-04-10,2026-04-10,-10.2,2903.2,491.18,Cancelled,Rotterdam,Beardland
SHP000645,ORD000389,WH014,CUST00558,VEH0011,Delhivery,2026-08-14,2026-08-15,2026-08-15,1407.4,4597.2,1153.12,Delayed,Atlanta,North Stacy
SHP000864,ORD000035,WH010,CUST00315,VEH0014,BlueDart,2026-03-23,2026-03-30,2026-03-30,2739.5,4047.0,2005.42,Delivered,Newark,Kleinland
SHP001286,ORD000245,WH014,CUST00404,VEH0038,In-house Fleet,2026-07-22,2026-07-25,2026-07-25,2784.3,183.6,3094.35,In Transit,Atlanta,New Jonathanmouth
SHP001334,ORD000209,WH005,CUST00248,VEH0013,BlueDart,2026-07-26,2026-08-03,2026-08-03,-23.2,3474.9,1736.88,Delivered,Rotterdam,Brianville
SHP000447,ORD000965,WH014,CUST00499,VEH0048,FedEx,2026-04-10,2026-04-15,2026-04-15,2338.7,3119.8,1614.49,Delivered,Atlanta,New Nicole
SHP000665,ORD000043,WH014,CUST00326,VEH0043,DHL,2026-04-01,2026-04-08,2026-04-08,1442.4,3307.5,2630.38,Out for Delivery,Atlanta,Richardport
SHP001401,ORD000402,WH004,CUST00144,VEH0018,BlueDart,2026-03-02,2026-03-04,2026-03-04,1027.1,636.0,3443.77,Cancelled,Columbus,East Evelynton
SHP001405,ORD000360,WH011,CUST00251,VEH0032,In-house Fleet,2026-06-22,2026-06-23,2026-06-23,1672.5,3548.7,2307.11,Out for Delivery,Newark,Lauraland
SHP000772,ORD000876,WH013,CUST00545,VEH0009,BlueDart,2026-03-07,2026-03-10,2026-03-10,615.8,4778.6,561.01,Out for Delivery,Chennai,Jessicaside
SHP000480,ORD000416,WH003,CUST00142,VEH0006,BlueDart,2026-04-01,2026-04-07,2026-04-07,290.2,2123.4,1309.43,Delivered,Columbus,East Richardport
SHP001105,ORD000287,WH006,CUST00013,VEH0037,In-house Fleet,2026-03-29,2026-04-07,2026-04-07,905.0,1574.9,1797.54,Cancelled,Atlanta,Williamsburgh
SHP000580,ORD000194,WH001,CUST00190,VEH0017,In-house Fleet,2026-04-28,2026-05-03,,1476.3,238.0,3253.79,In Transit,Chennai,Port Michaelside
SHP001354,ORD000855,WH012,CUST00474,VEH0028,FedEx,2026-07-21,2026-08-02,2026-08-02,118.9,2981.3,524.18,Cancelled,Hamburg,East Stephaniefurt
SHP000262,ORD000925,WH003,CUST00308,VEH0035,BlueDart,2026-06-05,2026-06-15,2026-06-15,2055.9,3777.7,2519.02,Delivered,Columbus,Davidbury
SHP000295,ORD000799,WH006,CUST00009,VEH0009,BlueDart,2026-05-22,2026-06-01,2026-06-01,2599.6,2917.7,846.31,In Transit,Atlanta,Ryanfort
SHP000722,ORD000353,WH013,CUST00570,VEH0042,DHL,2026-08-01,2026-08-12,2026-08-12,2000.8,2883.4,2137.31,In Transit,Chennai,South Staceyport
SHP000915,ORD000091,WH004,CUST00557,VEH0027,In-house Fleet,2026-07-20,2026-07-31,2026-07-31,2936.5,4685.7,697.82,Delivered,Columbus,West Rachelchester
SHP001199,ORD000098,WH007,CUST00493,VEH0053,DHL,2026-03-08,2026-03-20,,267.4,4535.7,783.1,In Transit,Delhi,Gomezside
SHP001038,ORD000503,WH012,CUST00086,VEH0020,Delhivery,2026-05-06,2026-05-16,2026-05-16,1436.5,562.8,587.82,Delivered,Hamburg,East Brianshire
SHP000970,ORD000899,WH003,CUST00212,VEH0037,BlueDart,2026-02-20,2026-03-04,,1534.8,3087.4,3990.93,In Transit,Columbus,Douglaston
SHP001414,ORD000489,WH004,CUST00481,VEH0025,XPO Logistics,2026-05-14,2026-05-26,2026-05-26,2209.0,3679.5,2914.95,Delivered,Columbus,East Lori
SHP000160,ORD000412,WH009,CUST00078,VEH0036,XPO Logistics,2026-03-02,2026-03-13,2026-03-13,471.0,3847.2,1879.18,Delivered,Atlanta,Davilamouth
SHP001380,ORD000898,WH008,CUST00476,VEH0031,BlueDart,2026-05-09,2026-05-18,2026-05-18,914.8,451.3,2525.23,Delivered,Singapore,New Kellyburgh
SHP000651,ORD000005,WH001,CUST00046,VEH0029,BlueDart,2026-05-04,2026-05-08,2026-05-08,2174.0,2823.8,277.16,In Transit,Chennai,West Frederickmouth
SHP000610,ORD000863,WH009,CUST00431,VEH0010,FedEx,2026-08-16,2026-08-21,2026-08-21,83.7,4203.8,3624.59,Cancelled,Atlanta,Port Billstad
SHP001254,ORD001021,wh001,CUST00473,VEH0049,DHL,2026-06-29,2026-07-07,2026-07-07,2448.8,286.7,1745.99,Out for Delivery,Chennai,Myersberg
SHP000334,ORD001083,WH006,CUST00233,VEH0042,In-house Fleet,2026-06-09,2026-06-13,2026-06-13,-30.4,1526.2,3803.54,Delivered,Atlanta,Blackburnshire
SHP001416,ORD000542,WH003,CUST00113,VEH0056,XPO Logistics,2026-06-12,2026-06-23,2026-06-23,2709.4,4269.3,645.97,Delayed,Columbus,New Mary
SHP000280,ORD000402,WH010,CUST00103,VEH0034,FedEx,2026-04-14,2026-04-20,,447.1,3281.8,53.9,In Transit,Newark,West James
SHP001030,ORD000029,WH004,CUST00568,VEH0031,In-house Fleet,2026-06-22,2026-06-25,2026-06-25,2087.7,4484.7,3413.73,Cancelled,Columbus,Robertfurt
SHP000699,ORD000263,WH009,CUST00357,VEH0011,Delhivery,2026-06-24,2026-07-04,,881.5,2816.4,3616.75,In Transit,Atlanta,Huntview
SHP001476,ORD000982,WH014,CUST00157,VEH0023,FedEx,2026-08-12,2026-08-19,2026-08-19,2846.0,425.6,1895.51,Delivered,Atlanta,Barnettburgh
SHP000869,ORD000954,WH010,CUST00051,VEH0022,In-house Fleet,2026-06-03,2026-06-06,,432.4,801.5,139.7,In Transit,Newark,Fosterburgh
SHP000630,ORD000142,WH002,CUST00589,VEH0053,FedEx,2026-07-21,2026-07-31,2026-07-31,537.4,3425.3,89.28,Delayed,Singapore,West Dustinshire
SHP000534,ORD000444,WH010,CUST00022,VEH0042,Delhivery,2026-05-09,2026-05-14,2026-05-14,306.6,395.9,2751.97,In Transit,Newark,Youngfurt
SHP001285,ORD000511,WH009,CUST00463,VEH0048,DHL,2026-02-17,2026-02-20,,2113.1,126.2,3838.89,In Transit,Atlanta,Bethanytown
SHP000737,ORD001176,wh003,CUST00556,VEH0056,FedEx,2026-05-17,2026-05-22,2026-05-22,1157.9,1148.8,2449.69,In Transit,Columbus,Maxwellborough
SHP000015,ORD000761,WH011,CUST00216,VEH0028,DHL,2026-04-28,2026-05-07,2026-05-07,2695.4,768.1,778.09,Delivered,Newark,Michaelburgh
SHP000683,ORD001157,WH008,CUST00024,VEH0032,DHL,2026-08-09,2026-08-15,2026-08-15,386.1,4724.4,2606.37,Delivered,Singapore,Adamton
SHP001000,ORD000597,WH002,CUST00280,VEH0053,BlueDart,2026-04-29,2026-05-08,2026-05-08,1249.7,4307.9,425.04,In Transit,Singapore,South Jennifer
SHP000393,ORD000167,WH007,CUST00003,VEH0034,Delhivery,2026-03-27,2026-04-03,,111.2,738.3,3630.3,In Transit,Delhi,Jonesborough
SHP000423,ORD001099,WH009,CUST00303,VEH0052,In-house Fleet,2026-07-12,2026-07-18,2026-07-18,1448.6,3439.1,1837.48,Out for Delivery,Atlanta,Mcintoshland
SHP001293,ORD000872,WH003,CUST00593,VEH0037,Delhivery,2026-04-17,2026-04-24,2026-04-24,2370.3,4607.5,931.91,In Transit,Columbus,Lake Brandontown
SHP000463,ORD000653,WH007,CUST00137,VEH0012,DHL,2026-04-13,2026-04-19,2026-04-19,193.2,544.8,2184.39,Delivered,Delhi,South Anthonyhaven
SHP001287,ORD000022,wh011,CUST00457,VEH0015,DHL,2026-03-28,2026-03-31,2026-03-31,67.7,2714.3,3030.17,Out for Delivery,Newark,Williamsbury
SHP000996,ORD000806,WH002,CUST00004,VEH0017,XPO Logistics,2026-06-30,2026-07-06,2026-07-06,322.9,4368.2,55.95,In Transit,Singapore,Woodwardbury
SHP001250,ORD000412,WH001,CUST00313,VEH0048,XPO Logistics,2026-04-03,2026-04-04,2026-04-04,310.7,3683.5,1871.59,Delivered,Chennai,Farmerburgh
SHP000802,ORD000346,WH007,CUST00567,VEH0033,Delhivery,2026-02-24,2026-03-02,2026-03-02,712.4,1612.8,1584.21,Delivered,Delhi,New Charlesbury
SHP001425,ORD000448,WH011,CUST00010,VEH0047,BlueDart,2026-06-08,2026-06-17,2026-06-17,438.0,2409.7,1383.47,Out for Delivery,Newark,Henryville
SHP001121,ORD000422,WH004,CUST00525,VEH0019,Delhivery,2026-05-22,2026-05-23,2026-05-23,1026.9,2146.5,715.67,Delivered,Columbus,New Joyce
SHP001204,ORD000675,WH011,CUST00063,VEH0020,FedEx,2026-04-29,2026-05-06,2026-05-06,1333.9,3810.0,1749.52,Out for Delivery,Newark,West Stacy
SHP000909,ORD000490,WH010,CUST00203,VEH0019,BlueDart,2026-07-27,2026-07-28,,2463.6,3599.6,2880.82,In Transit,Newark,Gabriellehaven
SHP000620,ORD000694,WH007,CUST00271,VEH0019,XPO Logistics,2026-06-15,2026-06-18,2026-06-18,2663.7,4116.1,2146.85,In Transit,Delhi,Michellefort
SHP001224,ORD000363,WH014,CUST00365,VEH0013,DHL,2026-04-17,2026-04-25,2026-04-25,20.4,890.3,2042.72,Delivered,Atlanta,West Samanthachester
SHP001215,ORD000444,WH010,CUST00437,VEH0008,In-house Fleet,2026-08-02,2026-08-07,2026-08-07,603.0,1018.6,633.3,Delivered,Newark,West Christinamouth
SHP000237,ORD000851,WH002,CUST00224,VEH0032,BlueDart,2026-02-17,2026-02-24,2026-02-24,1202.5,1222.7,3619.39,Delayed,Singapore,Taylorhaven
SHP000858,ORD000694,WH010,CUST00552,VEH0037,FedEx,2026-05-19,2026-05-22,2026-05-22,1948.0,2160.7,3182.73,Delivered,Newark,Lewistown
SHP000874,ORD000224,WH010,CUST00600,VEH0041,BlueDart,2026-02-19,2026-02-26,2026-02-26,467.8,3132.2,3317.99,Delivered,Newark,Lake Karen
SHP000467,ORD000519,WH011,CUST00325,VEH0021,In-house Fleet,2026-03-02,2026-03-03,2026-03-03,1302.1,3323.5,1867.04,Out for Delivery,Newark,New Jasonborough
SHP001073,ORD000217,WH004,CUST00319,VEH0018,FedEx,2026-06-27,2026-07-07,2026-07-07,826.4,499.5,2867.59,Delivered,Columbus,North Philipside
SHP000754,ORD000680,WH010,CUST00343,VEH0006,FedEx,2026-02-19,2026-02-27,2026-02-27,1100.8,2563.4,1786.72,Out for Delivery,Newark,Wrightview
SHP001148,ORD000682,WH006,CUST00308,VEH0050,DHL,2026-04-20,2026-04-21,,134.3,4245.2,2758.03,In Transit,Atlanta,West Kayla
SHP000883,ORD000701,WH014,CUST00242,VEH0007,DHL,2026-04-22,2026-04-27,2026-04-27,2456.1,3569.4,2227.03,Delivered,Atlanta,Port Pamela
SHP000292,ORD000194,WH007,CUST00316,VEH0027,FedEx,2026-08-16,2026-08-23,2026-08-23,836.2,2074.3,2887.45,Cancelled,Delhi,Lake Michael
SHP000234,ORD001146,WH012,CUST00176,VEH0054,In-house Fleet,2026-07-04,2026-07-15,2026-07-15,352.1,2377.3,2435.25,Delivered,Hamburg,South Tarastad
SHP000742,ORD000549,WH011,CUST00575,VEH0033,BlueDart,2026-04-17,2026-04-28,2026-04-28,1064.0,4907.0,1556.05,In Transit,Newark,Port Kelly
SHP001444,ORD000186,WH007,CUST00013,VEH0009,XPO Logistics,2026-05-17,2026-05-18,,-34.9,4503.6,3082.47,In Transit,Delhi,Wendybury
SHP000410,ORD001173,WH015,CUST00433,VEH0052,BlueDart,2026-04-16,2026-04-23,2026-04-23,635.7,3715.3,855.65,Cancelled,Atlanta,Lake Karen
SHP000851,ORD000017,WH001,CUST00083,VEH0001,In-house Fleet,2026-05-30,2026-06-07,2026-06-07,1630.2,2342.2,610.51,Cancelled,Chennai,Danielshire
SHP001184,ORD000702,WH012,CUST00246,VEH0042,Delhivery,2026-04-05,2026-04-08,2026-04-08,2499.9,3940.2,313.85,Cancelled,Hamburg,New Melissa
SHP001489,ORD000722,WH006,CUST00082,VEH0045,DHL,2026-02-18,2026-02-22,,821.7,1290.9,3122.53,In Transit,Atlanta,Scottton
SHP000320,ORD000820,WH011,CUST00289,VEH0048,FedEx,2026-06-28,2026-06-30,2026-06-30,1338.2,4704.1,2244.1,In Transit,Newark,New Carl
SHP000743,ORD000802,WH007,CUST00492,VEH0046,FedEx,2026-06-24,2026-06-27,2026-06-27,224.6,2644.0,662.42,Delivered,Delhi,South Brian
SHP001213,ORD000196,WH011,CUST00373,VEH0003,In-house Fleet,2026-02-18,2026-02-23,2026-02-23,401.9,576.1,1135.2,Delivered,Newark,East Kristen
SHP001454,ORD000227,WH009,CUST00179,VEH0053,Delhivery,2026-04-19,2026-04-21,2026-04-21,982.0,1500.1,3180.87,Delivered,Atlanta,West Tristanbury
SHP001376,ORD000612,wh012,CUST00356,VEH0058,XPO Logistics,2026-06-09,2026-06-21,2026-06-21,841.7,2135.7,3017.75,Delivered,Hamburg,Ericastad
SHP001137,ORD000904,WH006,CUST00370,VEH0045,DHL,2026-06-19,2026-06-21,2026-06-21,1236.1,4246.6,2677.54,Delayed,Atlanta,Lake Destinyside
SHP000050,ORD001170,WH001,CUST00504,VEH0050,Delhivery,2026-07-11,2026-07-23,2026-07-23,1703.0,4920.7,1798.05,Cancelled,Chennai,South Elizabeth
SHP000786,ORD000223,WH012,CUST00439,VEH0052,In-house Fleet,2026-04-27,2026-04-30,2026-04-30,1202.5,123.9,1426.09,Cancelled,Hamburg,West Troy
SHP000060,ORD000570,WH014,CUST00303,VEH0022,FedEx,2026-03-19,2026-03-21,2026-03-21,1779.7,4458.6,318.64,In Transit,Atlanta,Lake Johnshire
SHP001218,ORD000355,wh014,CUST00151,VEH0046,Delhivery,2026-02-17,2026-02-27,2026-02-27,1152.7,3719.4,2038.33,Delayed,Atlanta,Cooperhaven
SHP000978,ORD000124,WH006,CUST00084,VEH0042,FedEx,2026-05-12,2026-05-15,2026-05-15,2796.9,230.6,1440.11,Cancelled,Atlanta,North Jeremyburgh
SHP000462,ORD000858,WH012,CUST00319,VEH0009,Delhivery,2026-02-28,2026-03-12,2026-03-12,1278.5,2005.6,562.42,Delivered,Hamburg,Lake Heatherport
SHP001340,ORD001064,wh014,CUST00417,VEH0054,Delhivery,2026-07-23,2026-07-26,2026-07-26,2195.4,2724.9,1214.0,Delivered,Atlanta,Johnton
SHP000535,ORD000558,WH015,CUST00233,VEH0013,BlueDart,2026-03-30,2026-04-05,2026-04-05,108.8,2214.3,134.16,Delivered,Atlanta,Brandonmouth
SHP000629,ORD000623,WH011,CUST00431,VEH0050,FedEx,2026-04-09,2026-04-10,2026-04-10,48.7,2755.4,1131.2,In Transit,Newark,Obrienland
SHP000929,ORD000540,WH014,CUST00175,VEH0003,DHL,2026-07-26,2026-07-29,2026-07-29,2673.4,3840.4,2167.26,Delivered,Atlanta,Garciamouth
SHP001304,ORD001199,WH015,CUST00022,VEH0006,In-house Fleet,2026-03-07,2026-03-19,2026-03-19,2577.6,1070.2,2194.81,Cancelled,Atlanta,Sarafurt
SHP000951,ORD000330,WH008,CUST00496,VEH0051,Delhivery,2026-06-19,2026-06-28,2026-06-28,2111.7,4675.7,630.14,Delivered,Singapore,Jeantown
SHP001021,ORD000208,WH011,CUST00243,VEH0044,BlueDart,2026-04-04,2026-04-10,,1355.6,1232.5,1760.61,In Transit,Newark,North Rachelfort
SHP001330,ORD000656,WH005,CUST00574,VEH0054,Delhivery,2026-04-02,2026-04-12,2026-04-12,2290.9,142.0,1585.27,Cancelled,Rotterdam,Port Jenniferburgh
SHP000402,ORD000544,WH009,CUST00273,VEH0054,FedEx,2026-06-10,2026-06-16,2026-06-16,43.4,4834.7,1380.15,Delayed,Atlanta,Castilloton
SHP001255,ORD000244,wh007,CUST00324,VEH0026,Delhivery,2026-04-23,2026-05-03,2026-05-03,870.3,727.4,504.85,Delayed,Delhi,Sotobury
SHP000372,ORD000750,WH006,CUST00094,VEH0011,In-house Fleet,2026-05-26,2026-06-01,2026-06-01,1009.6,3332.1,923.26,Delayed,Atlanta,New Paul
SHP000400,ORD000713,WH001,CUST00049,VEH0055,In-house Fleet,2026-03-21,2026-03-30,2026-03-30,1105.3,2858.8,3996.52,Delivered,Chennai,New Tonyshire
SHP000985,ORD000784,WH014,CUST00314,VEH0034,In-house Fleet,2026-04-01,2026-04-03,2026-04-03,1837.4,1408.5,1256.23,Out for Delivery,Atlanta,Danieltown
SHP001208,ORD000437,WH003,CUST00289,VEH0026,In-house Fleet,2026-05-03,2026-05-07,2026-05-07,2610.2,91.7,1236.55,Delivered,Columbus,Leonardburgh
SHP001009,ORD001060,WH007,CUST00538,VEH0039,In-house Fleet,2026-02-19,2026-02-25,,1117.9,724.9,2390.08,In Transit,Delhi,New Patrickville
SHP001214,ORD000775,WH015,CUST00148,VEH0049,In-house Fleet,2026-04-29,2026-05-02,2026-05-02,2000.7,4683.5,1274.62,Out for Delivery,Atlanta,Port Jessicashire
SHP000038,ORD000682,wh015,CUST00272,VEH0015,Delhivery,2026-07-19,2026-07-23,2026-07-23,263.7,3931.3,226.33,Delivered,Atlanta,Lindsaystad
SHP000590,ORD000498,WH007,CUST00091,VEH0042,BlueDart,2026-02-20,2026-03-03,2026-03-03,1617.4,355.6,2252.38,Delayed,Delhi,Lawrencechester
SHP000674,ORD000434,WH015,CUST00434,VEH0026,DHL,2026-02-20,2026-02-26,2026-02-26,837.0,1905.2,3098.61,Delivered,Atlanta,South Patrickview
SHP001086,ORD000571,WH013,CUST00285,VEH0006,In-house Fleet,2026-05-30,2026-06-08,2026-06-08,179.5,2709.6,2801.67,In Transit,Chennai,Port Andrew
SHP000107,ORD000154,wh013,CUST00360,VEH0010,FedEx,2026-05-13,2026-05-20,2026-05-20,2798.8,4648.2,290.62,In Transit,Chennai,New Rodney
SHP000323,ORD000579,WH004,CUST00090,VEH0031,Delhivery,2026-06-05,2026-06-14,2026-06-14,527.1,3434.9,529.58,Delivered,Columbus,Port Shannonmouth
SHP000352,ORD000300,WH007,CUST00588,VEH0027,Delhivery,2026-05-27,2026-06-08,2026-06-08,433.9,4127.7,193.86,Delayed,Delhi,Port Kim
SHP000357,ORD000621,WH009,CUST00169,VEH0034,FedEx,2026-07-18,2026-07-20,2026-07-20,1670.1,4496.4,2540.77,Delayed,Atlanta,Davidbury
SHP000836,ORD000840,WH009,CUST00364,VEH0039,Delhivery,2026-07-09,2026-07-12,2026-07-12,1161.4,2807.6,1336.76,Delivered,Atlanta,North Deborahport
SHP000716,ORD000539,WH014,CUST00212,VEH0050,XPO Logistics,2026-06-02,2026-06-12,2026-06-12,2050.3,3997.9,442.84,Delayed,Atlanta,Gonzalezside
SHP000252,ORD000065,WH012,CUST00178,VEH0034,Delhivery,2026-04-17,2026-04-28,2026-04-28,2263.5,3076.0,2634.77,Delivered,Hamburg,East Steven
SHP001189,ORD000208,WH009,CUST00357,VEH0015,In-house Fleet,2026-05-04,2026-05-06,2026-05-06,2234.8,1120.4,3251.78,Out for Delivery,Atlanta,Jasonside
SHP001337,ORD000827,WH001,CUST00065,VEH0050,DHL,2026-06-11,2026-06-17,2026-06-17,1799.1,1924.9,1564.88,Cancelled,Chennai,Boonefort
SHP000848,ORD000017,WH011,CUST00042,VEH0038,BlueDart,2026-07-19,2026-07-30,2026-07-30,2682.1,3388.8,433.65,Cancelled,Newark,Jessicaton
SHP000391,ORD000453,WH001,CUST00154,VEH0035,XPO Logistics,2026-06-17,2026-06-22,2026-06-22,1317.6,2279.5,2580.16,Delivered,Chennai,East Jessicamouth
SHP000444,ORD000067,WH012,CUST00354,VEH0036,XPO Logistics,2026-06-15,2026-06-23,2026-06-23,2624.9,2748.3,1326.06,Out for Delivery,Hamburg,West Aaron
SHP000568,ORD000339,WH001,CUST00032,VEH0022,XPO Logistics,2026-04-23,2026-04-26,2026-04-26,2378.0,3747.1,1156.26,In Transit,Chennai,Ericfurt
SHP000216,ORD001174,WH010,CUST00110,VEH0023,XPO Logistics,2026-05-09,2026-05-19,,1029.6,1769.9,2404.56,In Transit,Newark,South Brendafort
SHP000339,ORD000746,WH006,CUST00015,VEH0049,DHL,2026-03-21,2026-03-23,2026-03-23,1544.7,4898.8,704.95,In Transit,Atlanta,Jonathanstad
SHP000795,ORD000197,WH004,CUST00095,VEH0016,Delhivery,2026-04-11,2026-04-15,2026-04-15,1623.4,604.8,2340.53,Out for Delivery,Columbus,Lake Elizabethberg
SHP001072,ORD000716,WH006,CUST00446,VEH0017,In-house Fleet,2026-06-03,2026-06-11,2026-06-11,1128.3,4858.7,3791.85,Out for Delivery,Atlanta,North Jonathanshire
SHP000910,ORD001145,WH008,CUST00111,VEH0047,In-house Fleet,2026-06-01,2026-06-09,2026-06-09,2286.3,4848.6,3354.07,In Transit,Singapore,Walterchester
SHP000057,ORD001106,WH001,CUST00349,VEH0031,DHL,2026-06-03,2026-06-11,2026-06-11,2700.0,3079.4,643.45,Delivered,Chennai,Coxfurt
SHP000669,ORD000231,WH007,CUST00426,VEH0008,BlueDart,2026-07-13,2026-07-19,2026-07-19,528.9,4104.8,3418.23,Out for Delivery,Delhi,West Christopherstad
SHP000633,ORD001052,WH005,CUST00550,VEH0007,DHL,2026-03-28,2026-04-09,2026-04-09,2290.2,743.2,869.31,Delivered,Rotterdam,Weaverbury
SHP000682,ORD000387,WH012,CUST00224,VEH0037,DHL,2026-06-04,2026-06-07,2026-06-07,1372.9,1549.2,3023.77,Cancelled,Hamburg,Moonborough
SHP000804,ORD000835,WH008,CUST00372,VEH0058,XPO Logistics,2026-08-08,2026-08-11,2026-08-11,1138.4,4088.0,3176.3,In Transit,Singapore,Lake Stephen
SHP000182,ORD000668,WH007,CUST00481,VEH0001,FedEx,2026-05-27,2026-06-08,2026-06-08,1171.6,3297.4,1304.74,Delivered,Delhi,South Melinda
SHP000054,ORD000423,WH012,CUST00208,VEH0009,FedEx,2026-04-18,2026-04-20,2026-04-20,2634.1,3326.0,3228.77,Out for Delivery,Hamburg,North Alicia
SHP001480,ORD000240,WH009,CUST00329,VEH0001,XPO Logistics,2026-07-11,2026-07-22,2026-07-22,1409.6,1814.2,1551.43,In Transit,Atlanta,Port Luke
SHP001413,ORD000145,wh004,CUST00088,VEH0045,XPO Logistics,2026-05-20,2026-05-31,2026-05-31,1718.6,1825.0,3854.59,Delayed,Columbus,West Jason
SHP000347,ORD000669,WH009,CUST00452,VEH0057,In-house Fleet,2026-03-17,2026-03-21,2026-03-21,261.7,6.5,3942.58,Out for Delivery,Atlanta,Sullivanborough
SHP000232,ORD000143,WH003,CUST00319,VEH0017,Delhivery,2026-07-24,2026-07-31,2026-07-31,655.2,1336.7,2700.63,Cancelled,Columbus,New Louis
SHP000152,ORD000882,WH010,CUST00372,VEH0021,XPO Logistics,2026-05-02,2026-05-04,2026-05-04,769.3,837.3,1931.59,Delayed,Newark,Griffinberg
SHP000501,ORD000835,WH015,CUST00062,VEH0030,In-house Fleet,2026-07-31,2026-08-04,2026-08-04,152.3,3060.8,2515.1,Delivered,Atlanta,Laurashire
SHP001291,ORD000694,WH005,CUST00101,VEH0050,DHL,2026-07-11,2026-07-21,2026-07-21,579.7,4302.6,2398.72,Cancelled,Rotterdam,Lake Michaelport
SHP000828,ORD000041,WH014,CUST00253,VEH0055,BlueDart,2026-06-09,2026-06-13,2026-06-13,105.1,883.2,2353.44,In Transit,Atlanta,Brendashire
SHP000231,ORD000580,WH015,CUST00311,VEH0051,Delhivery,2026-05-07,2026-05-13,2026-05-13,1056.8,4366.4,3631.91,Out for Delivery,Atlanta,New Emily
SHP000926,ORD000857,WH015,CUST00377,VEH0038,DHL,2026-05-19,2026-05-22,2026-05-22,-49.0,4454.1,2494.88,Out for Delivery,Atlanta,South Lisamouth
SHP000525,ORD000705,WH001,CUST00190,VEH0014,Delhivery,2026-05-04,2026-05-06,,2504.5,538.3,406.07,In Transit,Chennai,West Michael
SHP001228,ORD000921,WH001,CUST00056,VEH0016,BlueDart,2026-04-02,2026-04-11,,874.8,3693.2,1634.72,In Transit,Chennai,East Alyssa
SHP000022,ORD000582,WH012,CUST00443,VEH0008,DHL,2026-02-18,2026-03-01,2026-03-01,1112.7,2769.6,1315.63,Cancelled,Hamburg,Jessicamouth
SHP000406,ORD000216,WH007,CUST00523,VEH0003,FedEx,2026-04-11,2026-04-21,2026-04-21,2670.0,4450.0,2075.62,Delayed,Delhi,Port Jeremymouth
SHP000258,ORD000843,WH003,CUST00573,VEH0024,BlueDart,2026-03-27,2026-03-31,2026-03-31,866.9,3454.3,3946.73,Delivered,Columbus,New Nicholasmouth
SHP000930,ORD000692,WH009,CUST00005,VEH0015,Delhivery,2026-05-06,2026-05-08,2026-05-08,1181.2,1507.4,2425.97,Delivered,Atlanta,Annettehaven
SHP000701,ORD000318,WH006,CUST00046,VEH0019,XPO Logistics,2026-04-06,2026-04-11,2026-04-11,1260.9,2142.9,1550.89,In Transit,Atlanta,South Davidmouth
SHP000389,ORD000327,WH003,CUST00335,VEH0020,Delhivery,2026-08-06,2026-08-11,2026-08-11,1129.2,1833.4,2309.95,Delivered,Columbus,Martinfort
SHP000695,ORD001109,WH011,CUST00553,VEH0006,XPO Logistics,2026-04-20,2026-04-23,2026-04-23,1807.7,1830.4,3367.19,Delivered,Newark,Tylerside
SHP000526,ORD000468,WH011,CUST00085,VEH0044,Delhivery,2026-04-14,2026-04-21,2026-04-21,744.0,1857.7,2062.38,Delivered,Newark,Hernandezborough
SHP001331,ORD000039,WH002,CUST00493,VEH0012,DHL,2026-04-26,2026-05-05,2026-05-05,942.9,1733.4,292.91,Delivered,Singapore,Joshuatown
SHP000186,ORD000314,WH011,CUST00016,VEH0031,BlueDart,2026-07-12,2026-07-20,2026-07-20,2738.7,2280.7,301.24,In Transit,Newark,West Tonya
SHP000943,ORD001076,WH001,CUST00140,VEH0007,FedEx,2026-03-26,2026-04-04,2026-04-04,2937.4,2145.6,1385.02,Delivered,Chennai,Sanchezstad
SHP000044,ORD000854,WH008,CUST00076,VEH0028,BlueDart,2026-02-19,2026-02-25,2026-02-25,1062.5,1720.8,2537.28,Delivered,Singapore,Lake Matthewport
SHP000474,ORD000355,WH004,CUST00533,VEH0054,In-house Fleet,2026-08-09,2026-08-15,2026-08-15,1160.1,2342.4,3158.55,Delivered,Columbus,Port Pamela
SHP000853,ORD000272,WH014,CUST00318,VEH0007,BlueDart,2026-06-08,2026-06-17,2026-06-17,1614.5,2443.0,979.44,Cancelled,Atlanta,East Micheal
SHP001315,ORD000627,WH010,CUST00528,VEH0028,FedEx,2026-07-27,2026-08-05,2026-08-05,1090.4,1796.1,685.44,Delivered,Newark,Sandrabury
SHP000341,ORD000511,WH010,CUST00287,VEH0028,In-house Fleet,2026-05-30,2026-06-09,2026-06-09,1997.0,463.4,3646.27,Delivered,Newark,Castillomouth
SHP001264,ORD001058,WH005,CUST00326,VEH0010,XPO Logistics,2026-04-24,2026-05-03,,1769.9,1339.5,1410.29,In Transit,Rotterdam,Ashleychester
SHP001155,ORD000559,WH014,CUST00365,VEH0052,Delhivery,2026-04-12,2026-04-18,2026-04-18,56.0,3847.8,3639.19,Delivered,Atlanta,New Elizabeth
SHP001455,ORD000367,WH003,CUST00588,VEH0036,In-house Fleet,2026-08-08,2026-08-13,2026-08-13,866.6,4806.4,3890.87,Delivered,Columbus,Morenostad
SHP000961,ORD000093,WH005,CUST00181,VEH0048,In-house Fleet,2026-03-21,2026-03-29,2026-03-29,855.9,1964.9,3170.78,Delivered,Rotterdam,Lake James
SHP001126,ORD000960,wh009,CUST00332,VEH0050,FedEx,2026-07-22,2026-07-26,2026-07-26,2681.3,1236.3,2466.31,Out for Delivery,Atlanta,Leonardburgh
SHP000316,ORD000005,WH001,CUST00348,VEH0057,FedEx,2026-07-19,2026-07-30,2026-07-30,2527.2,3639.0,1748.28,Cancelled,Chennai,Port Melissa
SHP000330,ORD000868,WH004,CUST00437,VEH0029,FedEx,2026-07-29,2026-07-31,2026-07-31,2930.9,3546.8,790.6,Cancelled,Columbus,Lorraineton
SHP000513,ORD001013,WH004,CUST00232,VEH0035,Delhivery,2026-07-25,2026-08-01,2026-08-01,1609.2,450.2,482.28,Cancelled,Columbus,Joseshire
SHP001498,ORD000258,WH007,CUST00423,VEH0034,XPO Logistics,2026-06-13,2026-06-17,2026-06-17,2205.1,4748.2,3239.03,Delivered,Delhi,Raymondtown
SHP000346,ORD001160,WH011,CUST00467,VEH0047,In-house Fleet,2026-05-15,2026-05-20,2026-05-20,1873.4,4424.0,2338.53,Out for Delivery,Newark,Riveraberg
SHP000833,ORD000139,wh004,CUST00022,VEH0008,FedEx,2026-05-14,2026-05-15,2026-05-15,2172.4,2840.9,2680.95,Delivered,Columbus,Rachelton
SHP000684,ORD000585,WH004,CUST00403,VEH0038,FedEx,2026-07-18,2026-07-27,2026-07-27,2270.8,4547.5,555.62,Delayed,Columbus,Lake Nicoleshire
SHP001003,ORD000935,WH002,CUST00058,VEH0056,XPO Logistics,2026-04-03,2026-04-13,2026-04-13,1302.7,1385.2,1734.63,Delivered,Singapore,Dunnside
SHP001468,ORD000030,WH008,CUST00485,VEH0003,BlueDart,2026-04-03,2026-04-08,2026-04-08,1457.2,3135.4,2426.51,Delivered,Singapore,West Andrew
SHP000773,ORD001117,WH009,CUST00567,VEH0022,In-house Fleet,2026-08-01,2026-08-12,2026-08-12,445.5,2563.3,3576.81,Delivered,Atlanta,New Michael
SHP000067,ORD000202,WH001,CUST00315,VEH0016,Delhivery,2026-03-16,2026-03-24,2026-03-24,1975.1,2962.1,3789.98,Out for Delivery,Chennai,Daniellemouth
SHP000933,ORD000787,WH008,CUST00274,VEH0049,In-house Fleet,2026-02-20,2026-02-23,2026-02-23,2965.4,3709.7,1835.46,Delivered,Singapore,North Katherine
SHP001462,ORD001100,WH011,CUST00458,VEH0022,BlueDart,2026-07-06,2026-07-11,2026-07-11,2106.1,913.9,3270.84,Delayed,Newark,South Erik
SHP001377,ORD001096,WH004,CUST00224,VEH0024,XPO Logistics,2026-04-12,2026-04-18,2026-04-18,2816.3,4573.8,3790.83,Out for Delivery,Columbus,South Richard
SHP000644,ORD000320,WH007,CUST00447,VEH0048,FedEx,2026-06-09,2026-06-11,2026-06-11,1776.6,1447.6,522.47,Delivered,Delhi,South Markborough
SHP001335,ORD000940,WH003,CUST00361,VEH0010,XPO Logistics,2026-08-07,2026-08-10,2026-08-10,569.8,977.0,2988.49,Out for Delivery,Columbus,East Christophermouth
SHP000809,ORD000997,WH015,CUST00534,VEH0027,XPO Logistics,2026-06-09,2026-06-19,2026-06-19,1293.7,2335.1,3915.89,Out for Delivery,Atlanta,East Erika
SHP000646,ORD000874,WH005,CUST00591,VEH0054,XPO Logistics,2026-04-01,2026-04-13,2026-04-13,1195.7,3739.1,2428.7,Delivered,Rotterdam,West Carol
SHP000418,ORD000045,WH012,CUST00099,VEH0057,FedEx,2026-06-12,2026-06-22,2026-06-22,2280.2,4939.6,3236.37,Delivered,Hamburg,West Robert
SHP001288,ORD000184,WH014,CUST00272,VEH0050,XPO Logistics,2026-08-12,2026-08-16,2026-08-16,2821.3,3151.6,3826.54,Out for Delivery,Atlanta,Tatebury
SHP001220,ORD000925,WH005,CUST00556,VEH0020,In-house Fleet,2026-04-12,2026-04-22,2026-04-22,1437.5,1999.3,1069.18,In Transit,Rotterdam,South Kimberlyshire
SHP000542,ORD000599,WH005,CUST00574,VEH0050,XPO Logistics,2026-03-03,2026-03-15,2026-03-15,2868.5,4996.8,213.08,Cancelled,Rotterdam,East Melissa
SHP001370,ORD001151,WH002,CUST00117,VEH0044,FedEx,2026-03-05,2026-03-16,2026-03-16,1400.5,4332.8,2587.68,Delivered,Singapore,Amybury
SHP000314,ORD000295,WH006,CUST00436,VEH0053,BlueDart,2026-06-14,2026-06-23,2026-06-23,1031.3,134.8,2104.84,Out for Delivery,Atlanta,Port Lauraberg
SHP000307,ORD001020,WH013,CUST00328,VEH0043,In-house Fleet,2026-06-29,2026-07-02,2026-07-02,1081.6,3199.8,3742.74,Delivered,Chennai,East Renee
SHP000941,ORD000511,WH012,CUST00334,VEH0006,BlueDart,2026-06-16,2026-06-19,2026-06-19,149.5,466.3,355.15,Cancelled,Hamburg,Port Alexander
SHP000130,ORD000972,WH006,CUST00008,VEH0009,XPO Logistics,2026-04-19,2026-04-22,2026-04-22,2522.3,2553.1,1487.86,Delivered,Atlanta,New Jessicaside
SHP000396,ORD000754,WH012,CUST00017,VEH0016,XPO Logistics,2026-06-18,2026-06-22,2026-06-22,2447.6,744.0,195.38,Delivered,Hamburg,Davidberg
SHP001383,ORD000703,WH011,CUST00018,VEH0057,XPO Logistics,2026-03-21,2026-03-24,,39.8,1974.1,3911.86,In Transit,Newark,Port Alisonmouth
SHP000327,ORD000690,WH011,CUST00459,VEH0008,FedEx,2026-03-14,2026-03-17,2026-03-17,2317.8,914.1,409.61,Delivered,Newark,Port Nancy
SHP000192,ORD000742,WH006,CUST00050,VEH0015,In-house Fleet,2026-03-15,2026-03-21,2026-03-21,2327.8,2949.0,3258.66,Delayed,Atlanta,East Jacobfort
SHP000723,ORD000451,wh004,CUST00157,VEH0002,In-house Fleet,2026-05-11,2026-05-14,2026-05-14,2545.8,4135.8,349.98,Delivered,Columbus,Port David
SHP001132,ORD000420,WH013,CUST00342,VEH0039,In-house Fleet,2026-03-26,2026-04-01,2026-04-01,2601.8,2582.2,2748.21,Delivered,Chennai,Mitchellhaven
SHP001065,ORD000092,WH014,CUST00534,VEH0060,FedEx,2026-06-09,2026-06-21,2026-06-21,1333.8,2473.5,3205.64,Delivered,Atlanta,Luisport
SHP000994,ORD000758,WH012,CUST00269,VEH0024,DHL,2026-03-06,2026-03-13,2026-03-13,2508.1,3527.6,3322.02,Delivered,Hamburg,Morganton
SHP000921,ORD000412,WH006,CUST00332,VEH0039,XPO Logistics,2026-02-26,2026-02-28,2026-02-28,1724.2,2840.0,2743.82,Delivered,Atlanta,North Tylerchester
SHP000496,ORD000107,WH012,CUST00272,VEH0010,FedEx,2026-04-03,2026-04-04,2026-04-04,2593.2,937.4,1937.91,Delivered,Hamburg,Port David
SHP001033,ORD000977,WH001,CUST00165,VEH0026,FedEx,2026-04-09,2026-04-18,2026-04-18,2507.5,1216.3,3062.55,Cancelled,Chennai,New Lucas
SHP000868,ORD000045,WH007,CUST00313,VEH0006,XPO Logistics,2026-02-16,2026-02-27,2026-02-27,2038.0,2375.4,83.41,Delivered,Delhi,Port Kevinstad
SHP000385,ORD000870,WH014,CUST00574,VEH0034,FedEx,2026-08-04,2026-08-13,2026-08-13,1642.5,1361.8,830.34,Delivered,Atlanta,Lake Thomas
SHP001104,ORD000418,WH004,CUST00277,VEH0019,Delhivery,2026-07-24,2026-08-02,2026-08-02,536.8,352.9,2118.9,In Transit,Columbus,East Michelleberg
SHP000653,ORD000933,WH007,CUST00044,VEH0025,XPO Logistics,2026-03-24,2026-04-05,2026-04-05,836.9,764.0,2417.66,Delivered,Delhi,New Danielfort
SHP001239,ORD000374,WH014,CUST00359,VEH0030,Delhivery,2026-07-09,2026-07-15,2026-07-15,873.0,2662.0,206.48,Delivered,Atlanta,Shaneborough
SHP000398,ORD000371,WH014,CUST00594,VEH0041,FedEx,2026-08-10,2026-08-21,2026-08-21,1775.0,501.2,2875.82,In Transit,Atlanta,Williamsside
SHP000947,ORD000332,WH010,CUST00371,VEH0029,XPO Logistics,2026-07-28,2026-08-06,2026-08-06,1545.4,1026.1,1900.92,Delayed,Newark,South Holly
SHP001117,ORD000911,WH013,CUST00208,VEH0003,FedEx,2026-07-11,2026-07-22,2026-07-22,1402.8,1478.6,3670.77,Delivered,Chennai,Richardchester
SHP001486,ORD000671,WH012,CUST00091,VEH0039,DHL,2026-07-13,2026-07-23,2026-07-23,268.5,2676.9,281.13,Delivered,Hamburg,Watkinsborough
SHP000725,ORD000563,WH003,CUST00036,VEH0032,DHL,2026-03-06,2026-03-16,2026-03-16,771.5,3696.4,2066.9,Delivered,Columbus,Lake Kylie
SHP000533,ORD001097,WH006,CUST00325,VEH0012,XPO Logistics,2026-06-18,2026-06-25,2026-06-25,1785.9,4369.4,1541.21,Delivered,Atlanta,Lake Linda
SHP000763,ORD000754,WH015,CUST00072,VEH0040,FedEx,2026-03-03,2026-03-04,2026-03-04,2020.4,4486.6,2690.2,Out for Delivery,Atlanta,Port Veronica
SHP000162,ORD000343,WH011,CUST00302,VEH0038,Delhivery,2026-07-19,2026-07-30,2026-07-30,1013.6,2910.5,3306.66,Delivered,Newark,Jessicastad
SHP001247,ORD000195,WH012,CUST00095,VEH0042,BlueDart,2026-06-25,2026-07-05,2026-07-05,2095.6,2666.9,1253.24,Out for Delivery,Hamburg,Port Kimberly
SHP000937,ORD000925,WH006,CUST00053,VEH0007,FedEx,2026-03-03,2026-03-06,2026-03-06,879.1,4087.8,1140.95,Out for Delivery,Atlanta,Lake Brandonhaven
SHP001040,ORD000453,WH008,CUST00343,VEH0019,Delhivery,2026-03-03,2026-03-13,2026-03-13,1316.7,1496.6,1810.68,Delivered,Singapore,New Russellland
SHP001074,ORD000950,wh006,CUST00365,VEH0037,FedEx,2026-02-23,2026-03-02,2026-03-02,1146.5,3884.8,3260.79,Delayed,Atlanta,East Adam
SHP001271,ORD000882,WH006,CUST00089,VEH0055,In-house Fleet,2026-03-28,2026-04-02,2026-04-02,2423.3,2778.6,2077.2,In Transit,Atlanta,West Peterfort
SHP000021,ORD000656,WH012,CUST00364,VEH0008,FedEx,2026-05-28,2026-06-04,,134.8,2923.4,1558.0,In Transit,Hamburg,South Brian
SHP000570,ORD000366,WH012,CUST00043,VEH0026,BlueDart,2026-08-10,2026-08-21,2026-08-21,2699.8,1342.4,173.85,Out for Delivery,Hamburg,Annastad
SHP000654,ORD000895,WH014,CUST00195,VEH0011,Delhivery,2026-08-08,2026-08-15,2026-08-15,1738.9,1977.8,2387.42,Out for Delivery,Atlanta,West Craigborough
SHP000697,ORD000683,WH003,CUST00271,VEH0006,In-house Fleet,2026-06-27,2026-07-08,2026-07-08,237.2,528.4,3041.97,Delivered,Columbus,Joshuahaven
SHP000482,ORD000397,WH006,CUST00229,VEH0057,DHL,2026-07-11,2026-07-12,2026-07-12,672.6,389.9,3494.15,Cancelled,Atlanta,South Josephville
SHP000034,ORD000563,WH001,CUST00139,VEH0029,FedEx,2026-03-15,2026-03-23,2026-03-23,735.8,2632.8,3303.23,Out for Delivery,Chennai,North Carrie
SHP001050,ORD000629,wh014,CUST00436,VEH0013,Delhivery,2026-05-12,2026-05-18,2026-05-18,2723.5,2115.3,3588.78,Delayed,Atlanta,West Joseph
SHP000048,ORD000966,WH007,CUST00237,VEH0034,BlueDart,2026-05-09,2026-05-21,2026-05-21,788.3,2566.8,2761.1,Delivered,Delhi,West Joseph
SHP000030,ORD001045,WH009,CUST00416,VEH0045,DHL,2026-05-12,2026-05-16,,1040.4,4188.3,800.6,In Transit,Atlanta,North Angela
SHP001006,ORD000387,WH007,CUST00453,VEH0003,DHL,2026-04-14,2026-04-24,2026-04-24,1811.3,4579.7,1153.08,Delayed,Delhi,East Marcus
SHP001107,ORD000597,wh014,CUST00063,VEH0049,Delhivery,2026-08-06,2026-08-09,2026-08-09,1567.5,2071.6,2185.47,Delivered,Atlanta,Luistown
SHP001139,ORD000525,WH014,CUST00541,VEH0015,In-house Fleet,2026-02-28,2026-03-04,2026-03-04,127.9,3282.1,2573.49,Delivered,Atlanta,Port Gabrielle
SHP001278,ORD000286,WH007,CUST00200,VEH0055,DHL,2026-06-19,2026-06-26,2026-06-26,2180.4,4544.8,2714.69,Out for Delivery,Delhi,Nicoleside
SHP000511,ORD000921,WH014,CUST00352,VEH0057,DHL,2026-07-12,2026-07-14,2026-07-14,2379.6,3217.2,662.88,Delivered,Atlanta,East Yolanda
SHP000531,ORD000736,WH015,CUST00139,VEH0030,BlueDart,2026-04-09,2026-04-12,2026-04-12,1825.9,1813.1,587.54,Cancelled,Atlanta,North Marcusstad
SHP000923,ORD000905,WH007,CUST00539,VEH0005,BlueDart,2026-02-21,2026-02-22,2026-02-22,2370.8,3887.0,1207.99,Delivered,Delhi,Christineborough
SHP000502,ORD000390,WH013,CUST00187,VEH0004,BlueDart,2026-04-27,2026-05-08,2026-05-08,2149.1,2667.5,3170.59,Out for Delivery,Chennai,Transhire
SHP000433,ORD000844,WH008,CUST00452,VEH0004,XPO Logistics,2026-04-08,2026-04-17,2026-04-17,45.7,3003.6,107.67,Cancelled,Singapore,South Shawn
SHP000254,ORD000680,WH015,CUST00558,VEH0011,DHL,2026-02-17,2026-02-18,2026-02-18,2155.3,2929.4,3923.36,Delayed,Atlanta,South Matthew
SHP001463,ORD000417,WH004,CUST00191,VEH0036,XPO Logistics,2026-07-05,2026-07-10,2026-07-10,2443.2,2072.8,3003.82,Out for Delivery,Columbus,South Thomas
SHP001373,ORD001197,WH013,CUST00183,VEH0036,XPO Logistics,2026-07-06,2026-07-11,2026-07-11,1249.7,4280.2,1762.99,Delivered,Chennai,Crawfordfort
SHP001217,ORD000859,WH007,CUST00519,VEH0008,Delhivery,2026-07-10,2026-07-21,2026-07-21,903.2,311.1,2332.04,Cancelled,Delhi,West Matthewbury
SHP000780,ORD000173,WH015,CUST00567,VEH0016,FedEx,2026-08-06,2026-08-15,2026-08-15,1696.0,2652.0,786.07,Delivered,Atlanta,West Eddieport
SHP000367,ORD000060,WH005,CUST00206,VEH0054,XPO Logistics,2026-03-01,2026-03-09,2026-03-09,1494.3,2784.6,34.3,In Transit,Rotterdam,Johnchester
SHP001077,ORD000702,WH015,CUST00149,VEH0030,BlueDart,2026-07-08,2026-07-17,2026-07-17,1773.7,4739.0,3841.78,Delivered,Atlanta,Dorseytown
SHP001079,ORD000348,WH009,CUST00208,VEH0055,XPO Logistics,2026-02-18,2026-02-25,,1711.5,1323.2,1623.88,In Transit,Atlanta,Nguyenstad
SHP000681,ORD001091,WH003,CUST00400,VEH0035,XPO Logistics,2026-07-14,2026-07-24,2026-07-24,879.8,1063.8,988.0,Delivered,Columbus,Jennifermouth
SHP001206,ORD000704,WH015,CUST00582,VEH0019,In-house Fleet,2026-04-13,2026-04-15,2026-04-15,2656.4,2026.6,2507.11,Out for Delivery,Atlanta,Lawrenceberg
SHP000813,ORD000153,WH009,CUST00023,VEH0004,DHL,2026-02-18,2026-02-20,2026-02-20,2801.2,1009.7,510.97,Delivered,Atlanta,West Sheri
SHP000736,ORD000267,WH012,CUST00066,VEH0002,Delhivery,2026-03-28,2026-04-02,,2250.6,3804.3,1684.62,In Transit,Hamburg,Hillside
SHP001049,ORD000235,WH014,CUST00143,VEH0013,In-house Fleet,2026-08-12,2026-08-23,2026-08-23,824.1,1190.5,2680.16,In Transit,Atlanta,Codyton
SHP000299,ORD000877,WH008,CUST00016,VEH0025,In-house Fleet,2026-04-13,2026-04-21,2026-04-21,2433.7,1923.4,3015.31,Cancelled,Singapore,Garnerhaven
SHP000557,ORD000950,WH005,CUST00574,VEH0054,In-house Fleet,2026-07-24,2026-08-03,2026-08-03,148.1,1009.7,2090.65,Out for Delivery,Rotterdam,New Ashley
SHP000576,ORD000117,WH014,CUST00492,VEH0019,DHL,2026-06-21,2026-06-24,2026-06-24,803.5,41.1,3159.92,Delivered,Atlanta,Greenview
SHP000019,ORD000397,WH005,CUST00176,VEH0019,FedEx,2026-04-02,2026-04-12,2026-04-12,265.9,1511.4,647.46,Delivered,Rotterdam,Mullenport
SHP000573,ORD000380,WH010,CUST00204,VEH0038,Delhivery,2026-04-19,2026-04-27,,259.6,3819.6,2719.58,In Transit,Newark,Christopherside
SHP000226,ORD001163,WH003,CUST00570,VEH0028,Delhivery,2026-03-07,2026-03-18,2026-03-18,1818.7,2733.0,2142.97,Out for Delivery,Columbus,East Micheletown
SHP000600,ORD000847,WH008,CUST00045,VEH0057,In-house Fleet,2026-07-15,2026-07-17,2026-07-17,812.5,1629.2,1818.03,Cancelled,Singapore,Nguyenview
SHP000420,ORD000508,WH009,CUST00175,VEH0052,Delhivery,2026-03-19,2026-03-20,2026-03-20,33.8,2530.0,2827.89,Out for Delivery,Atlanta,Haleyport
SHP001174,ORD000747,WH009,CUST00268,VEH0011,FedEx,2026-05-20,2026-05-23,2026-05-23,2754.7,3250.7,3463.53,In Transit,Atlanta,South Alexis
SHP000219,ORD000267,wh008,CUST00443,VEH0035,Delhivery,2026-06-26,2026-07-06,2026-07-06,245.6,3921.2,315.47,In Transit,Singapore,Jenkinsmouth
SHP000308,ORD000432,WH013,CUST00153,VEH0042,DHL,2026-06-27,2026-07-06,2026-07-06,193.2,1854.8,3943.8,Delivered,Chennai,Nobleport
SHP000157,ORD001133,WH004,CUST00475,VEH0045,In-house Fleet,2026-07-31,2026-08-12,2026-08-12,1053.1,687.8,3100.69,Delivered,Columbus,West Daniellehaven
SHP000172,ORD000053,WH005,CUST00012,VEH0028,XPO Logistics,2026-05-31,2026-06-01,2026-06-01,555.0,2868.7,3250.42,Cancelled,Rotterdam,Ortizside
SHP001194,ORD001185,WH014,CUST00359,VEH0010,Delhivery,2026-04-24,2026-04-28,2026-04-28,2645.6,4441.1,1226.64,Cancelled,Atlanta,West Coltontown
SHP000706,ORD000992,WH009,CUST00466,VEH0033,XPO Logistics,2026-07-15,2026-07-24,2026-07-24,734.1,4821.2,3327.36,Cancelled,Atlanta,Danielfort
SHP000287,ORD001142,WH004,CUST00533,VEH0047,Delhivery,2026-03-16,2026-03-26,2026-03-26,149.4,17.7,1299.1,Delivered,Columbus,Scottberg
SHP001091,ORD001200,WH014,CUST00188,VEH0035,DHL,2026-04-21,2026-04-23,2026-04-23,1578.4,3816.9,1100.3,Delivered,Atlanta,Robertport
SHP000454,ORD000981,WH001,CUST00480,VEH0046,Delhivery,2026-07-18,2026-07-21,2026-07-21,825.4,1742.2,787.61,Cancelled,Chennai,New Ginashire
SHP001467,ORD000461,WH001,CUST00396,VEH0040,FedEx,2026-08-02,2026-08-14,,1343.0,1436.3,2753.22,In Transit,Chennai,Davidside
SHP000072,ORD000034,WH009,CUST00172,VEH0052,XPO Logistics,2026-08-07,2026-08-09,2026-08-09,1275.6,933.1,3082.74,Out for Delivery,Atlanta,West Tracy
SHP000083,ORD000172,WH002,CUST00394,VEH0050,XPO Logistics,2026-07-24,2026-08-04,2026-08-04,1135.4,1159.7,1576.78,In Transit,Singapore,Adamside
SHP001170,ORD000570,WH015,CUST00433,VEH0003,BlueDart,2026-03-31,2026-04-03,2026-04-03,1812.0,4486.6,3324.51,Out for Delivery,Atlanta,North Stevenfort
SHP001453,ORD000064,WH001,CUST00338,VEH0020,DHL,2026-08-06,2026-08-16,2026-08-16,2967.0,1174.6,123.59,Delayed,Chennai,New Jonathan
SHP000016,ORD001138,WH009,CUST00270,VEH0045,BlueDart,2026-03-31,2026-04-09,2026-04-09,2328.2,1260.2,3847.07,Cancelled,Atlanta,Oliviaville
SHP000536,ORD001058,WH006,CUST00322,VEH0038,DHL,2026-05-08,2026-05-18,2026-05-18,2109.4,2001.1,1039.29,Cancelled,Atlanta,Mckayview
SHP001160,ORD000474,WH007,CUST00433,VEH0003,In-house Fleet,2026-05-05,2026-05-09,2026-05-09,1023.3,41.6,737.36,Out for Delivery,Delhi,Lake Markland
SHP000919,ORD000380,WH004,CUST00113,VEH0039,In-house Fleet,2026-03-14,2026-03-25,2026-03-25,449.0,3393.3,1348.82,Delayed,Columbus,North Elizabethshire
SHP000452,ORD000111,WH009,CUST00364,VEH0037,BlueDart,2026-05-05,2026-05-14,2026-05-14,1526.4,2538.7,2919.49,Out for Delivery,Atlanta,West Janetburgh
SHP001157,ORD000475,WH010,CUST00581,VEH0024,Delhivery,2026-02-26,2026-02-28,2026-02-28,1685.8,4026.4,3429.01,Delivered,Newark,Leeside
SHP000405,ORD000730,WH008,CUST00591,VEH0047,In-house Fleet,2026-02-26,2026-03-03,2026-03-03,2876.7,1310.2,1623.1,In Transit,Singapore,Ellisside
SHP001398,ORD000688,WH002,CUST00538,VEH0008,FedEx,2026-07-19,2026-07-31,2026-07-31,367.1,5.6,2176.11,Delayed,Singapore,North Derrickville
SHP001356,ORD000191,WH005,CUST00011,VEH0031,In-house Fleet,2026-04-24,2026-05-06,2026-05-06,1818.4,4554.3,1722.31,In Transit,Rotterdam,Cindymouth
SHP000740,ORD001060,WH003,CUST00229,VEH0019,DHL,2026-02-18,2026-02-28,2026-02-28,2320.3,3901.4,1371.69,Delivered,Columbus,North Tannertown
SHP000365,ORD000571,WH012,CUST00391,VEH0053,Delhivery,2026-06-05,2026-06-06,2026-06-06,2827.1,1080.6,3479.99,Out for Delivery,Hamburg,Henryton
SHP000105,ORD000089,WH012,CUST00413,VEH0029,Delhivery,2026-03-07,2026-03-11,2026-03-11,-26.6,4848.8,3808.7,Delayed,Hamburg,New Kevin
SHP001404,ORD000367,WH011,CUST00406,VEH0043,DHL,2026-06-05,2026-06-08,2026-06-08,-44.8,626.1,3835.45,Delivered,Newark,Thompsonbury
SHP001245,ORD000808,WH004,CUST00516,VEH0018,XPO Logistics,2026-04-02,2026-04-03,2026-04-03,671.1,4169.8,2821.25,Cancelled,Columbus,North Aimee
SHP000662,ORD001123,WH012,CUST00045,VEH0015,In-house Fleet,2026-03-10,2026-03-14,2026-03-14,2660.1,1266.1,2794.78,Delivered,Hamburg,North Christopher
SHP000242,ORD000548,WH011,CUST00584,VEH0046,BlueDart,2026-05-15,2026-05-18,2026-05-18,434.8,1571.2,3394.55,Delivered,Newark,Franklinchester
SHP000431,ORD000498,WH014,CUST00056,VEH0016,Delhivery,2026-05-02,2026-05-14,2026-05-14,2334.7,350.9,1616.91,Delivered,Atlanta,Matthewport
SHP000815,ORD000997,WH004,CUST00209,VEH0035,XPO Logistics,2026-07-23,2026-07-29,2026-07-29,664.7,733.5,899.39,Delivered,Columbus,West Phillipstad
SHP000631,ORD000451,WH004,CUST00077,VEH0051,FedEx,2026-04-11,2026-04-13,2026-04-13,328.0,2993.8,1141.56,Delivered,Columbus,Garciamouth
SHP000097,ORD000257,WH015,CUST00198,VEH0058,Delhivery,2026-03-09,2026-03-10,2026-03-10,1759.4,2710.3,234.34,Delivered,Atlanta,West George
SHP000468,ORD000919,WH010,CUST00072,VEH0051,DHL,2026-03-09,2026-03-15,2026-03-15,2541.6,1907.9,832.65,In Transit,Newark,West Richard
SHP000085,ORD000569,WH007,CUST00591,VEH0007,FedEx,2026-03-02,2026-03-12,2026-03-12,2290.7,892.0,1472.79,Delayed,Delhi,North William
SHP000702,ORD001170,WH011,CUST00255,VEH0007,XPO Logistics,2026-08-07,2026-08-13,2026-08-13,84.2,3197.3,1382.2,Out for Delivery,Newark,New Michaelamouth
SHP000010,ORD000955,WH007,CUST00514,VEH0019,In-house Fleet,2026-08-01,2026-08-09,,66.3,3022.6,124.95,In Transit,Delhi,West Davidbury
SHP000605,ORD000578,WH004,CUST00010,VEH0027,BlueDart,2026-08-09,2026-08-16,2026-08-16,2229.2,1636.1,3103.74,Delivered,Columbus,Port Williammouth
SHP000879,ORD000790,wh004,CUST00245,VEH0018,XPO Logistics,2026-05-02,2026-05-06,2026-05-06,2513.1,1316.2,859.66,Cancelled,Columbus,South Dylantown
SHP000774,ORD000649,WH010,CUST00080,VEH0056,DHL,2026-03-24,2026-03-31,2026-03-31,593.6,1846.5,327.36,Delivered,Newark,South Austinmouth
SHP001163,ORD000819,WH009,CUST00514,VEH0011,BlueDart,2026-03-13,2026-03-22,2026-03-22,2625.5,2725.1,2301.18,In Transit,Atlanta,New Patricia
SHP000277,ORD000999,WH010,CUST00177,VEH0024,In-house Fleet,2026-03-07,2026-03-15,2026-03-15,2691.0,1866.9,3295.52,Delivered,Newark,Teresaburgh
SHP000089,ORD000662,WH004,CUST00150,VEH0010,FedEx,2026-07-29,2026-08-06,2026-08-06,773.2,3077.6,3298.56,Cancelled,Columbus,East Bettyshire
SHP000091,ORD000243,wh008,CUST00334,VEH0003,FedEx,2026-06-20,2026-06-26,,2940.2,262.2,2481.11,In Transit,Singapore,South Melindafurt
SHP000766,ORD000927,WH002,CUST00464,VEH0044,DHL,2026-02-28,2026-03-10,,2811.6,664.7,2649.59,In Transit,Singapore,Deborahchester
SHP000281,ORD000385,WH002,CUST00423,VEH0026,BlueDart,2026-08-01,2026-08-02,2026-08-02,2243.4,239.0,1191.55,In Transit,Singapore,Michelleview
SHP001008,ORD001163,WH002,CUST00386,VEH0057,BlueDart,2026-07-09,2026-07-18,2026-07-18,1063.8,3707.3,1860.5,In Transit,Singapore,Nicolechester
SHP000652,ORD000384,WH007,CUST00570,VEH0038,XPO Logistics,2026-03-05,2026-03-14,2026-03-14,928.2,1278.7,1387.08,Out for Delivery,Delhi,Mooreberg
SHP000993,ORD000867,WH011,CUST00235,VEH0031,FedEx,2026-02-22,2026-02-24,2026-02-24,2397.7,4659.0,210.94,Delivered,Newark,New Gregory
SHP000366,ORD000264,WH009,CUST00138,VEH0009,Delhivery,2026-05-15,2026-05-17,2026-05-17,1837.9,3857.2,2072.27,Out for Delivery,Atlanta,Phillipberg
SHP000024,ORD000423,WH006,CUST00564,VEH0051,XPO Logistics,2026-03-22,2026-03-26,2026-03-26,1890.0,98.4,1360.18,Delivered,Atlanta,Lake Alexander
SHP000677,ORD000648,WH012,CUST00527,VEH0041,FedEx,2026-05-15,2026-05-22,,1444.1,922.5,774.63,In Transit,Hamburg,Robinhaven
SHP000999,ORD001180,WH006,CUST00168,VEH0056,FedEx,2026-04-13,2026-04-16,2026-04-16,1239.2,1249.7,3011.31,Out for Delivery,Atlanta,Lopezhaven
SHP000311,ORD000938,WH012,CUST00330,VEH0002,FedEx,2026-03-27,2026-03-31,2026-03-31,2375.0,3615.6,1250.14,Out for Delivery,Hamburg,Port Kristenchester
SHP001061,ORD000179,WH005,CUST00156,VEH0017,BlueDart,2026-03-03,2026-03-14,2026-03-14,2819.7,669.7,1894.62,Out for Delivery,Rotterdam,Ryanville
SHP000641,ORD000848,WH001,CUST00175,VEH0033,Delhivery,2026-03-17,2026-03-26,2026-03-26,1413.9,2946.8,1861.74,Delayed,Chennai,Watsontown
SHP000241,ORD001172,WH003,CUST00054,VEH0042,Delhivery,2026-03-01,2026-03-07,2026-03-07,81.6,4312.3,761.62,In Transit,Columbus,Lake Nicolasfort
SHP000667,ORD000027,WH010,CUST00539,VEH0028,DHL,2026-03-18,2026-03-19,2026-03-19,2307.3,1923.4,190.18,Out for Delivery,Newark,Raymondchester
SHP001302,ORD000043,WH010,CUST00295,VEH0004,XPO Logistics,2026-04-20,2026-04-28,2026-04-28,2316.4,2180.3,2803.86,In Transit,Newark,South Bradleyfort
SHP000099,ORD000370,WH006,CUST00549,VEH0042,In-house Fleet,2026-07-22,2026-08-01,2026-08-01,2157.0,1766.1,1994.73,Delivered,Atlanta,Port Mariah
SHP000168,ORD000853,WH001,CUST00522,VEH0007,Delhivery,2026-04-09,2026-04-16,2026-04-16,2061.5,1238.0,441.28,Delivered,Chennai,Davidmouth
SHP000497,ORD000816,WH007,CUST00206,VEH0017,FedEx,2026-04-20,2026-04-25,2026-04-25,2136.7,2120.4,3998.63,Delivered,Delhi,Lake Zacharytown
SHP000276,ORD001159,WH003,CUST00546,VEH0038,FedEx,2026-06-10,2026-06-20,2026-06-20,668.0,2413.9,3558.02,Delivered,Columbus,Clarkehaven
SHP001114,ORD000321,WH005,CUST00229,VEH0050,Delhivery,2026-03-21,2026-03-24,2026-03-24,1412.6,2068.9,3640.2,Delivered,Rotterdam,North Johnstad
SHP000715,ORD000795,WH007,CUST00194,VEH0047,BlueDart,2026-03-13,2026-03-22,2026-03-22,89.7,775.6,2238.39,Delivered,Delhi,West Erinfort
SHP001269,ORD000437,WH011,CUST00400,VEH0007,XPO Logistics,2026-05-13,2026-05-23,2026-05-23,94.0,3091.2,2041.74,Delivered,Newark,North Deborah
SHP000332,ORD000286,WH001,CUST00023,VEH0026,DHL,2026-04-19,2026-04-27,,2011.6,131.3,1864.87,In Transit,Chennai,Eugenefurt
SHP000220,ORD000448,WH003,CUST00424,VEH0029,BlueDart,2026-03-20,2026-03-21,2026-03-21,2010.4,4604.2,459.6,Out for Delivery,Columbus,Danieltown
SHP000434,ORD000235,WH008,CUST00466,VEH0006,FedEx,2026-04-09,2026-04-18,2026-04-18,1726.0,4227.7,2449.75,Delayed,Singapore,West Aaronville
SHP001456,ORD000996,WH005,CUST00033,VEH0011,In-house Fleet,2026-06-05,2026-06-12,2026-06-12,332.3,1645.2,2670.23,Delivered,Rotterdam,South Sarah
SHP001320,ORD000777,WH015,CUST00408,VEH0001,In-house Fleet,2026-03-09,2026-03-16,2026-03-16,209.9,4144.3,239.99,Delayed,Atlanta,South Donald
SHP000487,ORD000041,WH008,CUST00046,VEH0041,In-house Fleet,2026-05-09,2026-05-13,2026-05-13,-12.7,1825.8,1058.1,In Transit,Singapore,Christopherborough
SHP000532,ORD000858,WH015,CUST00156,VEH0045,FedEx,2026-04-22,2026-04-25,2026-04-25,848.8,2680.0,952.66,In Transit,Atlanta,Jonathantown
SHP001311,ORD000440,WH009,CUST00556,VEH0020,XPO Logistics,2026-06-19,2026-06-27,2026-06-27,2834.2,4551.0,3522.93,Delivered,Atlanta,Christopherberg
SHP000261,ORD000025,WH009,CUST00325,VEH0047,BlueDart,2026-03-22,2026-03-31,,2519.3,1439.6,1251.19,In Transit,Atlanta,Dixonville
SHP000811,ORD000917,WH001,CUST00240,VEH0053,In-house Fleet,2026-03-30,2026-04-09,2026-04-09,1397.4,100.0,3762.16,Delivered,Chennai,East Janice
SHP000306,ORD001146,WH002,CUST00583,VEH0016,BlueDart,2026-05-13,2026-05-14,2026-05-14,2524.3,3328.5,2211.99,Cancelled,Singapore,Lopezberg
SHP000693,ORD000565,wh002,CUST00236,VEH0042,Delhivery,2026-03-21,2026-04-02,2026-04-02,2561.2,2923.7,790.38,Cancelled,Singapore,West Kristina
SHP000197,ORD000529,WH013,CUST00293,VEH0021,XPO Logistics,2026-04-20,2026-05-01,,1712.2,1388.7,3417.22,In Transit,Chennai,South Mark
SHP001165,ORD000955,WH010,CUST00234,VEH0050,BlueDart,2026-05-02,2026-05-13,2026-05-13,1774.4,3582.2,3291.77,Delivered,Newark,South Christopherfurt
SHP001147,ORD000160,WH006,CUST00232,VEH0029,XPO Logistics,2026-03-26,2026-03-27,,135.7,1480.6,1685.29,In Transit,Atlanta,North Wendy
SHP000495,ORD000715,WH014,CUST00058,VEH0006,In-house Fleet,2026-07-06,2026-07-09,2026-07-09,1154.8,1011.1,3586.95,Delayed,Atlanta,Danafort
SHP000111,ORD000733,WH003,CUST00478,VEH0001,In-house Fleet,2026-07-17,2026-07-27,2026-07-27,996.7,3312.9,3576.98,Delivered,Columbus,Lake Codyside
SHP001109,ORD000354,WH009,CUST00563,VEH0018,In-house Fleet,2026-04-26,2026-05-08,2026-05-08,1142.6,1770.1,2063.13,Delivered,Atlanta,Port Aaron
SHP000514,ORD000366,WH011,CUST00104,VEH0058,FedEx,2026-04-12,2026-04-15,2026-04-15,1197.8,965.5,868.94,Out for Delivery,Newark,Lake James
SHP000692,ORD000769,WH006,CUST00543,VEH0011,XPO Logistics,2026-03-04,2026-03-10,2026-03-10,1294.8,2609.1,3558.13,Cancelled,Atlanta,West Christophertown
SHP000370,ORD000681,WH003,CUST00553,VEH0053,FedEx,2026-04-06,2026-04-13,2026-04-13,2512.4,3233.3,157.81,Delivered,Columbus,Morganfort
SHP000794,ORD000715,WH003,CUST00588,VEH0015,In-house Fleet,2026-06-30,2026-07-12,2026-07-12,1008.2,627.7,83.28,Delivered,Columbus,Nicholaston
SHP001099,ORD000789,WH009,CUST00396,VEH0043,In-house Fleet,2026-06-29,2026-07-06,2026-07-06,1249.9,1902.8,1450.36,Delayed,Atlanta,Christopherfort
SHP000927,ORD000569,WH002,CUST00152,VEH0058,BlueDart,2026-03-06,2026-03-12,2026-03-12,2507.3,677.1,557.1,Delayed,Singapore,West Loriburgh
SHP000274,ORD001137,wh010,CUST00570,VEH0053,BlueDart,2026-05-22,2026-06-03,2026-06-03,495.6,3786.3,3475.27,Delivered,Newark,North Samantha
SHP000397,ORD000779,WH007,CUST00434,VEH0037,DHL,2026-07-02,2026-07-08,2026-07-08,1940.5,1200.8,826.64,Cancelled,Delhi,Middletontown
SHP001179,ORD000489,WH009,CUST00160,VEH0054,BlueDart,2026-03-05,2026-03-09,,1264.7,4962.6,87.9,In Transit,Atlanta,New Stephenberg
SHP000686,ORD001176,WH010,CUST00237,VEH0051,FedEx,2026-07-09,2026-07-11,2026-07-11,806.8,696.9,1692.58,Out for Delivery,Newark,Ambermouth
SHP001216,ORD001070,WH012,CUST00233,VEH0016,FedEx,2026-02-20,2026-02-23,2026-02-23,842.8,1760.7,2635.94,Out for Delivery,Hamburg,Franklinmouth
SHP000798,ORD001169,WH013,CUST00244,VEH0030,DHL,2026-04-04,2026-04-08,2026-04-08,1427.0,67.1,2128.36,Delivered,Chennai,Lake Christopher
SHP001212,ORD001057,WH004,CUST00162,VEH0033,BlueDart,2026-05-01,2026-05-13,,2493.9,1847.3,695.33,In Transit,Columbus,Gilbertland
SHP001075,ORD000348,WH008,CUST00568,VEH0024,BlueDart,2026-08-08,2026-08-20,2026-08-20,2929.7,1013.2,1726.12,Delivered,Singapore,Chrismouth
SHP001063,ORD000816,WH006,CUST00163,VEH0002,DHL,2026-03-08,2026-03-11,2026-03-11,2253.2,756.1,1433.81,Delivered,Atlanta,New Elizabeth
SHP000962,ORD000511,WH003,CUST00387,VEH0017,Delhivery,2026-06-02,2026-06-07,2026-06-07,2925.3,4396.1,1726.46,Cancelled,Columbus,New Daniel
SHP000419,ORD000970,WH006,CUST00437,VEH0005,BlueDart,2026-07-30,2026-08-05,2026-08-05,1350.2,3695.0,3555.4,Delayed,Atlanta,South Charlottetown
SHP000376,ORD000329,WH004,CUST00384,VEH0013,BlueDart,2026-03-14,2026-03-19,2026-03-19,61.8,334.5,806.06,Cancelled,Columbus,Wisebury
SHP000464,ORD000697,WH006,CUST00184,VEH0034,FedEx,2026-02-18,2026-03-01,2026-03-01,2331.4,1243.9,1090.84,Delivered,Atlanta,Lisafort
SHP000471,ORD000293,WH004,CUST00546,VEH0056,DHL,2026-05-27,2026-06-01,,1935.9,1360.8,36.25,In Transit,Columbus,Smithchester
SHP001100,ORD000622,wh012,CUST00262,VEH0060,XPO Logistics,2026-05-05,2026-05-17,2026-05-17,1084.3,4764.6,202.46,Delivered,Hamburg,Port Casey
SHP000560,ORD000762,WH009,CUST00426,VEH0010,DHL,2026-03-10,2026-03-21,2026-03-21,495.1,4696.2,2665.27,Delivered,Atlanta,Lake Kathleenburgh
SHP000303,ORD001079,WH015,CUST00278,VEH0024,Delhivery,2026-05-05,2026-05-06,2026-05-06,609.4,3300.0,1653.81,Delivered,Atlanta,Martinmouth
SHP000583,ORD000871,WH012,CUST00465,VEH0022,Delhivery,2026-03-22,2026-03-27,2026-03-27,680.7,4162.7,1354.19,Delivered,Hamburg,Port Crystalborough
SHP000799,ORD000623,WH007,CUST00288,VEH0054,BlueDart,2026-05-19,2026-05-21,2026-05-21,132.1,315.0,1196.94,Cancelled,Delhi,Jenniferbury
SHP000012,ORD001107,WH014,CUST00517,VEH0056,DHL,2026-04-13,2026-04-24,2026-04-24,277.8,3781.6,2008.38,Out for Delivery,Atlanta,Jamesport
SHP001275,ORD000790,WH008,CUST00075,VEH0006,XPO Logistics,2026-07-06,2026-07-08,2026-07-08,1335.0,4776.0,1430.35,Cancelled,Singapore,North Danielfort
SHP000539,ORD000308,WH002,CUST00267,VEH0003,DHL,2026-07-22,2026-07-28,2026-07-28,1026.7,4741.3,3846.97,Out for Delivery,Singapore,East Aaron
SHP000628,ORD000345,wh007,CUST00123,VEH0060,DHL,2026-05-08,2026-05-13,2026-05-13,2708.7,3941.1,341.63,Delivered,Delhi,Port Lynn
SHP000282,ORD000532,WH015,CUST00154,VEH0027,DHL,2026-07-22,2026-08-03,2026-08-03,1361.1,254.0,2432.63,In Transit,Atlanta,Port Joshua
SHP000984,ORD000612,WH012,CUST00302,VEH0051,XPO Logistics,2026-06-16,2026-06-27,2026-06-27,1500.4,892.8,3089.98,Out for Delivery,Hamburg,Henryfort
SHP001265,ORD000124,wh003,CUST00362,VEH0024,FedEx,2026-06-01,2026-06-05,2026-06-05,1193.2,354.3,2317.28,Out for Delivery,Columbus,East Antonio
SHP000224,ORD000293,WH004,CUST00071,VEH0016,Delhivery,2026-03-24,2026-04-01,2026-04-01,1875.5,1639.4,1516.3,Delivered,Columbus,Davidtown
SHP000673,ORD000885,WH004,CUST00107,VEH0045,DHL,2026-03-15,2026-03-18,2026-03-18,2550.8,3043.9,1482.26,Cancelled,Columbus,New Seanland
SHP001244,ORD000523,WH003,CUST00201,VEH0055,Delhivery,2026-03-20,2026-03-30,2026-03-30,1596.9,1133.2,2971.25,Out for Delivery,Columbus,Warrenfort
SHP000967,ORD000678,WH012,CUST00189,VEH0043,BlueDart,2026-03-15,2026-03-17,2026-03-17,1854.8,2711.8,1664.39,In Transit,Hamburg,Andreatown
SHP001150,ORD000506,WH013,CUST00557,VEH0042,Delhivery,2026-04-18,2026-04-27,2026-04-27,2619.4,3256.5,2469.72,Delivered,Chennai,New Jenniferhaven
SHP001094,ORD000186,WH011,CUST00051,VEH0013,DHL,2026-06-27,2026-07-06,,1434.3,3009.4,3286.09,In Transit,Newark,Deleonshire
SHP000076,ORD000620,WH013,CUST00177,VEH0047,Delhivery,2026-03-12,2026-03-23,,2758.0,2823.4,511.34,In Transit,Chennai,Micheleton
SHP000995,ORD001152,WH010,CUST00121,VEH0022,XPO Logistics,2026-08-03,2026-08-08,2026-08-08,2081.3,4581.9,3808.69,Delivered,Newark,Lake Brentmouth
SHP000581,ORD000923,WH015,CUST00600,VEH0009,BlueDart,2026-05-18,2026-05-19,2026-05-19,525.3,2417.5,2040.56,Delayed,Atlanta,Port Monicamouth
SHP001046,ORD000480,WH008,CUST00463,VEH0027,In-house Fleet,2026-03-19,2026-03-24,2026-03-24,2367.1,932.5,2894.38,Delayed,Singapore,West Dwayne
SHP000078,ORD000275,WH015,CUST00355,VEH0028,BlueDart,2026-08-08,2026-08-13,2026-08-13,1559.5,3126.9,117.41,Delayed,Atlanta,Gregorybury
SHP000548,ORD000984,WH012,CUST00233,VEH0022,Delhivery,2026-04-30,2026-05-12,2026-05-12,1029.7,4385.6,418.87,Delivered,Hamburg,Desireeland
SHP000182,ORD000668,WH007,CUST00481,VEH0001,FedEx,2026-05-27,2026-06-08,2026-06-08,1171.6,3297.4,1304.74,Delivered,Delhi,South Melinda
SHP000749,ORD000386,WH009,CUST00001,VEH0001,Delhivery,2026-04-24,2026-05-06,2026-05-06,2297.4,109.3,928.15,Delivered,Atlanta,Patrickfurt
SHP000827,ORD000261,WH002,CUST00260,VEH0053,Delhivery,2026-04-26,2026-05-03,2026-05-03,-39.5,4874.2,1801.57,Cancelled,Singapore,Kingchester
SHP000126,ORD000713,WH003,CUST00237,VEH0022,FedEx,2026-03-23,2026-03-31,2026-03-31,877.8,550.7,3373.35,Out for Delivery,Columbus,Smithchester
SHP001253,ORD000966,WH005,CUST00348,VEH0010,FedEx,2026-05-21,2026-05-29,2026-05-29,627.8,3762.7,722.21,In Transit,Rotterdam,Chadshire
SHP000758,ORD001130,WH011,CUST00484,VEH0028,FedEx,2026-08-13,2026-08-23,2026-08-23,392.3,4958.8,2405.25,Delivered,Newark,West Darryl
SHP001067,ORD000593,WH008,CUST00360,VEH0027,BlueDart,2026-02-21,2026-02-26,2026-02-26,2322.0,4387.9,3998.2,Delivered,Singapore,Martinhaven
SHP000577,ORD000952,WH009,CUST00251,VEH0014,FedEx,2026-07-19,2026-07-28,2026-07-28,102.8,2393.8,1671.31,Delayed,Atlanta,East Andrewchester
SHP000622,ORD000334,WH006,CUST00295,VEH0016,XPO Logistics,2026-06-03,2026-06-13,2026-06-13,196.1,2760.6,2694.13,Delivered,Atlanta,Markmouth
SHP000768,ORD000208,wh001,CUST00385,VEH0024,XPO Logistics,2026-04-10,2026-04-16,2026-04-16,1790.9,1407.2,482.0,Delivered,Chennai,Sherryside
SHP001230,ORD000414,WH001,CUST00390,VEH0006,Delhivery,2026-03-11,2026-03-23,,2769.2,3343.1,3844.72,In Transit,Chennai,Lake Erinberg
SHP001166,ORD000171,wh007,CUST00164,VEH0022,DHL,2026-06-11,2026-06-12,2026-06-12,2864.5,4527.9,117.56,In Transit,Delhi,Allisonfort
SHP001031,ORD000449,WH002,CUST00329,VEH0029,FedEx,2026-05-03,2026-05-14,2026-05-14,760.2,3264.5,2738.65,Out for Delivery,Singapore,Moralesberg
SHP001372,ORD000123,WH005,CUST00372,VEH0015,In-house Fleet,2026-04-02,2026-04-10,2026-04-10,888.8,3331.3,570.03,Cancelled,Rotterdam,Sharonborough
SHP000803,ORD000504,WH015,CUST00496,VEH0013,BlueDart,2026-02-17,2026-02-28,2026-02-28,2544.3,2870.5,1253.5,Delivered,Atlanta,Port Rhonda
SHP000845,ORD000614,WH002,CUST00472,VEH0021,DHL,2026-08-04,2026-08-06,2026-08-06,842.3,4755.3,1173.22,Delivered,Singapore,West Troy
SHP001281,ORD000835,WH004,CUST00524,VEH0046,In-house Fleet,2026-02-28,2026-03-08,,2007.6,3503.8,857.73,In Transit,Columbus,Andrewport
SHP001491,ORD000071,WH013,CUST00400,VEH0025,DHL,2026-03-25,2026-04-03,2026-04-03,2256.8,4052.6,2967.05,Delayed,Chennai,Annshire
SHP001303,ORD001137,WH006,CUST00072,VEH0051,XPO Logistics,2026-07-22,2026-07-28,2026-07-28,2998.4,2441.2,2102.77,Delivered,Atlanta,East Amandachester
SHP000260,ORD000170,wh015,CUST00517,VEH0029,BlueDart,2026-05-08,2026-05-18,2026-05-18,1202.0,4118.6,3311.34,Delivered,Atlanta,New Timothy
SHP000283,ORD000990,WH006,CUST00431,VEH0057,BlueDart,2026-08-01,2026-08-12,2026-08-12,453.7,4464.3,2534.69,Out for Delivery,Atlanta,Sharonshire
SHP000635,ORD000473,WH008,CUST00350,VEH0030,BlueDart,2026-05-01,2026-05-05,2026-05-05,2526.1,2091.5,2200.94,Delivered,Singapore,Port Tonya
SHP001431,ORD000005,WH013,CUST00325,VEH0056,BlueDart,2026-07-30,2026-08-01,2026-08-01,1104.7,2481.9,2262.49,Delayed,Chennai,North Matthew
SHP000475,ORD000981,WH013,CUST00370,VEH0013,FedEx,2026-06-08,2026-06-12,2026-06-12,2610.3,2457.8,2855.52,Delivered,Chennai,Medinaland
SHP000456,ORD000441,WH003,CUST00566,VEH0017,XPO Logistics,2026-04-25,2026-05-02,2026-05-02,2424.7,4564.6,914.29,In Transit,Columbus,Jonesview
SHP000321,ORD000278,WH007,CUST00146,VEH0002,BlueDart,2026-04-04,2026-04-13,2026-04-13,1911.0,4510.3,3615.5,Cancelled,Delhi,South Tara
SHP000435,ORD000880,WH014,CUST00114,VEH0038,BlueDart,2026-06-06,2026-06-18,2026-06-18,1196.8,2623.3,1800.29,Cancelled,Atlanta,South Jenniferbury
SHP001464,ORD000209,WH004,CUST00043,VEH0044,XPO Logistics,2026-04-18,2026-04-26,2026-04-26,2645.9,2018.2,545.58,Out for Delivery,Columbus,Pricetown
SHP000300,ORD000161,WH013,CUST00206,VEH0011,Delhivery,2026-07-28,2026-07-30,2026-07-30,2563.6,555.5,2824.01,Delivered,Chennai,South Craigside
SHP000437,ORD000028,WH007,CUST00355,VEH0051,BlueDart,2026-02-19,2026-02-21,,923.0,1133.8,680.08,In Transit,Delhi,Robertton
SHP001384,ORD001151,WH005,CUST00344,VEH0030,FedEx,2026-04-18,2026-04-22,2026-04-22,1232.0,2194.8,724.92,Delayed,Rotterdam,Amandaton
SHP000439,ORD000878,WH002,CUST00518,VEH0015,FedEx,2026-06-08,2026-06-12,2026-06-12,669.0,75.5,2516.14,Out for Delivery,Singapore,Patriciaport
SHP000326,ORD000370,WH003,CUST00544,VEH0003,In-house Fleet,2026-07-18,2026-07-28,2026-07-28,2523.0,1898.7,2988.77,Delivered,Columbus,North Michael
SHP000404,ORD000024,WH008,CUST00206,VEH0057,FedEx,2026-06-21,2026-07-01,2026-07-01,151.0,1262.6,1781.93,In Transit,Singapore,Port Patricia
SHP001290,ORD001178,WH015,CUST00478,VEH0035,Delhivery,2026-02-25,2026-03-04,2026-03-04,1381.7,2334.0,3925.8,Delayed,Atlanta,Lake Kathrynstad
SHP000565,ORD000037,WH008,CUST00102,VEH0054,FedEx,2026-07-25,2026-08-04,2026-08-04,2408.7,711.1,2590.26,Delivered,Singapore,New Jenniferchester
SHP000293,ORD001010,WH010,CUST00306,VEH0051,XPO Logistics,2026-07-03,2026-07-06,2026-07-06,216.6,497.5,418.62,Delivered,Newark,Ashleymouth
SHP000279,ORD000498,WH008,CUST00249,VEH0002,Delhivery,2026-06-22,2026-06-25,2026-06-25,2217.3,1850.4,2368.08,Delayed,Singapore,Peckport
SHP000656,ORD000366,WH009,CUST00541,VEH0057,Delhivery,2026-08-10,2026-08-18,2026-08-18,2892.8,2361.7,1373.23,Delivered,Atlanta,South Deniseside
SHP001321,ORD001086,WH005,CUST00178,VEH0049,Delhivery,2026-07-02,2026-07-03,2026-07-03,67.7,3207.4,1725.48,Delivered,Rotterdam,New David
SHP000733,ORD000052,WH002,CUST00291,VEH0015,FedEx,2026-08-05,2026-08-14,2026-08-14,2514.8,1479.7,1834.5,Delivered,Singapore,South Charles
SHP000554,ORD000880,WH013,CUST00178,VEH0008,DHL,2026-06-30,2026-07-09,,2438.5,240.9,1690.94,In Transit,Chennai,New Derrickmouth
SHP000095,ORD000519,WH014,CUST00255,VEH0038,XPO Logistics,2026-05-13,2026-05-25,2026-05-25,794.4,198.5,1840.71,In Transit,Atlanta,Caitlinchester
SHP001435,ORD001073,WH015,CUST00368,VEH0057,FedEx,2026-08-01,2026-08-07,2026-08-07,2806.1,783.0,3645.79,Delivered,Atlanta,West Bridgetland
SHP001256,ORD000163,WH006,CUST00006,VEH0026,DHL,2026-02-16,2026-02-22,2026-02-22,2568.5,3527.6,1457.88,Out for Delivery,Atlanta,Alyssafurt
SHP000246,ORD001061,WH011,CUST00231,VEH0052,XPO Logistics,2026-05-03,2026-05-05,2026-05-05,905.1,720.3,2126.67,Delivered,Newark,West Jaredmouth
SHP000946,ORD000987,WH008,CUST00321,VEH0046,XPO Logistics,2026-04-16,2026-04-23,2026-04-23,2848.3,785.8,3343.46,Delivered,Singapore,South Thomasstad
SHP001192,ORD000358,WH009,CUST00098,VEH0008,DHL,2026-06-13,2026-06-18,2026-06-18,1104.7,4555.8,1794.45,In Transit,Atlanta,Millershire
SHP000776,ORD001067,WH011,CUST00367,VEH0053,In-house Fleet,2026-03-04,2026-03-12,2026-03-12,734.5,3350.4,3473.69,Delayed,Newark,Angelaberg
SHP000427,ORD001193,WH001,CUST00515,VEH0037,In-house Fleet,2026-02-20,2026-03-01,2026-03-01,2200.2,386.8,3893.52,Delivered,Chennai,South Jackiechester
SHP001187,ORD000656,WH004,CUST00538,VEH0041,BlueDart,2026-07-20,2026-07-29,2026-07-29,2780.9,2743.3,3693.27,In Transit,Columbus,Dawnchester
SHP000150,ORD000124,WH013,CUST00496,VEH0044,In-house Fleet,2026-04-08,2026-04-19,2026-04-19,1139.1,4520.8,2571.77,Delayed,Chennai,Burnsview
SHP000227,ORD000260,wh004,CUST00328,VEH0026,XPO Logistics,2026-05-23,2026-05-24,2026-05-24,738.5,4975.5,953.83,In Transit,Columbus,Greenberg
SHP000866,ORD000923,WH009,CUST00032,VEH0041,FedEx,2026-06-20,2026-06-28,2026-06-28,1377.3,3846.6,1583.86,Delivered,Atlanta,New Stacy
SHP000968,ORD000696,WH007,CUST00215,VEH0015,Delhivery,2026-05-22,2026-05-31,2026-05-31,743.1,4561.4,3477.66,Cancelled,Delhi,Smithfurt
SHP001119,ORD000030,WH012,CUST00101,VEH0033,DHL,2026-06-30,2026-07-09,2026-07-09,1767.0,3896.7,1111.69,Delivered,Hamburg,Mooreborough
SHP001246,ORD001152,WH012,CUST00072,VEH0015,FedEx,2026-04-03,2026-04-06,2026-04-06,1522.9,614.5,2470.79,In Transit,Hamburg,Dickersonville
SHP000901,ORD000918,WH014,CUST00019,VEH0012,Delhivery,2026-07-12,2026-07-24,2026-07-24,2613.7,1932.5,363.79,Cancelled,Atlanta,East Ashley
SHP000700,ORD000415,WH004,CUST00481,VEH0045,Delhivery,2026-06-09,2026-06-21,,1004.5,1639.3,2036.94,In Transit,Columbus,Lake Sharon
SHP000602,ORD000582,WH003,CUST00001,VEH0029,BlueDart,2026-04-30,2026-05-10,2026-05-10,734.3,4480.0,198.85,Delivered,Columbus,West Holly
SHP001292,ORD000950,WH005,CUST00067,VEH0025,DHL,2026-03-01,2026-03-03,2026-03-03,792.3,4537.3,3485.57,Delivered,Rotterdam,Lewisstad
SHP001059,ORD001197,WH001,CUST00355,VEH0007,BlueDart,2026-03-25,2026-04-01,2026-04-01,2372.0,3268.7,1492.86,Delivered,Chennai,Juarezborough
SHP000218,ORD000364,WH006,CUST00388,VEH0004,FedEx,2026-05-18,2026-05-19,2026-05-19,891.1,3245.1,2759.06,Delivered,Atlanta,Cathyland
SHP001097,ORD000171,WH015,CUST00557,VEH0057,BlueDart,2026-08-14,2026-08-19,2026-08-19,2071.6,2099.3,3495.8,Out for Delivery,Atlanta,Youngbury
SHP000818,ORD000527,WH012,CUST00325,VEH0039,BlueDart,2026-04-30,2026-05-08,2026-05-08,684.2,2560.9,2917.35,Out for Delivery,Hamburg,Oconnortown
SHP000221,ORD000725,WH014,CUST00385,VEH0014,DHL,2026-06-01,2026-06-06,2026-06-06,400.6,2179.5,3502.94,Out for Delivery,Atlanta,Mikehaven
SHP000214,ORD000950,WH005,CUST00132,VEH0023,DHL,2026-03-20,2026-03-24,2026-03-24,2440.6,3854.4,2930.81,Delivered,Rotterdam,Mckeetown
SHP001410,ORD000323,WH004,CUST00414,VEH0019,Delhivery,2026-02-19,2026-03-03,2026-03-03,1364.8,1924.8,3224.85,Delayed,Columbus,East Clairemouth
SHP000908,ORD000912,WH003,CUST00238,VEH0034,In-house Fleet,2026-04-04,2026-04-06,2026-04-06,968.2,3820.6,3376.49,Delivered,Columbus,Adamsburgh
SHP000395,ORD000266,WH012,CUST00166,VEH0045,FedEx,2026-08-04,2026-08-06,2026-08-06,2814.6,3969.0,1396.31,In Transit,Hamburg,Lake Tammy
SHP000368,ORD000286,WH008,CUST00499,VEH0007,FedEx,2026-03-28,2026-04-03,2026-04-03,1981.8,3729.5,3026.02,Delivered,Singapore,North Amandafort
SHP000925,ORD000583,WH005,CUST00488,VEH0041,DHL,2026-03-20,2026-04-01,2026-04-01,1796.6,548.7,1662.78,In Transit,Rotterdam,Schroedertown
SHP000013,ORD000150,WH008,CUST00519,VEH0049,FedEx,2026-04-18,2026-04-29,2026-04-29,2004.8,2272.2,2487.68,Delivered,Singapore,Brightbury
SHP001400,ORD000005,WH007,CUST00315,VEH0038,XPO Logistics,2026-05-16,2026-05-17,2026-05-17,142.2,4164.5,2149.96,Delivered,Delhi,West Kristin
SHP001223,ORD000510,WH005,CUST00073,VEH0044,DHL,2026-05-07,2026-05-18,2026-05-18,625.2,3284.7,710.05,Delivered,Rotterdam,Brooksside
SHP000235,ORD000538,WH008,CUST00261,VEH0046,DHL,2026-07-10,2026-07-21,2026-07-21,2369.2,1223.5,1966.53,Delivered,Singapore,Lake Lisaview
SHP000696,ORD000987,WH005,CUST00422,VEH0015,In-house Fleet,2026-03-14,2026-03-17,2026-03-17,1716.1,4597.5,3302.86,Delivered,Rotterdam,Lake Stephen
SHP001085,ORD000383,WH012,CUST00366,VEH0007,Delhivery,2026-06-09,2026-06-20,,243.5,4875.8,718.41,In Transit,Hamburg,North Carla
SHP001426,ORD000164,WH002,CUST00080,VEH0005,FedEx,2026-05-06,2026-05-17,2026-05-17,2765.0,989.1,1620.94,Cancelled,Singapore,East Raymondstad
SHP001346,ORD000738,WH002,CUST00079,VEH0033,In-house Fleet,2026-03-04,2026-03-09,2026-03-09,92.3,4075.2,1199.38,Delayed,Singapore,Gallowayshire
SHP001322,ORD000828,WH015,CUST00017,VEH0034,BlueDart,2026-07-08,2026-07-10,2026-07-10,640.2,3845.1,1790.96,Cancelled,Atlanta,Joneschester
SHP000064,ORD001021,WH006,CUST00449,VEH0040,DHL,2026-04-09,2026-04-12,2026-04-12,1458.5,1812.4,110.25,In Transit,Atlanta,Kristystad
SHP000735,ORD000503,WH010,CUST00174,VEH0056,XPO Logistics,2026-02-26,2026-02-28,,2463.0,339.0,2334.56,In Transit,Newark,New Brianmouth
SHP001024,ORD000245,WH001,CUST00556,VEH0038,BlueDart,2026-02-28,2026-03-04,2026-03-04,1890.5,1736.9,3899.65,Delayed,Chennai,Bettyfort
SHP000965,ORD000106,WH007,CUST00524,VEH0029,Delhivery,2026-05-06,2026-05-12,2026-05-12,2782.9,974.5,1326.0,Delivered,Delhi,South Jameshaven
SHP000608,ORD000762,WH009,CUST00167,VEH0020,In-house Fleet,2026-05-18,2026-05-30,2026-05-30,518.3,2589.0,2581.74,Cancelled,Atlanta,East Meghanport
SHP000014,ORD000642,WH013,CUST00361,VEH0024,XPO Logistics,2026-08-12,2026-08-14,2026-08-14,78.6,3139.8,3924.96,Delivered,Chennai,New Jamesfurt
SHP000840,ORD000306,WH008,CUST00549,VEH0055,BlueDart,2026-03-11,2026-03-17,2026-03-17,1724.8,4850.4,1630.45,Out for Delivery,Singapore,Cruzmouth
SHP000436,ORD000595,WH005,CUST00551,VEH0047,XPO Logistics,2026-08-07,2026-08-10,2026-08-10,2231.8,515.4,1319.54,In Transit,Rotterdam,New Michaelport
SHP000018,ORD000697,WH012,CUST00146,VEH0018,DHL,2026-04-27,2026-04-30,,1782.6,4886.2,2960.18,In Transit,Hamburg,Danielburgh
SHP000765,ORD001132,WH012,CUST00239,VEH0003,Delhivery,2026-05-19,2026-05-22,2026-05-22,2314.3,2448.6,2806.39,In Transit,Hamburg,New Shannon
SHP000349,ORD000383,WH005,CUST00165,VEH0021,DHL,2026-06-26,2026-07-02,,1672.5,3666.6,2796.38,In Transit,Rotterdam,New Saraport
SHP000208,ORD000425,WH003,CUST00563,VEH0029,BlueDart,2026-04-15,2026-04-24,2026-04-24,2436.8,3611.3,921.47,Delivered,Columbus,Glennport
SHP001115,ORD001129,WH003,CUST00435,VEH0051,FedEx,2026-06-06,2026-06-09,2026-06-09,1260.6,4839.9,2781.3,In Transit,Columbus,Thompsonville
SHP001332,ORD000990,WH005,CUST00545,VEH0043,XPO Logistics,2026-03-22,2026-03-26,2026-03-26,2079.9,4563.5,2201.79,In Transit,Rotterdam,Thompsonmouth
SHP000342,ORD000387,WH007,CUST00552,VEH0042,DHL,2026-05-30,2026-06-08,2026-06-08,1860.4,4536.2,2990.07,Out for Delivery,Delhi,East Robert
SHP000345,ORD000456,WH006,CUST00576,VEH0019,In-house Fleet,2026-07-22,2026-08-01,2026-08-01,2420.4,1234.8,3973.2,In Transit,Atlanta,Sarahland
SHP001361,ORD000551,WH010,CUST00473,VEH0029,BlueDart,2026-07-28,2026-07-30,2026-07-30,591.2,663.1,2226.06,Cancelled,Newark,West Michaelchester
SHP001393,ORD000082,WH010,CUST00047,VEH0017,Delhivery,2026-02-21,2026-02-22,2026-02-22,2706.0,398.6,1860.21,Delayed,Newark,Henrystad
SHP000552,ORD000165,WH005,CUST00008,VEH0003,BlueDart,2026-05-25,2026-05-26,2026-05-26,1675.5,503.3,3462.31,Delivered,Rotterdam,West Amandaborough
SHP000599,ORD000223,WH012,CUST00194,VEH0058,FedEx,2026-04-08,2026-04-15,2026-04-15,2399.6,4883.1,411.4,In Transit,Hamburg,Stephanietown
SHP000033,ORD001058,WH004,CUST00355,VEH0049,XPO Logistics,2026-05-29,2026-06-08,2026-06-08,1475.7,4558.8,1728.17,Delivered,Columbus,Bentleyport
SHP000373,ORD001033,WH006,CUST00030,VEH0057,FedEx,2026-07-29,2026-08-08,2026-08-08,27.7,2418.1,2764.89,Delayed,Atlanta,Carolineton
SHP000658,ORD000432,WH002,CUST00272,VEH0005,DHL,2026-02-16,2026-02-23,2026-02-23,1379.8,124.5,1193.91,Delayed,Singapore,Odonnellshire
SHP000173,ORD000112,WH006,CUST00151,VEH0032,In-house Fleet,2026-03-23,2026-04-02,2026-04-02,-24.7,3729.2,2659.63,Delivered,Atlanta,South Amy
SHP001087,ORD000333,WH008,CUST00443,VEH0006,Delhivery,2026-04-23,2026-04-27,2026-04-27,1587.1,4301.3,768.13,Delivered,Singapore,Sharonhaven
SHP001403,ORD000680,WH004,CUST00176,VEH0051,BlueDart,2026-03-29,2026-04-09,2026-04-09,2955.2,4929.0,1954.66,Delivered,Columbus,Charlesland
SHP000409,ORD000059,WH011,CUST00402,VEH0049,DHL,2026-04-27,2026-05-07,2026-05-07,2022.8,4509.0,3572.13,Delivered,Newark,Wardfurt
SHP001051,ORD000674,WH013,CUST00119,VEH0021,DHL,2026-02-16,2026-02-17,2026-02-17,2754.5,1129.7,2319.9,Out for Delivery,Chennai,South Lauratown
SHP000331,ORD000528,WH004,CUST00533,VEH0010,BlueDart,2026-02-24,2026-03-01,2026-03-01,2078.6,4274.8,254.44,In Transit,Columbus,Youngport
SHP000201,ORD000358,WH011,CUST00257,VEH0053,XPO Logistics,2026-04-04,2026-04-08,2026-04-08,812.9,2153.6,2908.03,Delayed,Newark,East Laura
SHP001317,ORD000230,WH010,CUST00127,VEH0048,Delhivery,2026-06-12,2026-06-24,2026-06-24,2416.0,3797.6,198.11,Delivered,Newark,East Dwayne
SHP000861,ORD000377,WH003,CUST00185,VEH0010,Delhivery,2026-05-19,2026-05-23,2026-05-23,1786.7,3628.5,2695.38,Cancelled,Columbus,Lake Christinaborough
SHP001417,ORD000194,WH008,CUST00186,VEH0014,DHL,2026-03-04,2026-03-12,2026-03-12,1528.0,2321.7,3450.5,Out for Delivery,Singapore,North Robert
SHP001166,ORD000171,wh007,CUST00164,VEH0022,DHL,2026-06-11,2026-06-12,2026-06-12,2864.5,4527.9,117.56,In Transit,Delhi,Allisonfort
SHP001395,ORD000239,WH007,CUST00034,VEH0050,DHL,2026-02-27,2026-03-09,2026-03-09,2005.9,1250.5,1946.3,Delivered,Delhi,West Johnny
SHP001477,ORD000906,WH004,CUST00026,VEH0023,XPO Logistics,2026-03-15,2026-03-24,2026-03-24,1593.4,4312.7,3480.8,Delayed,Columbus,New Karen
SHP001362,ORD000345,WH007,CUST00557,VEH0027,FedEx,2026-06-01,2026-06-12,2026-06-12,2051.2,2776.1,2840.62,Delayed,Delhi,East Nicole
SHP000490,ORD000021,WH009,CUST00058,VEH0060,In-house Fleet,2026-05-27,2026-05-31,2026-05-31,1901.5,3223.9,2895.72,Out for Delivery,Atlanta,Andersonland
SHP001428,ORD000109,WH005,CUST00438,VEH0017,DHL,2026-05-07,2026-05-19,2026-05-19,2698.8,3289.2,1708.32,Delayed,Rotterdam,East Lauramouth
SHP000213,ORD000206,WH008,CUST00570,VEH0002,Delhivery,2026-03-09,2026-03-15,2026-03-15,2063.6,4543.7,3218.96,Cancelled,Singapore,West Phillipchester
SHP000134,ORD000032,WH001,CUST00222,VEH0004,Delhivery,2026-06-07,2026-06-08,2026-06-08,2310.9,512.0,3552.12,Out for Delivery,Chennai,Nelsonborough
SHP000061,ORD000387,WH004,CUST00336,VEH0046,XPO Logistics,2026-04-04,2026-04-08,2026-04-08,700.7,4755.2,3262.33,Delivered,Columbus,North Sarah
SHP000691,ORD000493,WH009,CUST00045,VEH0016,Delhivery,2026-06-07,2026-06-14,2026-06-14,1520.2,3688.3,1526.33,Delivered,Atlanta,South Jenna
SHP000027,ORD000359,WH007,CUST00105,VEH0028,In-house Fleet,2026-08-04,2026-08-10,2026-08-10,2404.2,222.8,1006.27,Delivered,Delhi,Katelynfort
SHP000101,ORD000016,WH006,CUST00532,VEH0040,XPO Logistics,2026-06-22,2026-07-01,2026-07-01,610.4,784.9,75.43,Out for Delivery,Atlanta,South Jennifer
SHP000975,ORD000801,WH009,CUST00223,VEH0050,In-house Fleet,2026-03-28,2026-03-29,2026-03-29,2753.0,3364.7,356.3,Delivered,Atlanta,Lake Ray
SHP000777,ORD000701,wh002,CUST00243,VEH0053,DHL,2026-03-24,2026-03-28,2026-03-28,2927.9,968.0,1161.95,Cancelled,Singapore,Adrianside
SHP000789,ORD000108,WH007,CUST00594,VEH0058,BlueDart,2026-06-04,2026-06-09,2026-06-09,1382.6,4218.2,3572.98,Delivered,Delhi,West Timothytown
SHP000521,ORD000237,WH003,CUST00069,VEH0028,BlueDart,2026-06-26,2026-07-01,2026-07-01,1644.8,3725.9,3152.7,In Transit,Columbus,Port Benjamin
SHP000364,ORD000009,WH013,CUST00125,VEH0005,Delhivery,2026-07-16,2026-07-20,,532.1,486.6,2196.76,In Transit,Chennai,North Jacob
SHP000310,ORD000723,WH015,CUST00505,VEH0058,BlueDart,2026-07-25,2026-08-03,2026-08-03,671.8,1739.1,432.49,Delayed,Atlanta,South Patriciaside
SHP000796,ORD000022,WH015,CUST00245,VEH0034,In-house Fleet,2026-03-08,2026-03-10,2026-03-10,2888.4,2922.2,281.63,Cancelled,Atlanta,Riosport
SHP000829,ORD000266,WH013,CUST00545,VEH0036,DHL,2026-08-04,2026-08-14,2026-08-14,2689.3,3958.9,1653.14,Out for Delivery,Chennai,West Robin
SHP001277,ORD000385,WH006,CUST00152,VEH0020,In-house Fleet,2026-03-30,2026-04-11,2026-04-11,2907.9,2166.3,3826.01,Delivered,Atlanta,South Kathryn
SHP000545,ORD000918,WH007,CUST00279,VEH0054,XPO Logistics,2026-08-09,2026-08-19,2026-08-19,2093.8,4334.4,2854.05,Delivered,Delhi,Guerreromouth
SHP000940,ORD000818,WH006,CUST00487,VEH0001,BlueDart,2026-06-24,2026-06-27,2026-06-27,1565.0,4210.4,816.41,Delivered,Atlanta,Gloverchester
SHP000442,ORD000527,WH015,CUST00373,VEH0058,XPO Logistics,2026-07-15,2026-07-18,2026-07-18,1673.6,380.4,3975.38,Out for Delivery,Atlanta,Millerview
SHP000648,ORD000494,WH014,CUST00239,VEH0003,FedEx,2026-07-29,2026-08-06,2026-08-06,2879.9,86.2,3143.18,Delayed,Atlanta,Amandashire
SHP001004,ORD000240,WH015,CUST00169,VEH0058,In-house Fleet,2026-06-08,2026-06-12,2026-06-12,1050.3,3155.9,2498.5,In Transit,Atlanta,Kellystad
SHP000477,ORD000230,WH001,CUST00227,VEH0046,XPO Logistics,2026-06-28,2026-07-03,2026-07-03,2856.9,357.3,823.3,Out for Delivery,Chennai,South Reginabury
SHP001047,ORD000681,WH005,CUST00161,VEH0028,Delhivery,2026-08-16,2026-08-21,2026-08-21,1761.1,4699.0,211.28,Delivered,Rotterdam,Port Brian
SHP000063,ORD001034,WH004,CUST00071,VEH0021,Delhivery,2026-07-13,2026-07-25,,2655.8,3838.3,1539.58,In Transit,Columbus,Nicholashaven
SHP001173,ORD000919,WH008,CUST00530,VEH0002,DHL,2026-06-09,2026-06-13,2026-06-13,83.7,1444.2,885.34,Cancelled,Singapore,South Nathan
SHP000484,ORD000992,WH010,CUST00248,VEH0043,DHL,2026-05-31,2026-06-09,2026-06-09,845.2,4430.7,234.71,In Transit,Newark,Kristinshire
SHP001027,ORD000843,WH012,CUST00453,VEH0047,DHL,2026-03-21,2026-03-29,,587.5,1955.2,3614.41,In Transit,Hamburg,Lake Michael
SHP001282,ORD000715,WH003,CUST00367,VEH0018,FedEx,2026-05-12,2026-05-23,,101.0,4563.0,2138.14,In Transit,Columbus,New Kyle
SHP000053,ORD000745,WH006,CUST00050,VEH0030,FedEx,2026-06-25,2026-06-27,2026-06-27,493.6,3891.6,3915.75,In Transit,Atlanta,New Andrew
SHP000243,ORD000016,WH009,CUST00044,VEH0044,Delhivery,2026-07-08,2026-07-12,2026-07-12,862.4,2993.7,1204.0,Cancelled,Atlanta,Port Elizabethchester
SHP001198,ORD000633,WH004,CUST00387,VEH0023,BlueDart,2026-08-01,2026-08-04,,695.4,3350.1,876.34,In Transit,Columbus,New Emily
SHP000036,ORD000160,WH009,CUST00195,VEH0029,BlueDart,2026-05-28,2026-06-09,2026-06-09,2585.1,2734.9,2598.1,Cancelled,Atlanta,Loribury
SHP001203,ORD000816,WH012,CUST00048,VEH0026,BlueDart,2026-07-27,2026-08-05,2026-08-05,821.0,4180.6,3117.83,Delivered,Hamburg,Hollyport
SHP000739,ORD000492,WH003,CUST00331,VEH0009,DHL,2026-03-07,2026-03-16,2026-03-16,2893.6,1260.1,2878.1,Delivered,Columbus,Watkinsview
SHP000121,ORD000176,WH015,CUST00391,VEH0003,In-house Fleet,2026-07-07,2026-07-12,2026-07-12,847.2,3339.5,110.43,Delivered,Atlanta,North Michaelmouth
SHP001459,ORD000998,WH008,CUST00293,VEH0016,In-house Fleet,2026-07-17,2026-07-22,2026-07-22,910.3,4209.8,2310.8,Out for Delivery,Singapore,Sheliamouth
SHP001300,ORD000685,WH015,CUST00176,VEH0058,FedEx,2026-04-16,2026-04-20,2026-04-20,970.1,3299.4,144.96,Delivered,Atlanta,Rosshaven
SHP001020,ORD000325,WH003,CUST00490,VEH0058,DHL,2026-05-24,2026-05-26,2026-05-26,-33.9,1253.4,964.97,Delivered,Columbus,East Jenniferfurt
SHP000045,ORD000993,WH004,CUST00284,VEH0004,FedEx,2026-04-18,2026-04-30,2026-04-30,1904.0,249.9,3128.01,Out for Delivery,Columbus,East Jessica
SHP001325,ORD000861,WH013,CUST00224,VEH0036,BlueDart,2026-02-22,2026-03-02,2026-03-02,1639.2,2032.8,318.66,Cancelled,Chennai,New Catherinefurt
SHP000837,ORD000131,WH004,CUST00159,VEH0008,XPO Logistics,2026-04-20,2026-04-28,2026-04-28,2384.1,2918.5,1567.85,Out for Delivery,Columbus,North Taylor
SHP000077,ORD001150,WH006,CUST00018,VEH0044,FedEx,2026-06-05,2026-06-06,2026-06-06,1736.5,1948.0,639.53,Delivered,Atlanta,Robertland
SHP000369,ORD000199,WH005,CUST00023,VEH0044,XPO Logistics,2026-08-09,2026-08-10,2026-08-10,2987.6,4038.5,823.58,Delivered,Rotterdam,Johnview
SHP000907,ORD000748,WH005,CUST00122,VEH0016,XPO Logistics,2026-06-20,2026-07-01,2026-07-01,1552.3,3586.0,428.6,Out for Delivery,Rotterdam,Hillshire
SHP001237,ORD000720,WH011,CUST00355,VEH0053,Delhivery,2026-07-25,2026-08-04,2026-08-04,1045.7,2399.1,1955.16,Delivered,Newark,Martinburgh
SHP000268,ORD000413,WH012,CUST00443,VEH0016,Delhivery,2026-03-24,2026-03-25,2026-03-25,2360.2,1081.8,1791.65,Out for Delivery,Hamburg,Isabellaside
SHP001336,ORD000528,WH006,CUST00536,VEH0020,BlueDart,2026-04-16,2026-04-17,2026-04-17,2310.9,565.8,917.8,Out for Delivery,Atlanta,Cooleychester
SHP000729,ORD000427,WH010,CUST00500,VEH0026,FedEx,2026-03-18,2026-03-25,2026-03-25,1288.5,1159.2,1428.19,Delayed,Newark,South Glenn
SHP000445,ORD000744,WH006,CUST00559,VEH0027,BlueDart,2026-08-06,2026-08-17,2026-08-17,550.2,4620.6,377.24,In Transit,Atlanta,Brownburgh
SHP000504,ORD001116,WH012,CUST00440,VEH0004,FedEx,2026-04-27,2026-05-09,2026-05-09,1104.4,1429.7,1629.75,Delivered,Hamburg,East Cassandra
SHP001058,ORD001131,WH008,CUST00406,VEH0057,Delhivery,2026-08-11,2026-08-12,2026-08-12,109.5,3923.2,780.78,Delivered,Singapore,Andreafort
SHP001034,ORD001158,WH008,CUST00489,VEH0045,In-house Fleet,2026-04-05,2026-04-17,2026-04-17,2094.6,3949.6,1550.49,Delivered,Singapore,Stephensberg
SHP001185,ORD000768,WH007,CUST00508,VEH0012,BlueDart,2026-03-03,2026-03-10,,485.9,873.3,2692.23,In Transit,Delhi,Vanessatown
SHP000286,ORD000944,WH007,CUST00553,VEH0058,DHL,2026-04-05,2026-04-16,2026-04-16,1444.8,4960.8,3061.53,Delayed,Delhi,North Tiffany
SHP000296,ORD000050,WH012,CUST00367,VEH0006,BlueDart,2026-04-30,2026-05-01,2026-05-01,2154.3,2461.5,3684.87,In Transit,Hamburg,Michelleview
SHP000626,ORD000836,WH006,CUST00045,VEH0017,XPO Logistics,2026-07-11,2026-07-17,2026-07-17,692.3,1472.5,687.1,Delivered,Atlanta,North Brandon
SHP000278,ORD000308,WH006,CUST00428,VEH0004,In-house Fleet,2026-02-21,2026-03-03,2026-03-03,775.5,2508.6,2638.27,Delayed,Atlanta,South Kyleport
SHP000092,ORD001034,WH013,CUST00294,VEH0015,In-house Fleet,2026-05-06,2026-05-12,2026-05-12,912.7,706.5,1199.64,Out for Delivery,Chennai,South Amyport
SHP000485,ORD000144,WH006,CUST00541,VEH0043,In-house Fleet,2026-03-10,2026-03-13,2026-03-13,2678.2,1804.2,3286.24,Delivered,Atlanta,South Brittanychester
SHP000183,ORD000919,WH007,CUST00043,VEH0037,DHL,2026-07-05,2026-07-09,2026-07-09,1800.3,3665.8,3140.82,Out for Delivery,Delhi,Johnview
SHP000971,ORD000123,WH001,CUST00100,VEH0021,FedEx,2026-07-11,2026-07-20,2026-07-20,2694.7,2631.2,240.23,Delivered,Chennai,East Megantown
SHP001481,ORD000866,WH011,CUST00153,VEH0006,Delhivery,2026-03-15,2026-03-27,2026-03-27,2243.3,3941.7,3259.35,Delivered,Newark,Davenportchester
SHP000685,ORD000665,WH012,CUST00207,VEH0014,In-house Fleet,2026-05-28,2026-05-31,2026-05-31,2835.6,1086.3,3406.95,Delivered,Hamburg,New Donaldberg
SHP001493,ORD000773,WH006,CUST00036,VEH0030,XPO Logistics,2026-03-02,2026-03-08,2026-03-08,297.5,3604.5,1801.78,Delivered,Atlanta,Velasquezville
SHP000037,ORD000621,WH006,CUST00518,VEH0058,BlueDart,2026-06-11,2026-06-16,2026-06-16,1554.7,89.2,3237.08,Delivered,Atlanta,Donnaside
SHP001181,ORD000619,wh001,CUST00313,VEH0038,Delhivery,2026-05-12,2026-05-13,2026-05-13,2363.7,3275.6,292.84,Out for Delivery,Chennai,Billyfurt
SHP000003,ORD000510,wh014,CUST00246,VEH0004,DHL,2026-05-07,2026-05-14,2026-05-14,2151.4,2237.4,3498.22,Delivered,Atlanta,Johnsonhaven
SHP000755,ORD000931,WH008,CUST00088,VEH0055,DHL,2026-03-20,2026-03-21,2026-03-21,2128.3,1714.0,2824.04,In Transit,Singapore,Robinsonburgh
SHP000509,ORD000535,WH001,CUST00594,VEH0008,XPO Logistics,2026-03-30,2026-04-10,,744.1,4732.7,2232.67,In Transit,Chennai,Lake Terrencefurt
SHP000498,ORD001039,WH006,CUST00479,VEH0053,XPO Logistics,2026-07-03,2026-07-09,2026-07-09,28.3,2742.2,937.41,Delivered,Atlanta,North Christinaton
SHP000309,ORD000008,WH005,CUST00577,VEH0047,DHL,2026-07-05,2026-07-15,2026-07-15,2676.2,468.8,115.24,Delivered,Rotterdam,Stewartbury
SHP001314,ORD000488,WH008,CUST00509,VEH0030,DHL,2026-06-21,2026-07-02,2026-07-02,2961.1,4026.6,3792.51,Delivered,Singapore,Rodriguezburgh
SHP001439,ORD000964,WH011,CUST00307,VEH0023,Delhivery,2026-05-09,2026-05-15,2026-05-15,1184.6,4760.7,1322.03,Out for Delivery,Newark,Markchester
SHP001446,ORD000421,WH002,CUST00136,VEH0002,BlueDart,2026-07-21,2026-07-31,2026-07-31,2130.1,177.0,1166.25,Cancelled,Singapore,Port Joe
SHP000142,ORD001141,WH010,CUST00096,VEH0005,XPO Logistics,2026-07-23,2026-07-24,2026-07-24,2033.9,4478.7,1508.42,In Transit,Newark,New Raymondfurt
SHP001248,ORD000099,WH010,CUST00599,VEH0047,XPO Logistics,2026-03-19,2026-03-29,2026-03-29,2699.0,2161.7,875.59,In Transit,Newark,Kathymouth
SHP000865,ORD000856,WH014,CUST00019,VEH0031,Delhivery,2026-04-06,2026-04-14,,163.4,4963.0,2506.71,In Transit,Atlanta,Millerberg
SHP000184,ORD001067,WH014,CUST00062,VEH0029,BlueDart,2026-05-15,2026-05-24,2026-05-24,1195.4,790.6,1126.65,In Transit,Atlanta,West Erinchester
SHP001472,ORD000001,WH002,CUST00182,VEH0013,BlueDart,2026-07-23,2026-08-01,2026-08-01,2805.9,4467.4,878.58,Delayed,Singapore,East Jesse
SHP001011,ORD000944,WH008,CUST00151,VEH0057,In-house Fleet,2026-05-09,2026-05-15,2026-05-15,417.5,1139.7,3395.47,Delivered,Singapore,Lake Tashamouth
SHP000913,ORD000168,WH004,CUST00495,VEH0028,In-house Fleet,2026-05-04,2026-05-12,2026-05-12,1417.4,3119.4,2702.18,Out for Delivery,Columbus,Edwardsmouth
SHP000849,ORD001071,WH012,CUST00097,VEH0028,XPO Logistics,2026-07-10,2026-07-15,2026-07-15,2594.8,1393.9,3423.38,Delivered,Hamburg,Garciafurt
SHP000512,ORD000187,WH003,CUST00290,VEH0055,FedEx,2026-08-13,2026-08-14,2026-08-14,761.1,3660.8,2155.16,Cancelled,Columbus,Ibarratown
SHP000732,ORD000273,WH001,CUST00262,VEH0019,BlueDart,2026-06-12,2026-06-15,2026-06-15,2226.1,660.7,2644.19,Delivered,Chennai,Melissaport
SHP000997,ORD000245,WH014,CUST00092,VEH0014,XPO Logistics,2026-03-27,2026-04-02,2026-04-02,1239.0,3736.6,2735.17,Delayed,Atlanta,Port Jamesbury
SHP000888,ORD000040,WH008,CUST00254,VEH0040,DHL,2026-03-29,2026-04-07,2026-04-07,776.1,3890.4,3153.16,Delivered,Singapore,Collinsfurt
SHP000118,ORD001063,WH003,CUST00073,VEH0021,XPO Logistics,2026-04-23,2026-05-03,2026-05-03,372.0,1052.9,1027.25,In Transit,Columbus,Fisherland
SHP001026,ORD000407,WH003,CUST00265,VEH0041,BlueDart,2026-06-29,2026-06-30,2026-06-30,2934.7,2141.1,2980.41,In Transit,Columbus,South Christopherchester
SHP000114,ORD000300,wh015,CUST00432,VEH0029,Delhivery,2026-06-21,2026-07-03,2026-07-03,334.0,1677.7,327.38,In Transit,Atlanta,Lake Toddchester
SHP000546,ORD000801,wh004,CUST00542,VEH0009,DHL,2026-02-16,2026-02-21,2026-02-21,1038.8,4441.3,2086.84,Delivered,Columbus,Parkermouth
SHP000166,ORD000407,WH012,CUST00548,VEH0057,XPO Logistics,2026-04-07,2026-04-15,2026-04-15,2669.0,1927.1,3589.1,Out for Delivery,Hamburg,Jordanbury
SHP000185,ORD000297,WH003,CUST00494,VEH0029,Delhivery,2026-05-09,2026-05-17,2026-05-17,2002.9,558.2,1803.37,Delayed,Columbus,Port Amandafurt
SHP001397,ORD000085,WH004,CUST00557,VEH0003,DHL,2026-05-28,2026-06-06,2026-06-06,2159.8,4669.2,1837.56,Delivered,Columbus,Port Claire
SHP000275,ORD000914,WH003,CUST00534,VEH0058,XPO Logistics,2026-02-17,2026-02-20,2026-02-20,1512.6,3478.1,2948.07,Out for Delivery,Columbus,Bennettbury
SHP001002,ORD001014,WH013,CUST00571,VEH0034,BlueDart,2026-02-20,2026-02-28,2026-02-28,536.8,2811.9,1337.13,Cancelled,Chennai,Austinborough
SHP000705,ORD000128,WH004,CUST00516,VEH0038,DHL,2026-03-30,2026-04-05,2026-04-05,1553.7,4641.2,2559.85,Out for Delivery,Columbus,East Bonnieton
SHP001025,ORD001150,WH006,CUST00067,VEH0056,DHL,2026-03-01,2026-03-12,2026-03-12,1934.2,3010.5,3859.34,Cancelled,Atlanta,Emmastad
SHP000384,ORD000889,WH008,CUST00243,VEH0058,XPO Logistics,2026-06-03,2026-06-11,2026-06-11,226.5,4329.3,1098.33,Delivered,Singapore,West Codyton
SHP001430,ORD000364,WH015,CUST00420,VEH0041,In-house Fleet,2026-05-11,2026-05-21,2026-05-21,1501.0,4612.9,1071.28,Out for Delivery,Atlanta,Jasonview
SHP000562,ORD000364,WH008,CUST00089,VEH0018,In-house Fleet,2026-02-21,2026-02-28,2026-02-28,254.0,2928.6,2288.75,Delivered,Singapore,Lake Philipbury
SHP000863,ORD000770,WH004,CUST00596,VEH0059,DHL,2026-08-07,2026-08-14,2026-08-14,1857.3,1782.1,3043.71,Delivered,Columbus,Lake Steven
SHP001045,ORD000946,wh001,CUST00288,VEH0011,XPO Logistics,2026-06-06,2026-06-09,2026-06-09,254.1,4765.2,2924.72,Cancelled,Chennai,New Stacyhaven
SHP000177,ORD000857,WH015,CUST00421,VEH0047,FedEx,2026-05-16,2026-05-19,2026-05-19,2656.0,81.6,3019.66,In Transit,Atlanta,New Loriview
SHP001360,ORD001196,WH001,CUST00041,VEH0012,XPO Logistics,2026-07-20,2026-07-29,2026-07-29,332.0,268.9,2581.52,Out for Delivery,Chennai,Port Julia
SHP000380,ORD000326,WH014,CUST00135,VEH0019,In-house Fleet,2026-08-02,2026-08-07,,2384.5,356.3,1874.04,In Transit,Atlanta,South Tammystad
SHP001196,ORD000899,WH003,CUST00552,VEH0039,BlueDart,2026-03-14,2026-03-20,2026-03-20,1524.6,2239.7,1715.68,Delivered,Columbus,Gloriahaven
SHP001017,ORD000999,WH006,CUST00055,VEH0010,Delhivery,2026-06-17,2026-06-23,2026-06-23,1278.1,1852.6,2543.49,Delayed,Atlanta,Robertland
SHP000520,ORD001147,WH013,CUST00113,VEH0004,XPO Logistics,2026-08-08,2026-08-12,2026-08-12,489.3,83.8,2531.24,Out for Delivery,Chennai,South Josephfurt
SHP000831,ORD000468,WH010,CUST00111,VEH0045,Delhivery,2026-05-10,2026-05-15,,1632.1,1255.9,3892.09,In Transit,Newark,Smithport
SHP000508,ORD000150,WH014,CUST00405,VEH0029,DHL,2026-06-19,2026-06-23,2026-06-23,869.2,2475.7,3503.05,In Transit,Atlanta,New Wanda
SHP001177,ORD000874,WH007,CUST00043,VEH0004,BlueDart,2026-07-02,2026-07-09,2026-07-09,2921.4,3191.7,2381.71,Out for Delivery,Delhi,East Alyssaberg
SHP000414,ORD000037,WH010,CUST00347,VEH0020,XPO Logistics,2026-04-28,2026-05-04,2026-05-04,984.4,2670.7,3796.27,Delivered,Newark,East Jaredmouth
SHP000623,ORD000578,WH008,CUST00093,VEH0026,XPO Logistics,2026-03-14,2026-03-19,2026-03-19,476.4,2622.5,2323.94,Delivered,Singapore,Christopherberg
SHP000873,ORD000530,WH002,CUST00225,VEH0004,Delhivery,2026-07-04,2026-07-06,2026-07-06,1338.7,1065.2,1158.3,In Transit,Singapore,Grahamhaven
SHP000859,ORD000957,WH005,CUST00114,VEH0038,FedEx,2026-08-12,2026-08-21,2026-08-21,158.8,2055.1,1912.69,In Transit,Rotterdam,West Gregory
SHP000642,ORD000133,wh004,CUST00219,VEH0012,BlueDart,2026-06-30,2026-07-04,2026-07-04,808.5,1251.3,3369.34,Delivered,Columbus,Port Jennifer
SHP001341,ORD000538,WH009,CUST00392,VEH0014,Delhivery,2026-07-29,2026-08-07,2026-08-07,1692.3,1416.9,3723.04,Delayed,Atlanta,West Adam
SHP000259,ORD000855,WH006,CUST00002,VEH0041,In-house Fleet,2026-05-10,2026-05-15,2026-05-15,2529.5,1913.4,3391.32,Delivered,Atlanta,West Nicoleborough
SHP000835,ORD000160,WH013,CUST00479,VEH0010,DHL,2026-04-24,2026-04-30,2026-04-30,178.6,4951.3,2001.29,In Transit,Chennai,Melissaport
SHP000663,ORD000326,WH010,CUST00146,VEH0048,DHL,2026-08-05,2026-08-11,2026-08-11,2690.3,4306.0,1020.4,Out for Delivery,Newark,East Nancymouth
SHP000338,ORD000894,WH011,CUST00002,VEH0057,In-house Fleet,2026-04-15,2026-04-27,2026-04-27,988.0,808.5,3851.44,Delivered,Newark,Nelsonport
SHP000399,ORD000437,WH001,CUST00278,VEH0027,FedEx,2026-02-28,2026-03-01,2026-03-01,294.8,4809.8,1032.97,Delivered,Chennai,New Staceychester
SHP001448,ORD000992,WH002,CUST00235,VEH0016,DHL,2026-03-09,2026-03-21,2026-03-21,1060.5,4128.2,3590.39,Out for Delivery,Singapore,North Patrick
SHP000606,ORD000889,WH005,CUST00312,VEH0017,FedEx,2026-08-09,2026-08-16,2026-08-16,2924.6,1017.1,3316.26,Delivered,Rotterdam,Elizabethberg
SHP000481,ORD000144,WH008,CUST00327,VEH0009,BlueDart,2026-03-27,2026-04-06,2026-04-06,2893.3,1965.7,3643.87,Delivered,Singapore,Harmonton
SHP001447,ORD000344,WH012,CUST00020,VEH0022,BlueDart,2026-06-12,2026-06-18,2026-06-18,2268.3,520.8,1865.19,Delivered,Hamburg,East Davidbury
SHP001144,ORD000590,WH007,CUST00175,VEH0016,FedEx,2026-04-24,2026-04-27,2026-04-27,344.0,682.6,33.39,Out for Delivery,Delhi,Lake Sean
SHP000918,ORD000410,WH003,CUST00130,VEH0057,FedEx,2026-06-17,2026-06-18,2026-06-18,2946.8,4417.3,1743.34,Delivered,Columbus,Port Jamesberg
SHP001018,ORD000415,WH004,CUST00251,VEH0005,FedEx,2026-07-12,2026-07-13,2026-07-13,1784.5,4951.5,54.42,In Transit,Columbus,New Jason
SHP000876,ORD000034,WH002,CUST00459,VEH0060,XPO Logistics,2026-03-07,2026-03-12,2026-03-12,1560.7,1455.6,1295.29,Out for Delivery,Singapore,East Amandaview
SHP000660,ORD000117,WH007,CUST00514,VEH0020,FedEx,2026-04-11,2026-04-17,2026-04-17,740.3,3686.0,3926.09,Delivered,Delhi,Lake Jill
SHP001022,ORD000342,WH007,CUST00409,VEH0049,Delhivery,2026-07-08,2026-07-20,,2132.2,2792.7,86.34,In Transit,Delhi,Valenciaborough
SHP000790,ORD000653,WH015,CUST00221,VEH0049,DHL,2026-04-13,2026-04-18,2026-04-18,1623.4,218.6,1226.4,Out for Delivery,Atlanta,Jennifertown
SHP000257,ORD000695,WH008,CUST00537,VEH0011,BlueDart,2026-04-14,2026-04-20,,1573.8,2632.1,3056.13,In Transit,Singapore,Davidbury
SHP000969,ORD000413,WH009,CUST00401,VEH0050,BlueDart,2026-03-15,2026-03-25,2026-03-25,1508.2,721.5,1732.83,Cancelled,Atlanta,Morrowview
SHP000953,ORD001093,WH001,CUST00148,VEH0031,BlueDart,2026-02-16,2026-02-19,2026-02-19,590.9,2234.5,3653.65,Delayed,Chennai,Mariahbury
SHP001274,ORD000614,WH005,CUST00095,VEH0022,FedEx,2026-05-15,2026-05-16,2026-05-16,2588.6,1248.6,561.62,Delivered,Rotterdam,Port Richardview
